Request_ID,Department,Request_Type,Priority,Channel,First_Response_Time,Number_of_Interactions,Escalated,Resolution_Time,Satisfaction_Score,Status
ADM00001,Finance,Password Reset,Medium,Portal,5.68,4,0,16.54,3,Resolved
ADM00002,Academic Affairs,Payment Issue,Low,Email,7.57,4,0,45.87,3,Resolved
ADM00003,Library,Transcript Request,Medium,Portal,3.29,5,1,30.52,4,Escalated
ADM00004,IT,Application Issue,Medium,Email,4.89,2,0,27.98,3,Resolved
ADM00005,Registrar,Exam or Assessment Issue,Low,Phone,15.47,8,0,49.43,1,Resolved
ADM00006,Registrar,Exam or Assessment Issue,Low,Email,12.34,2,1,43.35,4,Resolved
ADM00007,Registrar,Fee Statement,Low,Phone,15.94,6,0,47.44,3,Resolved
ADM00008,Student Affairs,Accommodation Request,High,Phone,3.67,2,0,27.12,4,Resolved
ADM00009,IT,Portal Access,Medium,Phone,7.99,2,0,13.53,3,Resolved
ADM00010,IT,Course Registration,Medium,Phone,5.21,2,0,19.71,4,Resolved
ADM00011,Registrar,Fee Statement,Medium,Email,7.74,2,0,31.4,3,Resolved
ADM00012,Academic Affairs,Graduation Clearance,Medium,Email,3.13,10,0,45.29,2,Resolved
ADM00013,Student Affairs,Payment Issue,Medium,Portal,6.1,6,0,42.58,3,Resolved
ADM00014,Registrar,Accommodation Request,Medium,Helpdesk,2.58,5,0,38.63,3,Resolved
ADM00015,Registrar,Exam or Assessment Issue,Medium,Portal,3.95,4,0,32.92,3,Resolved
ADM00016,Registrar,Portal Access,High,Phone,3.12,4,0,8.9,3,Resolved
ADM00017,Finance,Payment Issue,Medium,Helpdesk,7.92,5,1,55.8,2,Resolved
ADM00018,Admissions,Course Registration,Medium,Helpdesk,2.76,6,0,25.82,2,Resolved
ADM00019,Admissions,Library Issue,Medium,Portal,3.66,3,0,17.16,4,Resolved
ADM00020,Finance,Exam or Assessment Issue,Low,Portal,23.84,3,0,52.23,1,Resolved
ADM00021,IT,Transcript Request,High,Helpdesk,2.02,3,0,22.61,4,Resolved
ADM00022,Registrar,Exam or Assessment Issue,High,Walk-in,1.78,5,0,29.23,3,Pending
ADM00023,Finance,Exam or Assessment Issue,Medium,Phone,2.68,4,0,25.79,3,Resolved
ADM00024,Finance,Library Issue,Medium,Phone,7.56,4,0,25.28,4,Resolved
ADM00025,Admissions,Portal Access,High,Phone,2.79,3,0,10.92,3,Pending
ADM00026,Library,Library Issue,Medium,Portal,3.26,4,0,18.26,5,Resolved
ADM00027,Registrar,Portal Access,Medium,Walk-in,7.06,3,0,15.04,4,Resolved
ADM00028,Admissions,Application Issue,Medium,Phone,6.21,3,1,39.86,2,Escalated
ADM00029,IT,Application Issue,High,Email,3.04,3,0,30.42,4,Resolved
ADM00030,Registrar,Student ID Issue,High,Email,4.98,4,1,26.51,3,Escalated
ADM00031,IT,Student ID Issue,Medium,Helpdesk,2.23,4,0,16.34,4,Resolved
ADM00032,Registrar,Exam or Assessment Issue,Medium,Phone,9.32,8,1,48.72,2,Escalated
ADM00033,Registrar,Library Issue,Medium,Portal,8.74,5,0,20.0,5,Resolved
ADM00034,Academic Affairs,Password Reset,High,Email,2.37,1,0,3.69,5,Resolved
ADM00035,Academic Affairs,Library Issue,Low,Phone,21.62,7,0,33.08,2,Resolved
ADM00036,Library,Graduation Clearance,High,Email,3.42,7,0,42.34,3,Resolved
ADM00037,Finance,Library Issue,Medium,Portal,9.11,2,0,16.77,3,Resolved
ADM00038,Registrar,Password Reset,High,Phone,3.18,5,0,11.63,4,Resolved
ADM00039,IT,Transcript Request,Medium,Portal,3.73,6,0,26.44,2,Resolved
ADM00040,Admissions,Exam or Assessment Issue,Medium,Helpdesk,6.61,7,0,37.17,3,Pending
ADM00041,Registrar,Accommodation Request,High,Email,1.31,2,0,23.99,5,Resolved
ADM00042,Admissions,Password Reset,High,Email,1.13,2,0,7.56,5,Resolved
ADM00043,Registrar,Graduation Clearance,Medium,Email,7.23,4,0,43.16,4,Resolved
ADM00044,Student Affairs,Exam or Assessment Issue,Medium,Email,9.58,6,0,42.26,3,Resolved
ADM00045,Finance,Portal Access,Medium,Email,6.71,4,0,15.85,3,Resolved
ADM00046,IT,Accommodation Request,Low,Phone,19.92,8,0,55.45,2,Pending
ADM00047,Finance,Course Registration,High,Portal,1.26,5,0,16.88,4,Resolved
ADM00048,Admissions,Exam or Assessment Issue,Medium,Helpdesk,7.23,4,0,34.48,2,Resolved
ADM00049,Admissions,Transcript Request,High,Email,3.8,6,0,26.79,3,Resolved
ADM00050,Registrar,Course Registration,Medium,Phone,2.33,4,1,31.07,2,Resolved
ADM00051,Academic Affairs,Student ID Issue,Critical,Helpdesk,0.37,7,0,14.31,5,Resolved
ADM00052,Library,Graduation Clearance,Low,Email,19.63,4,0,53.53,2,Pending
ADM00053,Academic Affairs,Fee Statement,Low,Portal,12.8,2,0,32.89,2,Resolved
ADM00054,Student Affairs,Exam or Assessment Issue,Low,Phone,12.11,3,0,40.5,2,Resolved
ADM00055,IT,Application Issue,High,Phone,4.64,2,0,32.0,4,Resolved
ADM00056,Academic Affairs,Course Registration,Medium,Portal,9.94,2,1,37.16,4,Resolved
ADM00057,Registrar,Payment Issue,Low,Portal,19.29,3,1,63.51,2,Resolved
ADM00058,Registrar,Library Issue,High,Phone,4.07,3,0,15.48,3,Resolved
ADM00059,Registrar,Portal Access,High,Phone,1.44,2,0,9.57,4,Resolved
ADM00060,Finance,Course Registration,High,Email,1.37,3,1,22.58,4,Escalated
ADM00061,Finance,Graduation Clearance,Medium,Helpdesk,9.85,4,0,42.42,4,Resolved
ADM00062,Finance,Course Registration,Medium,Portal,7.56,3,0,25.11,2,Pending
ADM00063,Student Affairs,Fee Statement,High,Portal,3.59,1,0,19.81,5,Resolved
ADM00064,Finance,Student ID Issue,Medium,Walk-in,4.29,6,0,19.07,3,Resolved
ADM00065,Finance,Library Issue,Low,Phone,21.73,3,1,46.14,3,Escalated
ADM00066,Admissions,Exam or Assessment Issue,Medium,Email,2.36,7,0,36.81,2,Resolved
ADM00067,Registrar,Exam or Assessment Issue,Critical,Portal,0.69,6,0,28.04,4,Pending
ADM00068,Library,Library Issue,Low,Walk-in,7.6,5,0,19.51,5,Resolved
ADM00069,Registrar,Fee Statement,High,Phone,3.7,1,0,21.65,3,Resolved
ADM00070,Academic Affairs,Password Reset,Medium,Helpdesk,7.72,7,0,22.99,3,Resolved
ADM00071,Library,Graduation Clearance,High,Email,2.91,5,0,36.88,2,Resolved
ADM00072,Registrar,Fee Statement,High,Email,0.52,7,1,39.06,2,Resolved
ADM00073,Registrar,Payment Issue,Medium,Portal,8.99,5,1,56.61,2,Escalated
ADM00074,Student Affairs,Accommodation Request,Medium,Phone,9.64,3,0,38.37,3,Resolved
ADM00075,IT,Payment Issue,High,Email,1.41,3,1,46.43,3,Resolved
ADM00076,IT,Fee Statement,Medium,Walk-in,8.74,9,1,53.49,2,Resolved
ADM00077,Library,Application Issue,High,Email,4.88,4,0,30.58,4,Resolved
ADM00078,Registrar,Password Reset,High,Email,1.97,6,0,10.82,3,Resolved
ADM00079,Finance,Application Issue,Medium,Helpdesk,3.48,2,0,27.27,2,Resolved
ADM00080,Registrar,Payment Issue,Medium,Portal,9.82,5,0,40.47,3,Resolved
ADM00081,Student Affairs,Library Issue,Medium,Helpdesk,2.48,7,0,20.26,5,Resolved
ADM00082,IT,Payment Issue,High,Email,1.74,3,0,31.92,4,Resolved
ADM00083,Finance,Transcript Request,Low,Email,18.84,2,0,35.91,4,Resolved
ADM00084,Registrar,Student ID Issue,Critical,Walk-in,1.31,5,0,17.64,3,Resolved
ADM00085,Finance,Portal Access,Critical,Walk-in,1.43,4,0,5.69,4,Resolved
ADM00086,Finance,Transcript Request,Low,Portal,18.16,4,0,36.3,3,Resolved
ADM00087,IT,Fee Statement,Low,Email,17.72,3,1,50.45,3,Escalated
ADM00088,IT,Course Registration,Medium,Phone,4.74,2,0,21.64,5,Resolved
ADM00089,Student Affairs,Application Issue,Critical,Email,0.76,4,0,29.71,3,Resolved
ADM00090,Admissions,Accommodation Request,Medium,Walk-in,5.43,5,0,35.96,2,Resolved
ADM00091,Registrar,Transcript Request,Medium,Email,8.46,4,1,36.74,2,Resolved
ADM00092,IT,Graduation Clearance,High,Walk-in,4.72,7,0,43.2,3,Resolved
ADM00093,Library,Password Reset,Low,Portal,13.1,3,1,28.97,4,Resolved
ADM00094,IT,Application Issue,Medium,Portal,2.69,2,1,37.97,3,Resolved
ADM00095,Library,Transcript Request,Medium,Walk-in,9.51,2,0,29.43,4,Resolved
ADM00096,Admissions,Library Issue,Medium,Email,2.64,2,1,23.95,5,Resolved
ADM00097,Admissions,Exam or Assessment Issue,Low,Walk-in,7.18,6,0,35.55,3,Resolved
ADM00098,Admissions,Portal Access,Medium,Email,8.94,5,0,18.77,4,Resolved
ADM00099,Registrar,Payment Issue,High,Portal,2.98,4,1,49.18,3,Escalated
ADM00100,Registrar,Payment Issue,Medium,Portal,4.82,4,0,44.16,4,Resolved
ADM00101,Registrar,Transcript Request,High,Helpdesk,4.69,1,0,19.2,4,Pending
ADM00102,IT,Fee Statement,Low,Email,23.21,5,0,49.71,3,Resolved
ADM00103,Finance,Password Reset,Medium,Portal,4.65,4,0,14.63,5,Resolved
ADM00104,Admissions,Fee Statement,Low,Phone,21.37,5,1,62.1,3,Resolved
ADM00105,Student Affairs,Application Issue,Medium,Portal,7.43,3,0,34.62,3,Resolved
ADM00106,Finance,Student ID Issue,Medium,Email,4.2,2,0,11.88,5,Resolved
ADM00107,Admissions,Portal Access,Medium,Portal,9.53,2,1,19.53,5,Resolved
ADM00108,Library,Portal Access,Low,Email,5.26,6,1,25.23,2,Resolved
ADM00109,Finance,Payment Issue,Medium,Portal,4.54,3,0,37.31,3,Pending
ADM00110,Registrar,Portal Access,Medium,Walk-in,5.17,6,0,15.94,4,Resolved
ADM00111,Finance,Fee Statement,Medium,Walk-in,7.53,3,0,28.09,4,Resolved
ADM00112,Registrar,Password Reset,Low,Portal,4.77,6,1,21.1,3,Escalated
ADM00113,Academic Affairs,Password Reset,High,Phone,4.5,4,0,13.34,4,Resolved
ADM00114,Library,Payment Issue,Medium,Email,7.27,5,0,44.77,4,Resolved
ADM00115,IT,Transcript Request,Medium,Portal,4.2,5,0,21.46,5,Resolved
ADM00116,Student Affairs,Exam or Assessment Issue,High,Helpdesk,3.46,2,0,35.64,4,Resolved
ADM00117,Library,Password Reset,Medium,Portal,6.3,4,0,18.17,3,Resolved
ADM00118,Registrar,Fee Statement,Low,Portal,10.73,2,0,33.85,2,Resolved
ADM00119,Student Affairs,Course Registration,Medium,Walk-in,2.23,3,0,18.44,3,Resolved
ADM00120,Admissions,Transcript Request,High,Phone,2.98,5,0,24.73,3,Resolved
ADM00121,Library,Student ID Issue,Medium,Portal,2.66,4,0,15.77,4,Resolved
ADM00122,Student Affairs,Accommodation Request,High,Email,4.15,4,0,35.72,3,Resolved
ADM00123,Finance,Graduation Clearance,High,Portal,0.9,7,0,35.88,2,Resolved
ADM00124,Registrar,Library Issue,Medium,Email,5.43,2,0,17.91,4,Resolved
ADM00125,Finance,Portal Access,Medium,Phone,5.48,4,0,15.53,3,Resolved
ADM00126,Admissions,Portal Access,Medium,Portal,6.45,3,1,27.57,2,Resolved
ADM00127,Student Affairs,Course Registration,Medium,Walk-in,2.32,7,0,29.07,4,Resolved
ADM00128,Student Affairs,Transcript Request,Medium,Email,3.63,1,1,26.04,4,Resolved
ADM00129,Registrar,Payment Issue,High,Portal,1.4,5,0,40.63,4,Resolved
ADM00130,Admissions,Fee Statement,Medium,Portal,6.79,7,0,35.92,4,Resolved
ADM00131,Admissions,Course Registration,Low,Email,9.27,5,0,31.78,2,Resolved
ADM00132,Finance,Library Issue,High,Portal,1.15,5,1,27.22,4,Resolved
ADM00133,Registrar,Password Reset,High,Email,0.58,4,0,7.93,4,Resolved
ADM00134,Finance,Payment Issue,Critical,Email,1.71,4,0,37.45,2,Resolved
ADM00135,Academic Affairs,Graduation Clearance,Medium,Email,9.77,4,1,49.67,2,Resolved
ADM00136,Finance,Graduation Clearance,Low,Portal,18.07,4,1,61.2,2,Escalated
ADM00137,Admissions,Accommodation Request,Low,Helpdesk,12.25,3,0,42.69,3,Resolved
ADM00138,IT,Exam or Assessment Issue,High,Email,1.05,2,1,37.82,3,Resolved
ADM00139,Finance,Payment Issue,Low,Helpdesk,13.5,4,0,48.92,2,Resolved
ADM00140,Academic Affairs,Course Registration,High,Portal,2.56,5,0,26.51,3,Resolved
ADM00141,Academic Affairs,Student ID Issue,Medium,Portal,5.36,5,0,18.46,3,Resolved
ADM00142,Finance,Course Registration,High,Portal,2.2,4,0,23.06,5,Resolved
ADM00143,Admissions,Course Registration,High,Helpdesk,2.74,2,0,13.74,5,Resolved
ADM00144,Finance,Course Registration,High,Walk-in,0.83,4,0,20.23,4,Resolved
ADM00145,Finance,Payment Issue,Medium,Helpdesk,2.31,3,0,37.01,4,Resolved
ADM00146,Registrar,Course Registration,Medium,Walk-in,2.51,5,0,21.08,4,Resolved
ADM00147,IT,Transcript Request,Low,Email,8.0,4,1,40.72,4,Resolved
ADM00148,Admissions,Payment Issue,Medium,Helpdesk,4.22,4,0,40.84,2,Resolved
ADM00149,Registrar,Password Reset,Medium,Helpdesk,3.36,3,0,11.18,4,Resolved
ADM00150,Finance,Transcript Request,High,Email,1.63,4,0,24.28,2,Resolved
ADM00151,Student Affairs,Library Issue,Low,Helpdesk,7.72,1,0,15.43,5,Resolved
ADM00152,Finance,Password Reset,High,Phone,1.18,5,0,15.95,3,Resolved
ADM00153,Registrar,Accommodation Request,Low,Helpdesk,9.86,2,0,41.43,2,Pending
ADM00154,Admissions,Portal Access,Medium,Helpdesk,5.18,6,0,18.0,4,Pending
ADM00155,Academic Affairs,Payment Issue,Low,Helpdesk,18.89,4,0,56.37,2,Resolved
ADM00156,Finance,Portal Access,High,Helpdesk,4.8,3,0,10.97,3,Resolved
ADM00157,IT,Payment Issue,Low,Email,22.38,5,0,56.01,3,Resolved
ADM00158,Library,Password Reset,High,Email,2.64,2,1,19.4,5,Escalated
ADM00159,Finance,Accommodation Request,Medium,Email,5.69,8,0,46.07,4,Pending
ADM00160,IT,Fee Statement,High,Email,1.07,3,0,22.72,4,Resolved
ADM00161,Finance,Fee Statement,Medium,Portal,9.77,4,1,44.62,3,Resolved
ADM00162,IT,Transcript Request,Medium,Phone,8.08,4,0,26.44,3,Resolved
ADM00163,IT,Course Registration,High,Portal,4.31,6,0,20.71,4,Resolved
ADM00164,Admissions,Course Registration,High,Phone,1.55,4,1,28.09,3,Resolved
ADM00165,Registrar,Fee Statement,Medium,Walk-in,5.21,1,0,24.54,4,Resolved
ADM00166,Student Affairs,Password Reset,High,Phone,0.96,3,0,10.41,3,Resolved
ADM00167,Finance,Exam or Assessment Issue,Low,Portal,22.82,4,0,47.14,3,Resolved
ADM00168,Registrar,Accommodation Request,High,Email,1.79,6,0,31.68,4,Resolved
ADM00169,Registrar,Transcript Request,Medium,Email,6.77,4,0,24.66,4,Resolved
ADM00170,IT,Password Reset,Low,Portal,7.04,4,0,19.02,5,Resolved
ADM00171,IT,Course Registration,Medium,Phone,8.42,5,0,32.83,3,Resolved
ADM00172,Registrar,Transcript Request,High,Portal,1.34,7,0,32.6,4,Resolved
ADM00173,Admissions,Portal Access,Critical,Phone,1.66,3,1,24.11,4,Resolved
ADM00174,Finance,Exam or Assessment Issue,Medium,Portal,5.21,7,1,48.56,3,Escalated
ADM00175,IT,Application Issue,High,Email,3.1,2,0,26.04,3,Resolved
ADM00176,Registrar,Library Issue,Medium,Walk-in,4.16,6,1,33.32,2,Escalated
ADM00177,IT,Graduation Clearance,High,Email,4.47,3,0,36.45,2,Resolved
ADM00178,Finance,Exam or Assessment Issue,Low,Phone,19.2,3,0,50.27,1,Resolved
ADM00179,Academic Affairs,Transcript Request,Medium,Walk-in,4.83,4,0,27.53,4,Resolved
ADM00180,Registrar,Course Registration,Low,Email,15.71,4,0,32.83,3,Resolved
ADM00181,Finance,Password Reset,Medium,Portal,3.03,2,0,6.24,5,Resolved
ADM00182,Registrar,Portal Access,Medium,Phone,3.28,5,0,15.25,5,Resolved
ADM00183,Academic Affairs,Library Issue,High,Phone,2.9,3,0,15.01,4,Resolved
ADM00184,Student Affairs,Exam or Assessment Issue,Medium,Email,7.12,3,0,35.68,3,Resolved
ADM00185,Finance,Library Issue,High,Walk-in,3.01,3,0,16.34,3,Resolved
ADM00186,IT,Transcript Request,High,Email,3.02,4,1,34.33,4,Escalated
ADM00187,Student Affairs,Library Issue,Low,Portal,18.85,6,0,42.96,4,Resolved
ADM00188,IT,Portal Access,Medium,Portal,9.22,3,0,20.18,3,Resolved
ADM00189,Admissions,Accommodation Request,High,Email,2.24,2,0,30.94,2,Resolved
ADM00190,Finance,Graduation Clearance,High,Portal,2.92,2,0,32.02,3,Resolved
ADM00191,Registrar,Password Reset,Critical,Email,1.81,1,1,9.91,4,Resolved
ADM00192,Student Affairs,Transcript Request,High,Portal,2.59,3,0,30.93,2,Resolved
ADM00193,Student Affairs,Library Issue,Medium,Email,5.56,2,0,15.86,3,Resolved
ADM00194,IT,Accommodation Request,High,Helpdesk,3.95,6,0,33.11,4,Resolved
ADM00195,Finance,Password Reset,Medium,Email,9.02,2,0,13.61,5,Resolved
ADM00196,Finance,Payment Issue,Medium,Helpdesk,7.9,2,0,42.52,2,Resolved
ADM00197,IT,Accommodation Request,High,Helpdesk,0.95,2,0,29.41,2,Resolved
ADM00198,Student Affairs,Payment Issue,High,Portal,2.59,4,1,44.48,3,Resolved
ADM00199,Student Affairs,Graduation Clearance,Critical,Portal,0.58,4,0,24.71,4,Resolved
ADM00200,Library,Payment Issue,Medium,Portal,4.54,5,0,45.96,2,Pending
ADM00201,IT,Accommodation Request,High,Helpdesk,2.61,2,0,34.37,2,Resolved
ADM00202,Registrar,Library Issue,High,Phone,1.5,5,0,21.23,5,Resolved
ADM00203,Registrar,Payment Issue,Medium,Helpdesk,6.13,3,0,40.27,2,Resolved
ADM00204,Student Affairs,Library Issue,Medium,Portal,7.15,4,1,28.09,4,Escalated
ADM00205,IT,Library Issue,Medium,Helpdesk,9.0,6,0,28.26,3,Resolved
ADM00206,Registrar,Password Reset,Medium,Portal,3.69,3,0,10.63,5,Resolved
ADM00207,Registrar,Student ID Issue,Medium,Helpdesk,4.48,5,0,19.56,4,Resolved
ADM00208,IT,Portal Access,Medium,Email,5.25,8,0,21.53,4,Pending
ADM00209,Registrar,Library Issue,High,Phone,1.51,1,0,8.45,4,Resolved
ADM00210,Registrar,Password Reset,Low,Phone,10.64,2,0,17.07,4,Resolved
ADM00211,Admissions,Application Issue,Medium,Phone,9.07,3,1,43.81,4,Resolved
ADM00212,IT,Graduation Clearance,Medium,Portal,3.11,1,0,30.43,4,Resolved
ADM00213,IT,Payment Issue,Medium,Phone,5.55,4,0,41.09,3,Resolved
ADM00214,Finance,Graduation Clearance,Critical,Email,0.76,3,1,44.39,2,Escalated
ADM00215,IT,Transcript Request,Medium,Portal,2.62,5,1,33.5,3,Escalated
ADM00216,Finance,Exam or Assessment Issue,Medium,Portal,2.77,5,0,36.92,3,Resolved
ADM00217,Finance,Library Issue,High,Portal,4.03,5,0,15.69,4,Resolved
ADM00218,Library,Accommodation Request,Low,Walk-in,21.05,6,0,47.93,2,Resolved
ADM00219,IT,Payment Issue,High,Email,3.84,5,0,42.55,2,Resolved
ADM00220,Student Affairs,Payment Issue,Medium,Email,6.31,3,0,37.41,3,Resolved
ADM00221,IT,Application Issue,Low,Portal,19.45,7,0,51.35,3,Resolved
ADM00222,IT,Transcript Request,High,Helpdesk,1.18,3,1,33.25,2,Escalated
ADM00223,Registrar,Password Reset,Low,Portal,19.6,6,0,28.88,2,Resolved
ADM00224,Finance,Application Issue,Medium,Walk-in,5.39,4,0,34.77,3,Resolved
ADM00225,Finance,Portal Access,Low,Portal,19.01,4,0,25.52,4,Resolved
ADM00226,Finance,Payment Issue,Low,Walk-in,8.55,5,0,47.78,4,Resolved
ADM00227,Academic Affairs,Library Issue,High,Portal,4.25,3,0,9.06,5,Resolved
ADM00228,Finance,Library Issue,High,Walk-in,3.06,2,0,13.54,3,Resolved
ADM00229,Student Affairs,Graduation Clearance,Low,Portal,4.15,3,0,36.35,2,Resolved
ADM00230,IT,Application Issue,Medium,Portal,6.15,6,0,35.92,3,Resolved
ADM00231,Library,Graduation Clearance,High,Email,1.9,3,1,45.05,3,Resolved
ADM00232,Admissions,Portal Access,High,Helpdesk,0.76,1,0,12.54,3,Resolved
ADM00233,IT,Fee Statement,Medium,Phone,5.58,4,0,34.14,4,Resolved
ADM00234,Admissions,Course Registration,High,Helpdesk,1.9,5,0,17.75,5,Resolved
ADM00235,Registrar,Accommodation Request,Medium,Email,3.64,4,0,34.92,2,Resolved
ADM00236,IT,Accommodation Request,High,Email,2.07,6,0,33.1,2,Resolved
ADM00237,Finance,Fee Statement,Critical,Portal,0.52,3,1,37.32,3,Resolved
ADM00238,Registrar,Payment Issue,Medium,Portal,4.4,5,0,43.27,4,Resolved
ADM00239,IT,Password Reset,Low,Walk-in,6.31,3,0,12.35,5,Resolved
ADM00240,Registrar,Transcript Request,Medium,Portal,2.67,4,1,38.57,4,Resolved
ADM00241,Academic Affairs,Graduation Clearance,Low,Email,22.2,4,0,59.48,2,Resolved
ADM00242,Academic Affairs,Fee Statement,Medium,Portal,9.22,6,1,45.47,2,Resolved
ADM00243,Academic Affairs,Portal Access,High,Phone,4.23,4,0,13.75,4,Resolved
ADM00244,Finance,Exam or Assessment Issue,Medium,Portal,3.84,3,1,42.8,2,Resolved
ADM00245,Registrar,Library Issue,Medium,Helpdesk,7.81,2,0,18.5,3,Resolved
ADM00246,Academic Affairs,Course Registration,Medium,Email,6.72,1,0,16.97,4,Resolved
ADM00247,Admissions,Payment Issue,Low,Walk-in,5.02,5,0,41.3,2,Resolved
ADM00248,Academic Affairs,Course Registration,Medium,Portal,9.2,1,0,23.77,3,Resolved
ADM00249,Academic Affairs,Transcript Request,Medium,Email,9.98,4,0,31.94,3,Resolved
ADM00250,Student Affairs,Library Issue,Low,Walk-in,18.17,6,0,30.49,2,Resolved
ADM00251,Finance,Portal Access,Critical,Portal,0.62,10,0,18.57,3,Resolved
ADM00252,Finance,Accommodation Request,Medium,Phone,6.44,3,0,32.52,3,Resolved
ADM00253,Student Affairs,Transcript Request,High,Phone,0.99,4,0,26.39,2,Pending
ADM00254,Finance,Fee Statement,Low,Email,9.98,5,0,35.7,4,Resolved
ADM00255,Registrar,Accommodation Request,High,Walk-in,3.73,4,0,35.2,3,Pending
ADM00256,IT,Accommodation Request,Medium,Phone,4.41,2,0,29.14,3,Resolved
ADM00257,Academic Affairs,Portal Access,High,Walk-in,1.16,2,1,20.27,4,Resolved
ADM00258,IT,Fee Statement,Medium,Portal,2.06,4,0,24.03,3,Resolved
ADM00259,IT,Application Issue,Critical,Email,1.23,5,0,28.46,2,Resolved
ADM00260,Registrar,Transcript Request,Medium,Portal,9.75,8,0,33.42,4,Resolved
ADM00261,IT,Password Reset,High,Helpdesk,2.68,3,0,10.21,5,Resolved
ADM00262,Academic Affairs,Student ID Issue,High,Helpdesk,1.46,5,0,7.1,5,Resolved
ADM00263,Registrar,Exam or Assessment Issue,High,Portal,2.58,3,0,37.35,3,Resolved
ADM00264,Admissions,Library Issue,Medium,Email,6.82,2,0,20.55,4,Resolved
ADM00265,Student Affairs,Portal Access,Medium,Phone,8.41,3,0,16.05,4,Resolved
ADM00266,Library,Library Issue,High,Walk-in,2.54,6,0,23.37,3,Resolved
ADM00267,IT,Transcript Request,Medium,Walk-in,3.38,5,0,27.85,3,Pending
ADM00268,IT,Fee Statement,Medium,Email,3.5,7,0,30.04,4,Resolved
ADM00269,Finance,Password Reset,Low,Email,21.99,8,0,34.8,3,Pending
ADM00270,Finance,Student ID Issue,Medium,Portal,3.89,5,0,13.11,4,Resolved
ADM00271,Library,Graduation Clearance,High,Email,3.78,6,0,40.04,4,Resolved
ADM00272,Student Affairs,Course Registration,Medium,Walk-in,4.15,1,0,16.07,5,Resolved
ADM00273,Student Affairs,Password Reset,Medium,Portal,7.76,4,0,14.48,3,Resolved
ADM00274,Academic Affairs,Portal Access,Medium,Walk-in,2.63,4,1,20.22,5,Escalated
ADM00275,Admissions,Library Issue,Medium,Email,3.66,7,0,22.86,4,Resolved
ADM00276,Admissions,Password Reset,High,Phone,2.34,2,0,5.62,5,Resolved
ADM00277,Library,Payment Issue,Medium,Portal,6.12,2,0,36.02,4,Resolved
ADM00278,IT,Fee Statement,Medium,Portal,4.82,7,0,34.46,3,Resolved
ADM00279,IT,Fee Statement,Medium,Portal,6.59,5,0,32.79,2,Resolved
ADM00280,Library,Payment Issue,Critical,Portal,0.79,4,0,32.23,2,Resolved
ADM00281,Student Affairs,Accommodation Request,Low,Helpdesk,17.57,4,0,47.46,4,Resolved
ADM00282,Finance,Accommodation Request,Low,Email,14.22,3,0,44.66,2,Resolved
ADM00283,Finance,Transcript Request,Medium,Walk-in,7.64,5,1,36.83,3,Resolved
ADM00284,Registrar,Application Issue,Medium,Helpdesk,5.45,4,0,31.0,2,Resolved
ADM00285,IT,Course Registration,Low,Phone,21.53,3,0,33.81,2,Resolved
ADM00286,Registrar,Payment Issue,High,Phone,2.22,3,0,43.86,2,Resolved
ADM00287,Admissions,Transcript Request,Medium,Email,4.47,4,0,29.14,2,Resolved
ADM00288,Admissions,Library Issue,Medium,Portal,6.46,3,0,16.33,4,Resolved
ADM00289,Finance,Payment Issue,Medium,Phone,6.07,5,0,45.3,3,Resolved
ADM00290,IT,Application Issue,High,Phone,2.83,3,0,26.46,3,Resolved
ADM00291,Registrar,Exam or Assessment Issue,Low,Portal,19.92,2,0,44.8,3,Pending
ADM00292,Registrar,Payment Issue,Low,Helpdesk,15.77,7,0,59.52,1,Resolved
ADM00293,Student Affairs,Application Issue,Medium,Portal,9.08,1,1,43.58,2,Resolved
ADM00294,Finance,Application Issue,Medium,Helpdesk,6.95,4,0,31.54,2,Resolved
ADM00295,Registrar,Application Issue,High,Portal,0.6,5,1,35.48,4,Resolved
ADM00296,Admissions,Exam or Assessment Issue,Medium,Walk-in,8.96,5,0,41.4,2,Resolved
ADM00297,Library,Fee Statement,Low,Phone,20.8,5,0,44.42,4,Resolved
ADM00298,Registrar,Password Reset,Medium,Phone,2.39,3,0,14.35,3,Pending
ADM00299,IT,Fee Statement,Medium,Email,3.0,3,0,31.47,4,Resolved
ADM00300,Registrar,Transcript Request,Medium,Email,6.45,5,0,29.72,2,Resolved
ADM00301,Registrar,Fee Statement,High,Portal,0.69,3,0,21.32,5,Pending
ADM00302,Admissions,Exam or Assessment Issue,Low,Helpdesk,12.22,3,0,31.5,2,Resolved
ADM00303,Admissions,Fee Statement,Low,Phone,23.51,3,0,44.6,3,Resolved
ADM00304,IT,Library Issue,Low,Email,7.46,3,0,15.51,3,Resolved
ADM00305,IT,Payment Issue,High,Portal,1.43,4,0,36.85,3,Resolved
ADM00306,Academic Affairs,Fee Statement,High,Phone,3.54,3,0,28.17,2,Resolved
ADM00307,Admissions,Student ID Issue,Critical,Portal,0.28,5,0,13.72,4,Resolved
ADM00308,Finance,Application Issue,Medium,Helpdesk,8.57,4,0,35.44,4,Resolved
ADM00309,Library,Payment Issue,Medium,Portal,3.59,7,0,42.56,4,Resolved
ADM00310,Finance,Accommodation Request,Medium,Portal,6.25,5,0,34.43,3,Resolved
ADM00311,Admissions,Library Issue,Medium,Portal,3.99,6,1,34.6,3,Resolved
ADM00312,Registrar,Exam or Assessment Issue,Medium,Walk-in,7.27,4,0,32.44,4,Resolved
ADM00313,Registrar,Password Reset,Medium,Portal,6.7,1,0,5.8,5,Resolved
ADM00314,Academic Affairs,Library Issue,Low,Portal,22.93,3,0,36.18,4,Resolved
ADM00315,Student Affairs,Application Issue,Low,Portal,12.91,6,0,38.94,4,Resolved
ADM00316,IT,Payment Issue,High,Walk-in,4.44,7,0,45.79,3,Resolved
ADM00317,Admissions,Password Reset,Medium,Email,6.61,3,1,24.27,3,Resolved
ADM00318,Registrar,Course Registration,High,Email,4.62,7,1,38.83,3,Resolved
ADM00319,Registrar,Portal Access,Medium,Email,4.33,3,0,11.6,5,Resolved
ADM00320,Finance,Library Issue,High,Helpdesk,2.97,5,0,18.05,3,Resolved
ADM00321,Admissions,Password Reset,Medium,Email,5.12,3,0,9.53,5,Resolved
ADM00322,IT,Transcript Request,Low,Walk-in,5.32,4,0,28.63,2,Resolved
ADM00323,IT,Password Reset,Critical,Phone,1.23,2,0,4.87,4,Resolved
ADM00324,Finance,Portal Access,Medium,Phone,8.35,3,0,12.05,4,Resolved
ADM00325,Academic Affairs,Application Issue,Medium,Walk-in,6.45,4,0,31.21,4,Resolved
ADM00326,Library,Payment Issue,High,Portal,1.76,7,0,42.55,3,Resolved
ADM00327,IT,Course Registration,Medium,Portal,4.11,4,0,20.55,3,Resolved
ADM00328,IT,Transcript Request,High,Email,1.57,9,1,38.21,3,Resolved
ADM00329,Admissions,Password Reset,High,Portal,4.91,5,0,15.78,4,Resolved
ADM00330,Finance,Student ID Issue,Medium,Helpdesk,5.19,4,0,19.14,4,Resolved
ADM00331,Finance,Fee Statement,High,Helpdesk,1.93,5,0,22.64,5,Resolved
ADM00332,Library,Application Issue,High,Phone,2.38,5,0,33.56,3,Resolved
ADM00333,Registrar,Library Issue,Low,Helpdesk,6.32,4,1,28.43,4,Resolved
ADM00334,Registrar,Library Issue,Medium,Helpdesk,3.57,4,0,17.79,3,Resolved
ADM00335,Registrar,Portal Access,Low,Walk-in,14.18,4,0,25.4,4,Resolved
ADM00336,Registrar,Application Issue,Medium,Portal,8.39,1,0,32.21,2,Resolved
ADM00337,Student Affairs,Transcript Request,High,Portal,4.44,1,1,28.59,3,Resolved
ADM00338,IT,Accommodation Request,Medium,Helpdesk,8.93,5,1,50.61,2,Resolved
ADM00339,Admissions,Course Registration,Low,Phone,22.9,3,0,37.65,2,Resolved
ADM00340,Registrar,Exam or Assessment Issue,Medium,Walk-in,3.01,2,0,26.61,4,Resolved
ADM00341,Admissions,Transcript Request,High,Email,0.68,2,0,19.56,4,Resolved
ADM00342,Admissions,Course Registration,Medium,Email,2.85,1,1,23.6,5,Resolved
ADM00343,Registrar,Graduation Clearance,High,Portal,3.2,5,1,50.37,3,Resolved
ADM00344,Admissions,Payment Issue,High,Email,3.0,3,1,46.16,4,Resolved
ADM00345,Finance,Payment Issue,Low,Helpdesk,17.42,3,0,51.67,1,Resolved
ADM00346,IT,Application Issue,Medium,Email,4.97,4,0,30.71,2,Pending
ADM00347,IT,Application Issue,Medium,Portal,5.13,2,0,25.9,4,Resolved
ADM00348,Registrar,Library Issue,High,Email,2.96,6,1,30.53,2,Resolved
ADM00349,Finance,Exam or Assessment Issue,High,Email,0.86,2,0,33.65,4,Resolved
ADM00350,IT,Exam or Assessment Issue,Medium,Email,8.4,6,0,43.75,4,Resolved
ADM00351,Admissions,Fee Statement,Medium,Helpdesk,9.38,3,0,29.91,3,Resolved
ADM00352,Student Affairs,Portal Access,Low,Walk-in,11.75,4,0,14.86,3,Resolved
ADM00353,IT,Graduation Clearance,High,Phone,3.83,3,0,30.39,2,Resolved
ADM00354,Registrar,Graduation Clearance,Medium,Helpdesk,6.39,10,0,43.08,4,Resolved
ADM00355,Registrar,Fee Statement,High,Helpdesk,1.56,6,0,26.31,4,Resolved
ADM00356,IT,Transcript Request,Low,Portal,5.36,5,0,26.27,2,Resolved
ADM00357,Registrar,Library Issue,Low,Portal,8.92,3,0,19.1,4,Resolved
ADM00358,IT,Course Registration,Medium,Portal,6.84,5,0,19.44,3,Resolved
ADM00359,Academic Affairs,Accommodation Request,Medium,Email,2.32,9,0,38.87,4,Resolved
ADM00360,IT,Exam or Assessment Issue,Medium,Email,8.69,6,0,42.7,3,Pending
ADM00361,Finance,Password Reset,Low,Portal,23.41,5,1,47.65,2,Resolved
ADM00362,IT,Graduation Clearance,High,Email,0.88,4,1,46.3,4,Escalated
ADM00363,Admissions,Student ID Issue,Medium,Helpdesk,3.97,2,0,12.46,5,Resolved
ADM00364,Admissions,Graduation Clearance,Medium,Walk-in,7.41,7,0,41.92,3,Resolved
ADM00365,Academic Affairs,Exam or Assessment Issue,Medium,Email,8.45,5,0,39.88,3,Resolved
ADM00366,Finance,Payment Issue,Medium,Walk-in,4.77,4,1,44.65,4,Resolved
ADM00367,Academic Affairs,Fee Statement,Low,Walk-in,14.3,5,0,36.97,2,Resolved
ADM00368,Student Affairs,Portal Access,Critical,Portal,1.81,3,0,6.26,4,Resolved
ADM00369,Registrar,Accommodation Request,Medium,Phone,5.08,6,0,39.54,3,Resolved
ADM00370,Registrar,Accommodation Request,Low,Email,5.63,5,0,38.88,3,Resolved
ADM00371,Registrar,Payment Issue,Medium,Email,9.96,4,0,43.4,2,Resolved
ADM00372,Registrar,Student ID Issue,Medium,Portal,3.44,4,1,24.85,2,Resolved
ADM00373,Registrar,Application Issue,Low,Portal,4.98,4,1,43.97,4,Resolved
ADM00374,IT,Exam or Assessment Issue,High,Email,2.35,2,0,24.59,4,Resolved
ADM00375,Registrar,Accommodation Request,Low,Portal,6.43,5,0,35.58,2,Resolved
ADM00376,Finance,Transcript Request,Medium,Helpdesk,9.83,6,0,37.25,4,Resolved
ADM00377,Student Affairs,Transcript Request,Critical,Phone,0.89,3,0,20.4,5,Resolved
ADM00378,Registrar,Application Issue,Medium,Phone,8.61,3,0,35.26,2,Resolved
ADM00379,Student Affairs,Course Registration,Medium,Walk-in,3.41,6,1,34.66,2,Escalated
ADM00380,Finance,Library Issue,Low,Phone,6.78,3,1,32.42,4,Resolved
ADM00381,Registrar,Application Issue,Low,Email,16.99,8,0,49.92,3,Resolved
ADM00382,IT,Graduation Clearance,Low,Helpdesk,22.19,4,0,54.5,2,Resolved
ADM00383,IT,Student ID Issue,High,Walk-in,1.02,4,0,13.26,5,Resolved
ADM00384,Student Affairs,Transcript Request,High,Email,3.15,4,0,27.56,2,Resolved
ADM00385,Library,Graduation Clearance,High,Portal,0.88,4,0,33.79,4,Resolved
ADM00386,Library,Accommodation Request,Medium,Phone,8.5,11,0,52.0,2,Resolved
ADM00387,Finance,Transcript Request,High,Email,4.59,3,0,23.26,4,Resolved
ADM00388,Registrar,Password Reset,Medium,Email,7.03,5,0,15.15,3,Pending
ADM00389,Library,Library Issue,Medium,Email,7.51,4,0,23.87,4,Resolved
ADM00390,Library,Portal Access,Medium,Helpdesk,2.44,4,0,9.98,3,Resolved
ADM00391,Academic Affairs,Exam or Assessment Issue,Low,Email,5.46,3,0,36.15,2,Resolved
ADM00392,Admissions,Password Reset,High,Portal,1.31,2,1,19.65,5,Resolved
ADM00393,Finance,Exam or Assessment Issue,Medium,Email,4.19,4,0,28.73,3,Resolved
ADM00394,Library,Course Registration,High,Walk-in,3.92,5,1,36.2,3,Resolved
ADM00395,Finance,Payment Issue,High,Helpdesk,2.46,5,0,42.62,4,Pending
ADM00396,Academic Affairs,Password Reset,High,Portal,0.85,2,0,5.48,4,Resolved
ADM00397,Student Affairs,Course Registration,Low,Email,21.05,2,0,36.46,4,Resolved
ADM00398,Admissions,Course Registration,Medium,Portal,9.95,3,0,22.1,4,Pending
ADM00399,Library,Exam or Assessment Issue,High,Walk-in,2.55,2,1,40.91,3,Resolved
ADM00400,Library,Portal Access,Low,Phone,14.24,6,0,24.99,3,Resolved
ADM00401,Registrar,Payment Issue,Critical,Phone,0.34,3,0,28.72,4,Resolved
ADM00402,Student Affairs,Fee Statement,Medium,Email,5.06,5,0,28.86,4,Resolved
ADM00403,Admissions,Graduation Clearance,Medium,Email,4.97,4,1,46.29,2,Resolved
ADM00404,Student Affairs,Application Issue,Medium,Email,9.73,1,0,31.86,4,Resolved
ADM00405,Finance,Accommodation Request,High,Helpdesk,3.47,4,0,37.81,3,Resolved
ADM00406,Student Affairs,Student ID Issue,Medium,Phone,8.26,6,1,34.18,2,Resolved
ADM00407,Finance,Student ID Issue,Medium,Phone,3.03,3,0,15.87,3,Resolved
ADM00408,Registrar,Graduation Clearance,Medium,Helpdesk,5.34,3,1,54.54,3,Resolved
ADM00409,Student Affairs,Graduation Clearance,Medium,Helpdesk,3.53,4,0,36.74,4,Resolved
ADM00410,Registrar,Exam or Assessment Issue,Low,Email,21.2,5,1,54.57,1,Resolved
ADM00411,Finance,Student ID Issue,Low,Email,7.05,2,0,13.18,3,Resolved
ADM00412,Academic Affairs,Fee Statement,Low,Helpdesk,12.78,5,1,49.2,2,Resolved
ADM00413,Academic Affairs,Application Issue,Medium,Helpdesk,2.43,5,0,27.12,2,Resolved
ADM00414,IT,Student ID Issue,Medium,Portal,7.07,4,0,21.53,3,Resolved
ADM00415,IT,Application Issue,Medium,Helpdesk,5.86,3,0,26.88,4,Resolved
ADM00416,Admissions,Accommodation Request,Medium,Email,5.98,6,0,35.49,2,Resolved
ADM00417,Finance,Exam or Assessment Issue,Low,Email,6.03,8,0,36.0,3,Resolved
ADM00418,Finance,Graduation Clearance,Low,Portal,14.28,6,0,58.22,3,Pending
ADM00419,IT,Student ID Issue,Low,Walk-in,15.28,2,0,23.65,5,Pending
ADM00420,Library,Exam or Assessment Issue,Medium,Phone,9.7,2,0,33.68,4,Pending
ADM00421,Library,Payment Issue,Low,Phone,4.66,5,0,44.72,4,Resolved
ADM00422,Library,Course Registration,Medium,Email,9.38,4,0,29.33,4,Resolved
ADM00423,Registrar,Student ID Issue,Medium,Portal,5.84,3,0,20.74,4,Resolved
ADM00424,Admissions,Application Issue,Medium,Helpdesk,3.68,3,1,43.93,4,Escalated
ADM00425,Registrar,Course Registration,High,Email,3.49,5,1,36.6,4,Escalated
ADM00426,Admissions,Portal Access,Medium,Phone,6.14,4,0,17.66,4,Pending
ADM00427,Admissions,Graduation Clearance,Low,Walk-in,8.54,5,0,42.7,2,Resolved
ADM00428,Student Affairs,Student ID Issue,Medium,Phone,7.01,3,0,20.37,4,Resolved
ADM00429,Finance,Student ID Issue,Low,Helpdesk,13.47,3,0,27.84,3,Resolved
ADM00430,Registrar,Password Reset,Low,Portal,17.78,1,0,20.23,4,Resolved
ADM00431,Registrar,Course Registration,High,Phone,3.6,4,0,20.97,4,Resolved
ADM00432,Library,Student ID Issue,Medium,Email,5.78,2,0,18.4,4,Resolved
ADM00433,IT,Payment Issue,Critical,Portal,0.9,4,0,28.5,4,Resolved
ADM00434,Registrar,Accommodation Request,Low,Portal,5.26,4,0,37.1,4,Resolved
ADM00435,Registrar,Course Registration,High,Email,2.72,3,0,17.0,5,Resolved
ADM00436,IT,Accommodation Request,High,Helpdesk,1.59,6,1,42.27,2,Escalated
ADM00437,Registrar,Library Issue,Medium,Phone,2.43,4,1,24.12,3,Resolved
ADM00438,Student Affairs,Application Issue,Medium,Email,4.64,6,0,28.68,2,Resolved
ADM00439,IT,Portal Access,Medium,Email,2.7,3,0,10.34,5,Resolved
ADM00440,Registrar,Password Reset,High,Email,3.11,4,0,13.49,5,Resolved
ADM00441,Registrar,Payment Issue,Medium,Phone,6.03,3,0,37.99,3,Resolved
ADM00442,Academic Affairs,Portal Access,Low,Walk-in,19.85,4,1,40.24,4,Escalated
ADM00443,Finance,Password Reset,Medium,Portal,4.14,3,0,7.02,5,Resolved
ADM00444,Finance,Exam or Assessment Issue,Medium,Email,4.97,1,0,22.67,4,Resolved
ADM00445,Student Affairs,Portal Access,High,Email,3.6,4,0,4.01,5,Resolved
ADM00446,Academic Affairs,Exam or Assessment Issue,High,Portal,4.97,2,0,30.68,4,Resolved
ADM00447,Academic Affairs,Graduation Clearance,Low,Phone,22.08,2,0,55.86,2,Resolved
ADM00448,Library,Portal Access,Medium,Email,6.17,1,0,12.95,3,Resolved
ADM00449,Finance,Transcript Request,Low,Email,17.56,3,1,43.05,3,Resolved
ADM00450,Registrar,Application Issue,High,Email,2.89,2,0,30.58,3,Resolved
ADM00451,Library,Fee Statement,High,Portal,2.46,3,0,27.13,3,Pending
ADM00452,IT,Password Reset,Low,Portal,16.05,7,0,31.76,4,Resolved
ADM00453,Admissions,Payment Issue,Medium,Walk-in,5.09,3,0,42.64,2,Resolved
ADM00454,Student Affairs,Course Registration,High,Phone,1.76,3,0,20.29,3,Resolved
ADM00455,Registrar,Graduation Clearance,Low,Phone,18.11,1,0,46.73,3,Resolved
ADM00456,Admissions,Graduation Clearance,Medium,Email,8.98,4,0,40.51,3,Resolved
ADM00457,Registrar,Portal Access,Medium,Email,4.3,3,0,14.29,4,Resolved
ADM00458,Admissions,Portal Access,Low,Portal,18.14,3,1,34.83,2,Resolved
ADM00459,Registrar,Password Reset,Low,Email,12.68,6,1,34.33,2,Resolved
ADM00460,Registrar,Exam or Assessment Issue,Critical,Portal,0.74,2,0,25.83,4,Resolved
ADM00461,Registrar,Library Issue,Medium,Email,6.97,7,0,23.87,5,Resolved
ADM00462,IT,Fee Statement,Medium,Email,9.52,2,0,31.2,2,Resolved
ADM00463,Library,Portal Access,Medium,Email,4.81,2,1,23.02,3,Escalated
ADM00464,IT,Student ID Issue,High,Walk-in,3.92,3,1,23.82,4,Escalated
ADM00465,Academic Affairs,Transcript Request,Medium,Portal,4.52,4,1,28.57,2,Resolved
ADM00466,Finance,Accommodation Request,Medium,Email,8.43,3,0,36.61,3,Pending
ADM00467,Finance,Transcript Request,Low,Email,19.2,2,1,45.54,3,Escalated
ADM00468,Student Affairs,Fee Statement,High,Phone,3.95,3,0,22.79,3,Resolved
ADM00469,Finance,Graduation Clearance,Low,Phone,23.95,4,0,63.5,3,Resolved
ADM00470,Academic Affairs,Student ID Issue,Low,Email,6.81,2,0,13.42,5,Resolved
ADM00471,Registrar,Graduation Clearance,Medium,Walk-in,5.11,2,0,39.98,3,Resolved
ADM00472,Academic Affairs,Graduation Clearance,Low,Portal,16.62,5,0,52.15,1,Resolved
ADM00473,Registrar,Transcript Request,Critical,Phone,1.26,4,0,21.8,5,Pending
ADM00474,Student Affairs,Accommodation Request,Medium,Phone,8.25,3,0,38.48,3,Resolved
ADM00475,Admissions,Course Registration,Low,Walk-in,4.94,8,0,34.27,3,Resolved
ADM00476,Academic Affairs,Application Issue,Low,Phone,18.1,3,0,42.63,2,Resolved
ADM00477,Registrar,Course Registration,Medium,Email,7.9,5,1,35.88,2,Resolved
ADM00478,IT,Application Issue,Medium,Portal,2.49,5,0,31.77,2,Resolved
ADM00479,Academic Affairs,Library Issue,High,Email,2.92,5,1,31.55,3,Resolved
ADM00480,Admissions,Library Issue,Medium,Helpdesk,3.96,4,0,19.51,5,Resolved
ADM00481,IT,Exam or Assessment Issue,Medium,Email,8.41,4,0,39.04,4,Pending
ADM00482,IT,Library Issue,Critical,Portal,0.29,3,0,15.98,5,Resolved
ADM00483,Admissions,Transcript Request,Medium,Email,3.17,4,0,27.47,3,Pending
ADM00484,IT,Library Issue,Medium,Email,2.84,5,0,18.24,4,Resolved
ADM00485,IT,Graduation Clearance,High,Phone,0.79,3,0,37.43,2,Resolved
ADM00486,Student Affairs,Application Issue,High,Portal,3.2,7,0,32.82,2,Resolved
ADM00487,Registrar,Course Registration,Medium,Portal,8.95,7,1,45.55,3,Resolved
ADM00488,Finance,Password Reset,High,Email,2.8,3,0,14.14,4,Resolved
ADM00489,Academic Affairs,Portal Access,Medium,Phone,3.68,7,0,20.83,3,Resolved
ADM00490,Student Affairs,Application Issue,Medium,Email,4.75,2,0,30.92,4,Pending
ADM00491,Admissions,Course Registration,Low,Portal,11.21,5,0,33.74,4,Resolved
ADM00492,IT,Course Registration,High,Phone,2.53,3,0,19.29,5,Resolved
ADM00493,Finance,Portal Access,Medium,Portal,5.36,7,0,21.64,3,Pending
ADM00494,Registrar,Student ID Issue,Low,Email,17.42,2,0,31.31,4,Resolved
ADM00495,Admissions,Graduation Clearance,High,Walk-in,2.03,4,0,33.05,3,Resolved
ADM00496,Finance,Password Reset,Medium,Portal,7.3,3,0,17.69,4,Resolved
ADM00497,IT,Student ID Issue,Low,Email,14.94,4,0,19.79,3,Resolved
ADM00498,Registrar,Student ID Issue,Medium,Portal,2.39,4,0,12.75,5,Resolved
ADM00499,Academic Affairs,Course Registration,Medium,Email,9.36,1,0,23.33,4,Resolved
ADM00500,Academic Affairs,Accommodation Request,Medium,Portal,3.42,4,0,33.24,2,Pending
ADM00501,IT,Payment Issue,Low,Walk-in,13.03,5,0,53.62,3,Resolved
ADM00502,Admissions,Application Issue,Low,Helpdesk,22.95,2,0,41.36,3,Resolved
ADM00503,Finance,Transcript Request,Medium,Portal,3.98,7,0,31.24,4,Resolved
ADM00504,Student Affairs,Graduation Clearance,Medium,Email,2.18,2,0,30.68,2,Resolved
ADM00505,IT,Student ID Issue,Low,Email,13.8,4,0,28.57,3,Pending
ADM00506,Registrar,Library Issue,Medium,Phone,3.79,2,1,21.41,3,Resolved
ADM00507,Academic Affairs,Transcript Request,Medium,Portal,6.66,5,0,30.29,3,Resolved
ADM00508,Student Affairs,Fee Statement,Low,Email,20.34,5,0,50.03,2,Resolved
ADM00509,Academic Affairs,Graduation Clearance,High,Walk-in,2.8,3,1,43.23,3,Escalated
ADM00510,IT,Accommodation Request,High,Email,3.4,3,0,31.86,4,Resolved
ADM00511,IT,Transcript Request,Medium,Portal,7.33,5,1,39.48,2,Resolved
ADM00512,Admissions,Portal Access,Low,Email,20.41,4,0,29.35,2,Resolved
ADM00513,Academic Affairs,Graduation Clearance,Medium,Phone,7.5,3,0,39.74,4,Pending
ADM00514,Student Affairs,Payment Issue,Medium,Email,9.81,4,0,41.12,2,Resolved
ADM00515,Registrar,Password Reset,Critical,Email,1.02,5,0,12.01,5,Resolved
ADM00516,Registrar,Portal Access,Medium,Portal,2.4,3,0,10.12,4,Resolved
ADM00517,Finance,Student ID Issue,Medium,Helpdesk,5.15,4,1,26.74,4,Resolved
ADM00518,Student Affairs,Accommodation Request,High,Portal,4.28,2,0,33.99,4,Resolved
ADM00519,Academic Affairs,Accommodation Request,Medium,Email,3.06,6,0,34.18,4,Resolved
ADM00520,Registrar,Student ID Issue,Low,Walk-in,18.72,5,1,42.4,3,Resolved
ADM00521,IT,Payment Issue,Medium,Email,6.29,5,0,36.28,3,Resolved
ADM00522,Finance,Course Registration,Low,Portal,22.01,5,0,47.64,4,Resolved
ADM00523,Academic Affairs,Transcript Request,Low,Portal,18.62,3,0,42.03,3,Resolved
ADM00524,Student Affairs,Library Issue,High,Portal,3.47,1,0,11.94,4,Resolved
ADM00525,Student Affairs,Student ID Issue,Medium,Email,9.1,4,0,26.83,3,Resolved
ADM00526,Admissions,Library Issue,Low,Walk-in,22.16,4,0,37.41,3,Pending
ADM00527,Admissions,Transcript Request,High,Portal,2.23,2,0,13.68,5,Resolved
ADM00528,Finance,Payment Issue,Medium,Helpdesk,9.42,3,0,41.48,3,Resolved
ADM00529,Registrar,Course Registration,Medium,Phone,2.44,3,0,20.56,3,Resolved
ADM00530,Student Affairs,Password Reset,Medium,Helpdesk,8.1,5,0,16.05,3,Resolved
ADM00531,Student Affairs,Payment Issue,Medium,Portal,4.69,3,0,37.69,4,Resolved
ADM00532,Academic Affairs,Exam or Assessment Issue,Low,Email,13.75,2,0,39.99,3,Resolved
ADM00533,Academic Affairs,Library Issue,High,Phone,4.26,2,0,18.1,4,Resolved
ADM00534,IT,Accommodation Request,Low,Walk-in,16.74,4,0,44.42,2,Resolved
ADM00535,Library,Graduation Clearance,Medium,Helpdesk,5.66,3,0,44.0,3,Resolved
ADM00536,Academic Affairs,Accommodation Request,Low,Portal,7.28,8,1,52.83,3,Resolved
ADM00537,Student Affairs,Fee Statement,High,Portal,4.73,2,0,25.62,2,Resolved
ADM00538,Finance,Application Issue,Medium,Helpdesk,4.66,7,1,44.85,4,Resolved
ADM00539,Admissions,Portal Access,High,Helpdesk,0.96,6,0,10.15,3,Resolved
ADM00540,Registrar,Portal Access,Medium,Email,6.51,5,0,15.85,5,Resolved
ADM00541,Academic Affairs,Student ID Issue,High,Phone,2.33,5,0,11.42,5,Resolved
ADM00542,IT,Library Issue,High,Phone,3.16,1,1,18.59,4,Escalated
ADM00543,Finance,Portal Access,High,Email,1.55,3,1,16.97,4,Escalated
ADM00544,IT,Portal Access,Low,Helpdesk,11.57,2,0,17.37,4,Resolved
ADM00545,IT,Payment Issue,Low,Portal,23.45,4,0,56.79,2,Resolved
ADM00546,Finance,Password Reset,Low,Phone,22.73,3,0,27.67,3,Pending
ADM00547,Registrar,Library Issue,Low,Helpdesk,21.29,6,0,38.58,2,Resolved
ADM00548,IT,Fee Statement,High,Email,4.01,4,0,25.7,4,Resolved
ADM00549,Admissions,Password Reset,Medium,Helpdesk,3.25,4,1,21.1,5,Resolved
ADM00550,Library,Fee Statement,Medium,Phone,5.74,6,0,37.59,3,Resolved
ADM00551,Admissions,Library Issue,Medium,Walk-in,7.82,3,0,18.64,5,Resolved
ADM00552,Student Affairs,Course Registration,Low,Portal,9.24,8,0,32.34,4,Pending
ADM00553,IT,Course Registration,Medium,Email,2.26,4,0,21.35,4,Resolved
ADM00554,IT,Portal Access,Medium,Phone,5.34,3,0,16.68,5,Resolved
ADM00555,Student Affairs,Student ID Issue,High,Portal,2.41,4,0,13.01,5,Resolved
ADM00556,Admissions,Accommodation Request,Medium,Portal,2.52,2,1,37.11,4,Resolved
ADM00557,Registrar,Graduation Clearance,High,Portal,1.94,1,0,33.52,4,Resolved
ADM00558,Registrar,Payment Issue,Medium,Portal,9.34,4,0,47.6,4,Resolved
ADM00559,Library,Portal Access,High,Phone,1.63,5,0,11.11,4,Resolved
ADM00560,IT,Graduation Clearance,Medium,Phone,6.55,2,0,38.36,3,Resolved
ADM00561,IT,Application Issue,Medium,Walk-in,5.9,3,1,44.05,4,Resolved
ADM00562,Registrar,Graduation Clearance,Low,Phone,21.24,4,0,60.04,2,Resolved
ADM00563,Registrar,Course Registration,Medium,Walk-in,7.23,7,1,43.24,3,Resolved
ADM00564,Registrar,Portal Access,Medium,Email,3.27,6,0,17.47,4,Resolved
ADM00565,Finance,Accommodation Request,High,Walk-in,1.14,3,0,28.49,3,Resolved
ADM00566,IT,Graduation Clearance,Low,Portal,15.15,2,0,45.36,3,Pending
ADM00567,Finance,Fee Statement,Medium,Portal,2.37,5,0,27.49,4,Resolved
ADM00568,Admissions,Exam or Assessment Issue,Medium,Portal,5.15,5,0,34.89,3,Resolved
ADM00569,Student Affairs,Fee Statement,Medium,Portal,5.19,4,1,41.54,3,Escalated
ADM00570,Finance,Transcript Request,Medium,Email,3.57,2,0,20.76,3,Resolved
ADM00571,Admissions,Payment Issue,High,Email,1.85,7,1,51.52,2,Escalated
ADM00572,Library,Student ID Issue,Medium,Email,4.64,5,0,20.47,5,Resolved
ADM00573,Finance,Fee Statement,High,Portal,0.55,3,0,19.27,4,Resolved
ADM00574,IT,Graduation Clearance,High,Email,4.13,2,1,46.44,2,Resolved
ADM00575,Student Affairs,Transcript Request,High,Email,4.81,7,0,30.48,4,Resolved
ADM00576,Academic Affairs,Course Registration,Medium,Email,4.31,3,0,20.54,4,Resolved
ADM00577,Registrar,Fee Statement,Low,Email,6.24,3,0,26.18,2,Resolved
ADM00578,Academic Affairs,Student ID Issue,Medium,Helpdesk,9.63,5,0,21.99,3,Resolved
ADM00579,Admissions,Portal Access,Critical,Phone,1.53,4,0,12.95,4,Resolved
ADM00580,Finance,Accommodation Request,Low,Helpdesk,21.82,3,1,60.34,2,Escalated
ADM00581,Admissions,Exam or Assessment Issue,Medium,Phone,4.89,5,0,37.03,3,Resolved
ADM00582,Academic Affairs,Application Issue,High,Walk-in,2.68,7,0,35.58,2,Resolved
ADM00583,Admissions,Fee Statement,Medium,Portal,9.44,3,0,28.4,4,Resolved
ADM00584,Finance,Application Issue,Medium,Portal,5.68,5,1,36.59,3,Escalated
ADM00585,IT,Application Issue,Low,Portal,17.44,3,0,42.37,3,Resolved
ADM00586,Finance,Application Issue,Medium,Portal,7.64,7,0,37.14,3,Resolved
ADM00587,Registrar,Graduation Clearance,Low,Phone,20.74,5,1,65.56,3,Resolved
ADM00588,Registrar,Graduation Clearance,Critical,Helpdesk,1.96,4,0,35.91,3,Resolved
ADM00589,Registrar,Password Reset,High,Walk-in,2.01,3,0,6.13,4,Resolved
ADM00590,Registrar,Application Issue,High,Portal,1.61,8,0,34.2,2,Resolved
ADM00591,Registrar,Password Reset,Medium,Helpdesk,2.62,6,0,14.48,5,Resolved
ADM00592,IT,Accommodation Request,Low,Helpdesk,21.13,2,0,46.56,4,Resolved
ADM00593,Registrar,Application Issue,Medium,Portal,4.34,7,0,35.68,3,Resolved
ADM00594,Finance,Transcript Request,Medium,Helpdesk,2.4,3,0,18.53,4,Resolved
ADM00595,Student Affairs,Application Issue,Medium,Email,8.92,7,0,38.47,3,Resolved
ADM00596,Admissions,Library Issue,Medium,Email,6.08,6,0,22.06,3,Resolved
ADM00597,IT,Graduation Clearance,Medium,Email,8.71,4,0,46.89,2,Resolved
ADM00598,Registrar,Payment Issue,Medium,Walk-in,6.44,5,0,44.7,4,Resolved
ADM00599,Registrar,Transcript Request,Critical,Email,0.76,5,1,36.56,2,Escalated
ADM00600,Registrar,Student ID Issue,Medium,Email,3.04,4,0,15.12,4,Resolved
ADM00601,Registrar,Fee Statement,Medium,Email,5.5,4,0,27.62,4,Resolved
ADM00602,Finance,Accommodation Request,Medium,Portal,2.21,3,0,30.28,4,Resolved
ADM00603,Registrar,Accommodation Request,Medium,Portal,6.82,4,0,34.13,3,Resolved
ADM00604,Registrar,Library Issue,Medium,Email,5.42,4,0,18.86,4,Resolved
ADM00605,Registrar,Library Issue,Medium,Portal,3.13,1,0,16.59,4,Resolved
ADM00606,Admissions,Library Issue,Medium,Email,6.24,2,0,19.18,4,Resolved
ADM00607,Registrar,Library Issue,Low,Email,20.02,7,0,40.42,2,Resolved
ADM00608,Finance,Library Issue,High,Walk-in,4.89,4,0,21.27,3,Resolved
ADM00609,Admissions,Course Registration,Low,Helpdesk,14.55,4,0,32.27,2,Resolved
ADM00610,IT,Portal Access,Medium,Portal,3.04,2,0,9.97,3,Pending
ADM00611,Registrar,Graduation Clearance,Medium,Portal,8.49,3,1,50.66,1,Resolved
ADM00612,Library,Accommodation Request,Medium,Helpdesk,7.57,1,0,35.39,3,Resolved
ADM00613,IT,Library Issue,High,Portal,4.79,3,0,16.69,5,Resolved
ADM00614,Registrar,Fee Statement,Medium,Phone,6.28,5,0,28.69,3,Resolved
ADM00615,Student Affairs,Exam or Assessment Issue,Medium,Portal,4.86,3,1,39.77,2,Resolved
ADM00616,Academic Affairs,Course Registration,Low,Email,23.26,6,0,51.34,1,Resolved
ADM00617,Registrar,Transcript Request,High,Phone,2.92,4,1,36.85,4,Escalated
ADM00618,Finance,Exam or Assessment Issue,Medium,Phone,2.13,3,1,36.93,4,Resolved
ADM00619,Library,Transcript Request,High,Portal,2.63,8,1,33.91,3,Escalated
ADM00620,Library,Password Reset,Medium,Email,2.02,1,1,17.07,4,Escalated
ADM00621,Registrar,Graduation Clearance,High,Walk-in,3.82,4,0,40.0,4,Resolved
ADM00622,Registrar,Portal Access,High,Email,3.05,2,0,14.04,3,Resolved
ADM00623,Finance,Exam or Assessment Issue,High,Phone,0.99,5,0,30.71,3,Resolved
ADM00624,Admissions,Transcript Request,Medium,Portal,8.5,3,0,27.23,3,Resolved
ADM00625,IT,Library Issue,Medium,Portal,6.29,1,0,18.53,4,Resolved
ADM00626,Finance,Accommodation Request,Medium,Email,2.91,5,0,36.68,3,Resolved
ADM00627,Admissions,Password Reset,Medium,Phone,3.28,5,1,25.35,3,Resolved
ADM00628,Library,Payment Issue,Low,Email,20.44,4,0,52.73,1,Resolved
ADM00629,Registrar,Course Registration,High,Portal,2.1,4,0,23.96,5,Resolved
ADM00630,Finance,Payment Issue,Low,Portal,20.42,5,0,58.6,3,Resolved
ADM00631,IT,Payment Issue,Low,Helpdesk,5.39,4,0,41.11,4,Pending
ADM00632,Student Affairs,Library Issue,Medium,Helpdesk,3.95,2,0,13.5,4,Resolved
ADM00633,Admissions,Payment Issue,Low,Walk-in,19.29,5,1,70.58,1,Resolved
ADM00634,Admissions,Payment Issue,High,Helpdesk,3.39,4,0,35.48,3,Resolved
ADM00635,Registrar,Transcript Request,High,Email,1.88,3,0,15.93,4,Resolved
ADM00636,Admissions,Graduation Clearance,High,Helpdesk,4.71,5,0,36.01,3,Resolved
ADM00637,Admissions,Student ID Issue,High,Email,1.45,5,0,18.31,4,Resolved
ADM00638,Finance,Password Reset,Medium,Portal,8.8,5,0,17.01,5,Resolved
ADM00639,Finance,Payment Issue,Medium,Email,7.57,4,0,36.1,4,Resolved
ADM00640,Finance,Exam or Assessment Issue,Medium,Helpdesk,2.97,6,0,32.73,4,Resolved
ADM00641,Registrar,Portal Access,Low,Phone,15.1,5,1,40.05,2,Resolved
ADM00642,Finance,Fee Statement,Medium,Portal,9.44,2,0,26.85,2,Resolved
ADM00643,Registrar,Password Reset,High,Helpdesk,3.29,3,1,20.34,4,Resolved
ADM00644,Finance,Portal Access,Medium,Phone,6.23,6,0,16.5,4,Resolved
ADM00645,Registrar,Fee Statement,Medium,Phone,4.93,4,1,44.79,4,Resolved
ADM00646,Student Affairs,Payment Issue,High,Email,4.05,4,0,38.29,3,Resolved
ADM00647,IT,Student ID Issue,Low,Helpdesk,22.26,3,0,28.59,4,Resolved
ADM00648,IT,Application Issue,Medium,Helpdesk,8.03,2,1,41.45,2,Resolved
ADM00649,Library,Accommodation Request,Low,Helpdesk,18.5,5,0,48.79,3,Resolved
ADM00650,Admissions,Portal Access,High,Email,1.37,5,1,20.58,3,Resolved
ADM00651,Registrar,Payment Issue,Medium,Email,8.67,5,0,48.07,2,Resolved
ADM00652,Admissions,Exam or Assessment Issue,High,Portal,0.68,3,0,27.02,4,Resolved
ADM00653,IT,Exam or Assessment Issue,Medium,Portal,8.06,4,0,34.14,2,Resolved
ADM00654,Library,Password Reset,High,Portal,1.45,2,0,4.21,5,Resolved
ADM00655,Admissions,Transcript Request,Medium,Phone,5.9,4,0,24.0,3,Resolved
ADM00656,Registrar,Payment Issue,Medium,Walk-in,7.56,6,0,46.4,2,Resolved
ADM00657,Finance,Application Issue,Medium,Helpdesk,8.07,2,0,30.37,2,Resolved
ADM00658,Finance,Payment Issue,Medium,Email,9.1,3,0,42.12,3,Resolved
ADM00659,IT,Payment Issue,Medium,Email,4.26,4,0,39.58,3,Resolved
ADM00660,IT,Exam or Assessment Issue,Medium,Email,3.79,4,0,28.49,2,Resolved
ADM00661,Finance,Accommodation Request,Low,Portal,23.92,4,0,54.53,3,Resolved
ADM00662,Academic Affairs,Exam or Assessment Issue,Medium,Portal,3.66,1,0,24.41,3,Resolved
ADM00663,IT,Transcript Request,Medium,Portal,7.32,2,0,33.08,3,Resolved
ADM00664,Finance,Portal Access,Medium,Helpdesk,9.62,5,0,20.5,3,Resolved
ADM00665,Registrar,Library Issue,Medium,Portal,9.17,5,0,23.83,4,Resolved
ADM00666,Registrar,Library Issue,High,Portal,2.49,3,0,17.17,3,Resolved
ADM00667,Finance,Exam or Assessment Issue,High,Phone,3.37,3,1,41.42,3,Resolved
ADM00668,Registrar,Password Reset,Medium,Phone,6.23,4,0,9.38,3,Resolved
ADM00669,Registrar,Student ID Issue,High,Portal,2.06,8,1,32.43,3,Resolved
ADM00670,Finance,Exam or Assessment Issue,Low,Helpdesk,6.89,5,0,33.68,2,Resolved
ADM00671,Registrar,Payment Issue,High,Phone,4.12,3,0,37.21,2,Resolved
ADM00672,Student Affairs,Password Reset,Medium,Helpdesk,2.72,2,0,5.7,4,Resolved
ADM00673,Registrar,Student ID Issue,Medium,Portal,6.88,3,0,16.8,5,Resolved
ADM00674,Admissions,Portal Access,Low,Email,15.89,5,1,40.7,4,Resolved
ADM00675,Admissions,Exam or Assessment Issue,Low,Walk-in,10.7,3,0,34.45,4,Resolved
ADM00676,Academic Affairs,Portal Access,Low,Portal,6.71,5,0,16.47,4,Resolved
ADM00677,Registrar,Transcript Request,Low,Phone,19.99,2,0,37.73,2,Resolved
ADM00678,Finance,Library Issue,Low,Phone,13.24,7,0,33.04,2,Pending
ADM00679,Academic Affairs,Library Issue,High,Portal,3.76,4,0,18.64,3,Resolved
ADM00680,Student Affairs,Exam or Assessment Issue,Medium,Portal,2.13,6,0,32.94,4,Resolved
ADM00681,Student Affairs,Password Reset,Medium,Helpdesk,2.6,5,1,19.62,4,Resolved
ADM00682,Finance,Exam or Assessment Issue,High,Helpdesk,1.29,6,0,32.58,3,Resolved
ADM00683,Registrar,Accommodation Request,Low,Phone,6.28,1,0,37.72,3,Resolved
ADM00684,IT,Library Issue,High,Walk-in,1.36,6,0,16.18,5,Resolved
ADM00685,Academic Affairs,Accommodation Request,Medium,Helpdesk,7.49,6,0,43.97,2,Resolved
ADM00686,IT,Accommodation Request,Medium,Phone,2.38,2,0,30.09,3,Resolved
ADM00687,IT,Portal Access,Low,Portal,4.76,5,0,17.56,5,Resolved
ADM00688,Finance,Transcript Request,Low,Email,4.63,3,0,23.33,3,Resolved
ADM00689,Library,Graduation Clearance,Medium,Portal,7.58,4,0,36.25,2,Resolved
ADM00690,Registrar,Password Reset,Low,Email,14.72,3,0,23.51,4,Resolved
ADM00691,Finance,Fee Statement,Medium,Email,4.96,2,1,31.44,3,Resolved
ADM00692,Admissions,Password Reset,Low,Helpdesk,17.51,2,0,23.0,3,Resolved
ADM00693,Admissions,Accommodation Request,Medium,Phone,6.43,3,0,31.91,3,Resolved
ADM00694,Finance,Student ID Issue,Low,Helpdesk,4.15,5,0,21.34,3,Resolved
ADM00695,Registrar,Student ID Issue,High,Phone,4.27,2,1,21.38,5,Resolved
ADM00696,IT,Transcript Request,Medium,Portal,4.8,3,0,24.93,3,Resolved
ADM00697,Finance,Portal Access,High,Email,2.3,5,0,8.61,4,Resolved
ADM00698,IT,Portal Access,Low,Helpdesk,19.65,3,0,24.12,3,Resolved
ADM00699,Registrar,Accommodation Request,High,Email,1.34,3,0,27.17,3,Resolved
ADM00700,Admissions,Accommodation Request,Medium,Phone,2.08,1,0,28.23,4,Pending
ADM00701,Admissions,Application Issue,Medium,Email,9.27,6,0,40.64,3,Resolved
ADM00702,Registrar,Application Issue,Low,Email,14.11,1,0,34.58,4,Resolved
ADM00703,Finance,Accommodation Request,Medium,Email,4.8,7,0,35.06,3,Resolved
ADM00704,Registrar,Library Issue,Low,Portal,20.38,6,0,35.73,2,Resolved
ADM00705,Registrar,Password Reset,Medium,Helpdesk,2.21,3,1,19.25,3,Resolved
ADM00706,Academic Affairs,Library Issue,Low,Phone,8.05,5,0,26.14,4,Resolved
ADM00707,Finance,Portal Access,Medium,Phone,3.24,6,0,18.23,5,Resolved
ADM00708,Library,Fee Statement,Low,Helpdesk,18.76,4,0,42.38,3,Resolved
ADM00709,Finance,Password Reset,Medium,Phone,4.5,2,0,12.65,4,Resolved
ADM00710,IT,Library Issue,Medium,Helpdesk,8.18,4,0,25.86,4,Resolved
ADM00711,Library,Library Issue,Critical,Portal,0.27,7,0,20.74,3,Resolved
ADM00712,IT,Course Registration,Medium,Helpdesk,6.86,2,0,16.17,5,Resolved
ADM00713,Admissions,Password Reset,High,Phone,1.93,3,0,1.26,5,Resolved
ADM00714,Admissions,Fee Statement,Medium,Email,3.5,9,1,42.84,2,Resolved
ADM00715,Finance,Transcript Request,Medium,Email,8.53,5,0,27.08,3,Resolved
ADM00716,Academic Affairs,Transcript Request,Low,Email,12.25,2,1,45.71,4,Resolved
ADM00717,Student Affairs,Library Issue,Low,Portal,15.43,3,0,28.48,2,Resolved
ADM00718,Academic Affairs,Accommodation Request,High,Walk-in,0.65,3,1,37.02,2,Escalated
ADM00719,Registrar,Fee Statement,Medium,Phone,8.33,1,0,29.46,2,Resolved
ADM00720,Library,Fee Statement,Medium,Helpdesk,4.3,5,0,24.93,3,Resolved
ADM00721,Academic Affairs,Portal Access,Medium,Portal,7.55,4,1,30.99,4,Escalated
ADM00722,Registrar,Exam or Assessment Issue,Medium,Phone,8.08,6,0,42.97,2,Resolved
ADM00723,Registrar,Student ID Issue,Medium,Email,2.94,6,0,16.32,4,Pending
ADM00724,Library,Course Registration,Medium,Phone,4.37,5,0,23.43,5,Resolved
ADM00725,IT,Portal Access,Low,Phone,18.47,1,0,22.24,5,Resolved
ADM00726,Student Affairs,Graduation Clearance,Medium,Walk-in,3.86,4,1,48.79,1,Resolved
ADM00727,Registrar,Fee Statement,Medium,Portal,8.79,3,0,29.9,2,Resolved
ADM00728,Library,Exam or Assessment Issue,Critical,Phone,0.76,3,1,37.68,4,Resolved
ADM00729,Registrar,Payment Issue,Medium,Email,5.22,7,1,56.41,2,Resolved
ADM00730,Registrar,Accommodation Request,Medium,Phone,2.8,4,0,28.9,4,Resolved
ADM00731,Registrar,Fee Statement,Low,Walk-in,6.95,5,0,37.48,3,Resolved
ADM00732,Student Affairs,Course Registration,Low,Portal,9.51,4,1,40.36,4,Resolved
ADM00733,IT,Fee Statement,High,Email,0.72,4,0,24.31,4,Resolved
ADM00734,Admissions,Password Reset,High,Portal,1.37,4,0,6.46,5,Resolved
ADM00735,Finance,Password Reset,Medium,Portal,5.27,6,0,16.98,4,Resolved
ADM00736,Student Affairs,Exam or Assessment Issue,Medium,Phone,5.04,5,0,38.19,4,Resolved
ADM00737,Finance,Application Issue,Low,Portal,7.97,6,1,41.46,4,Escalated
ADM00738,Student Affairs,Course Registration,High,Walk-in,0.86,4,0,16.68,5,Resolved
ADM00739,Admissions,Exam or Assessment Issue,Low,Portal,10.36,3,0,37.01,2,Resolved
ADM00740,Finance,Library Issue,High,Email,3.85,1,0,17.83,4,Resolved
ADM00741,Admissions,Student ID Issue,Medium,Walk-in,6.08,4,0,18.18,5,Resolved
ADM00742,Finance,Library Issue,Medium,Phone,9.57,3,0,21.36,4,Resolved
ADM00743,Library,Student ID Issue,High,Walk-in,1.13,6,0,17.06,3,Resolved
ADM00744,Admissions,Graduation Clearance,Critical,Portal,0.57,4,0,37.69,3,Resolved
ADM00745,Finance,Student ID Issue,Medium,Email,4.24,3,0,15.19,3,Resolved
ADM00746,Student Affairs,Student ID Issue,High,Email,0.56,4,0,10.44,5,Resolved
ADM00747,Finance,Transcript Request,High,Email,4.75,5,0,29.77,4,Resolved
ADM00748,Admissions,Student ID Issue,High,Walk-in,2.5,3,0,15.64,4,Resolved
ADM00749,Student Affairs,Fee Statement,Critical,Portal,1.07,7,0,34.41,2,Resolved
ADM00750,IT,Payment Issue,Medium,Helpdesk,3.26,2,0,37.06,3,Resolved
ADM00751,Registrar,Course Registration,High,Walk-in,4.43,5,0,22.9,3,Pending
ADM00752,Academic Affairs,Payment Issue,High,Phone,3.62,2,0,34.98,4,Resolved
ADM00753,IT,Application Issue,Medium,Helpdesk,5.45,3,0,27.95,4,Resolved
ADM00754,Finance,Fee Statement,Medium,Portal,9.02,2,0,26.42,2,Resolved
ADM00755,Registrar,Exam or Assessment Issue,Medium,Email,9.24,7,0,42.43,2,Resolved
ADM00756,Library,Student ID Issue,High,Phone,0.72,4,0,19.5,3,Resolved
ADM00757,IT,Transcript Request,High,Email,1.04,2,0,26.47,4,Resolved
ADM00758,Admissions,Portal Access,Medium,Helpdesk,2.22,3,0,6.88,4,Resolved
ADM00759,Student Affairs,Library Issue,Medium,Helpdesk,6.65,5,0,23.47,3,Resolved
ADM00760,Library,Password Reset,Low,Helpdesk,8.36,2,1,23.08,4,Escalated
ADM00761,Registrar,Exam or Assessment Issue,Low,Helpdesk,20.9,2,0,45.02,2,Resolved
ADM00762,Finance,Course Registration,Medium,Phone,5.73,9,1,42.08,4,Resolved
ADM00763,Finance,Payment Issue,Medium,Phone,8.7,4,0,49.87,1,Resolved
ADM00764,Library,Fee Statement,High,Email,3.0,5,0,30.74,3,Resolved
ADM00765,Registrar,Portal Access,Medium,Walk-in,8.37,5,0,22.24,4,Resolved
ADM00766,IT,Accommodation Request,High,Email,2.17,4,1,38.39,2,Escalated
ADM00767,Library,Accommodation Request,Low,Walk-in,22.91,3,0,52.75,1,Resolved
ADM00768,Student Affairs,Password Reset,Critical,Helpdesk,1.4,4,0,9.28,3,Resolved
ADM00769,Finance,Graduation Clearance,Medium,Email,6.76,7,0,49.17,2,Pending
ADM00770,Student Affairs,Accommodation Request,Medium,Email,4.82,5,0,32.99,4,Pending
ADM00771,Registrar,Library Issue,Medium,Portal,9.5,5,0,20.89,3,Resolved
ADM00772,Student Affairs,Application Issue,Medium,Walk-in,4.7,5,0,34.3,3,Resolved
ADM00773,Registrar,Accommodation Request,Low,Walk-in,20.72,4,0,53.69,3,Resolved
ADM00774,Finance,Password Reset,Low,Phone,12.09,4,0,21.36,4,Resolved
ADM00775,Library,Application Issue,High,Walk-in,3.95,2,0,32.59,3,Resolved
ADM00776,Registrar,Library Issue,Medium,Email,9.3,3,0,19.33,3,Resolved
ADM00777,Finance,Password Reset,Critical,Phone,1.04,3,0,6.6,5,Resolved
ADM00778,IT,Accommodation Request,Medium,Phone,6.21,2,1,37.69,2,Resolved
ADM00779,IT,Student ID Issue,Critical,Email,0.79,5,0,12.74,3,Resolved
ADM00780,IT,Course Registration,Medium,Portal,2.44,3,0,17.07,5,Resolved
ADM00781,IT,Accommodation Request,Low,Helpdesk,17.05,7,0,52.5,1,Resolved
ADM00782,Admissions,Password Reset,Medium,Helpdesk,2.96,5,0,14.24,3,Resolved
ADM00783,Finance,Course Registration,High,Phone,2.09,6,0,22.17,5,Resolved
ADM00784,Finance,Course Registration,Medium,Helpdesk,4.8,6,0,29.2,3,Resolved
ADM00785,Registrar,Application Issue,Low,Email,7.02,3,0,31.67,2,Resolved
ADM00786,Student Affairs,Library Issue,Medium,Helpdesk,7.33,4,0,29.96,3,Resolved
ADM00787,IT,Accommodation Request,Medium,Email,3.4,3,0,31.3,4,Resolved
ADM00788,Admissions,Graduation Clearance,Medium,Portal,8.23,10,1,63.92,1,Resolved
ADM00789,Admissions,Portal Access,Medium,Email,3.99,5,1,20.49,5,Resolved
ADM00790,Academic Affairs,Graduation Clearance,High,Walk-in,1.79,3,0,39.36,4,Resolved
ADM00791,Registrar,Student ID Issue,Medium,Email,4.75,4,0,15.9,4,Resolved
ADM00792,IT,Graduation Clearance,High,Email,1.19,5,0,41.98,2,Resolved
ADM00793,Admissions,Library Issue,Medium,Portal,5.47,6,0,21.39,5,Resolved
ADM00794,IT,Portal Access,Medium,Email,2.64,5,0,13.01,5,Resolved
ADM00795,Registrar,Exam or Assessment Issue,Critical,Email,0.97,2,0,27.44,2,Resolved
ADM00796,Student Affairs,Portal Access,Medium,Phone,4.72,2,0,12.27,3,Resolved
ADM00797,Academic Affairs,Payment Issue,Medium,Email,4.71,4,0,35.91,2,Resolved
ADM00798,IT,Exam or Assessment Issue,High,Email,3.47,3,0,23.76,3,Resolved
ADM00799,IT,Application Issue,Low,Email,19.38,6,1,60.88,3,Resolved
ADM00800,Academic Affairs,Transcript Request,Medium,Email,4.85,2,0,24.16,2,Resolved
ADM00801,IT,Fee Statement,Low,Portal,9.24,4,0,35.12,3,Resolved
ADM00802,Registrar,Fee Statement,Low,Phone,13.89,3,0,39.06,4,Resolved
ADM00803,IT,Graduation Clearance,Low,Portal,19.75,5,0,53.06,3,Resolved
ADM00804,IT,Exam or Assessment Issue,Low,Email,16.89,2,1,50.28,2,Resolved
ADM00805,Admissions,Application Issue,Medium,Phone,2.3,2,0,21.23,5,Resolved
ADM00806,Library,Application Issue,High,Portal,2.66,3,1,36.26,3,Resolved
ADM00807,Academic Affairs,Portal Access,Medium,Portal,9.93,3,0,21.08,3,Resolved
ADM00808,Academic Affairs,Application Issue,Medium,Portal,4.83,3,0,28.11,2,Resolved
ADM00809,Admissions,Graduation Clearance,Medium,Email,5.53,3,0,38.05,3,Pending
ADM00810,Registrar,Portal Access,High,Email,1.79,6,0,16.27,3,Resolved
ADM00811,Academic Affairs,Library Issue,High,Portal,2.74,4,0,13.89,3,Resolved
ADM00812,Student Affairs,Transcript Request,High,Email,1.22,4,1,30.63,4,Resolved
ADM00813,Registrar,Payment Issue,High,Portal,1.61,2,0,37.1,4,Resolved
ADM00814,Academic Affairs,Portal Access,Low,Phone,18.23,6,1,36.79,2,Resolved
ADM00815,Student Affairs,Graduation Clearance,Medium,Helpdesk,3.11,2,0,34.07,2,Resolved
ADM00816,Admissions,Application Issue,Medium,Phone,9.41,4,1,47.45,3,Resolved
ADM00817,IT,Course Registration,Medium,Phone,4.46,3,0,22.1,5,Resolved
ADM00818,Finance,Accommodation Request,Medium,Portal,6.6,5,1,49.58,2,Resolved
ADM00819,Registrar,Fee Statement,Low,Email,10.44,4,1,43.33,4,Escalated
ADM00820,Finance,Transcript Request,Low,Portal,13.56,5,1,43.66,3,Resolved
ADM00821,Library,Accommodation Request,High,Portal,4.57,5,0,37.74,3,Resolved
ADM00822,Registrar,Password Reset,Medium,Phone,2.55,2,0,8.71,3,Resolved
ADM00823,Finance,Application Issue,Medium,Walk-in,8.85,3,0,35.1,4,Resolved
ADM00824,Finance,Graduation Clearance,Medium,Email,6.46,7,0,41.02,4,Pending
ADM00825,Admissions,Portal Access,Medium,Email,7.32,3,0,12.49,5,Resolved
ADM00826,Academic Affairs,Graduation Clearance,Medium,Portal,2.45,4,0,34.77,3,Resolved
ADM00827,Finance,Exam or Assessment Issue,Medium,Portal,8.09,7,0,39.58,3,Resolved
ADM00828,Finance,Payment Issue,Low,Email,6.56,2,0,40.6,3,Resolved
ADM00829,Library,Course Registration,Low,Portal,23.3,4,0,38.58,3,Resolved
ADM00830,Admissions,Payment Issue,Medium,Portal,8.39,3,0,42.63,4,Resolved
ADM00831,Finance,Accommodation Request,High,Phone,2.72,7,0,39.57,4,Resolved
ADM00832,Admissions,Course Registration,Low,Email,22.48,7,0,44.68,2,Resolved
ADM00833,Registrar,Student ID Issue,Medium,Portal,3.35,6,0,21.27,5,Pending
ADM00834,Registrar,Fee Statement,High,Walk-in,4.96,6,0,31.57,2,Resolved
ADM00835,Admissions,Application Issue,High,Helpdesk,3.73,1,0,27.15,2,Resolved
ADM00836,Admissions,Password Reset,Low,Helpdesk,5.97,5,1,32.13,3,Resolved
ADM00837,Academic Affairs,Accommodation Request,High,Portal,2.91,8,0,42.94,4,Pending
ADM00838,Finance,Portal Access,Critical,Portal,1.48,5,0,7.62,5,Resolved
ADM00839,IT,Fee Statement,High,Portal,3.26,5,0,31.45,3,Resolved
ADM00840,IT,Password Reset,High,Email,2.41,3,0,11.96,3,Resolved
ADM00841,Registrar,Payment Issue,High,Email,1.62,5,1,52.25,3,Resolved
ADM00842,IT,Fee Statement,Medium,Email,3.91,5,0,25.77,2,Resolved
ADM00843,Registrar,Password Reset,Medium,Phone,9.42,3,0,17.31,3,Resolved
ADM00844,Academic Affairs,Exam or Assessment Issue,Medium,Portal,3.88,2,0,26.87,4,Resolved
ADM00845,Registrar,Exam or Assessment Issue,Medium,Email,9.7,4,0,36.92,4,Resolved
ADM00846,Admissions,Password Reset,Medium,Phone,3.68,3,1,21.85,4,Resolved
ADM00847,Registrar,Payment Issue,High,Phone,2.23,5,0,36.47,3,Resolved
ADM00848,Academic Affairs,Graduation Clearance,Critical,Phone,0.22,2,1,42.41,4,Escalated
ADM00849,Admissions,Password Reset,Medium,Portal,9.23,7,1,28.99,3,Escalated
ADM00850,IT,Exam or Assessment Issue,Medium,Email,2.83,4,1,33.84,2,Resolved
ADM00851,Registrar,Transcript Request,Medium,Email,4.86,2,0,26.26,3,Resolved
ADM00852,Library,Course Registration,Low,Walk-in,20.85,3,0,36.03,2,Resolved
ADM00853,Registrar,Graduation Clearance,Medium,Email,8.34,3,1,50.47,2,Resolved
ADM00854,Student Affairs,Transcript Request,Low,Portal,20.83,2,1,56.84,1,Resolved
ADM00855,Registrar,Payment Issue,Medium,Portal,9.31,3,0,45.91,3,Resolved
ADM00856,Registrar,Library Issue,Medium,Helpdesk,9.29,5,0,27.64,2,Resolved
ADM00857,Registrar,Fee Statement,Low,Portal,19.41,2,0,40.54,4,Resolved
ADM00858,Admissions,Student ID Issue,Medium,Portal,6.66,5,0,17.26,4,Resolved
ADM00859,IT,Portal Access,Medium,Portal,6.49,5,0,19.63,3,Resolved
ADM00860,Registrar,Portal Access,Medium,Helpdesk,2.1,4,1,25.63,4,Escalated
ADM00861,Library,Accommodation Request,High,Phone,3.75,10,0,44.5,4,Resolved
ADM00862,Admissions,Accommodation Request,Medium,Email,3.81,5,0,40.38,2,Resolved
ADM00863,Admissions,Payment Issue,Medium,Portal,8.63,2,1,51.71,3,Resolved
ADM00864,Admissions,Accommodation Request,Medium,Portal,6.43,3,0,37.29,4,Resolved
ADM00865,Admissions,Portal Access,Low,Email,23.74,8,0,42.77,2,Resolved
ADM00866,IT,Transcript Request,High,Portal,1.45,4,0,22.96,4,Pending
ADM00867,Registrar,Student ID Issue,Low,Walk-in,18.47,3,0,25.65,3,Resolved
ADM00868,Registrar,Exam or Assessment Issue,High,Portal,2.96,4,0,37.07,4,Resolved
ADM00869,Student Affairs,Portal Access,Medium,Phone,9.45,4,0,19.1,3,Resolved
ADM00870,Academic Affairs,Transcript Request,Medium,Phone,4.13,5,0,26.86,3,Resolved
ADM00871,Finance,Library Issue,High,Phone,0.77,6,0,16.96,4,Resolved
ADM00872,Finance,Payment Issue,High,Portal,2.95,4,1,47.92,3,Resolved
ADM00873,IT,Application Issue,High,Portal,2.85,4,1,40.92,2,Resolved
ADM00874,Admissions,Library Issue,Medium,Email,4.49,4,0,14.74,3,Pending
ADM00875,Registrar,Exam or Assessment Issue,Low,Email,23.73,3,0,45.5,2,Resolved
ADM00876,Registrar,Library Issue,High,Helpdesk,0.81,4,0,15.4,5,Resolved
ADM00877,IT,Graduation Clearance,Low,Walk-in,15.39,5,0,52.25,1,Resolved
ADM00878,IT,Graduation Clearance,High,Email,1.67,7,0,37.68,4,Resolved
ADM00879,Registrar,Portal Access,High,Portal,0.51,4,1,17.85,3,Resolved
ADM00880,Finance,Payment Issue,High,Helpdesk,4.95,3,1,47.74,4,Resolved
ADM00881,Finance,Course Registration,High,Email,2.67,7,0,30.18,2,Resolved
ADM00882,IT,Graduation Clearance,Low,Portal,21.14,3,0,55.35,2,Resolved
ADM00883,Registrar,Password Reset,Medium,Email,8.72,5,0,14.71,3,Pending
ADM00884,Registrar,Library Issue,Low,Phone,20.25,3,1,41.78,3,Escalated
ADM00885,Library,Accommodation Request,Low,Helpdesk,13.18,4,0,40.72,2,Resolved
ADM00886,Registrar,Transcript Request,Medium,Helpdesk,9.17,6,1,36.07,3,Resolved
ADM00887,IT,Course Registration,Low,Portal,11.35,5,0,31.11,2,Resolved
ADM00888,Finance,Payment Issue,High,Phone,2.34,2,0,38.46,2,Pending
ADM00889,Registrar,Application Issue,Critical,Portal,0.66,4,0,27.03,4,Resolved
ADM00890,Finance,Student ID Issue,Medium,Email,5.58,4,0,13.48,5,Resolved
ADM00891,IT,Graduation Clearance,Medium,Email,9.89,3,0,46.25,4,Resolved
ADM00892,Student Affairs,Course Registration,High,Helpdesk,3.08,3,0,16.49,4,Resolved
ADM00893,Student Affairs,Application Issue,High,Email,4.24,5,0,31.91,3,Resolved
ADM00894,Finance,Portal Access,High,Portal,1.69,4,0,7.54,4,Resolved
ADM00895,IT,Fee Statement,Medium,Portal,9.65,6,0,43.17,4,Resolved
ADM00896,Registrar,Graduation Clearance,High,Helpdesk,0.56,4,0,35.17,4,Resolved
ADM00897,Finance,Password Reset,Low,Phone,22.6,3,0,26.07,4,Resolved
ADM00898,Student Affairs,Portal Access,High,Phone,4.54,3,0,13.7,4,Resolved
ADM00899,Registrar,Payment Issue,High,Portal,0.8,3,0,34.22,2,Pending
ADM00900,Registrar,Fee Statement,High,Phone,3.22,5,0,34.4,2,Resolved
ADM00901,Registrar,Application Issue,Medium,Phone,8.28,5,0,34.59,2,Resolved
ADM00902,Registrar,Fee Statement,High,Helpdesk,2.32,7,1,37.11,2,Resolved
ADM00903,Registrar,Student ID Issue,Medium,Portal,2.73,2,0,9.06,3,Pending
ADM00904,IT,Accommodation Request,Medium,Portal,8.64,3,0,30.97,2,Resolved
ADM00905,Admissions,Accommodation Request,High,Walk-in,2.6,4,0,32.64,4,Resolved
ADM00906,Student Affairs,Portal Access,Low,Walk-in,9.27,1,0,13.44,4,Resolved
ADM00907,Student Affairs,Exam or Assessment Issue,Medium,Email,2.57,2,0,28.1,4,Resolved
ADM00908,Finance,Portal Access,High,Email,3.38,3,0,12.95,5,Resolved
ADM00909,Finance,Graduation Clearance,High,Helpdesk,0.69,2,0,28.66,3,Resolved
ADM00910,Finance,Payment Issue,High,Portal,4.06,5,0,39.55,2,Resolved
ADM00911,IT,Payment Issue,Low,Portal,19.42,5,0,63.14,1,Resolved
ADM00912,Finance,Transcript Request,High,Portal,1.95,6,0,22.46,4,Resolved
ADM00913,IT,Student ID Issue,Low,Portal,13.45,2,0,27.34,3,Resolved
ADM00914,Admissions,Payment Issue,High,Phone,3.51,4,0,41.8,4,Resolved
ADM00915,IT,Library Issue,Medium,Portal,9.67,8,0,38.98,4,Resolved
ADM00916,Admissions,Student ID Issue,High,Portal,2.84,6,1,30.78,3,Resolved
ADM00917,Finance,Transcript Request,Medium,Email,9.97,6,0,34.2,3,Pending
ADM00918,Academic Affairs,Accommodation Request,Critical,Helpdesk,0.79,4,0,32.42,3,Resolved
ADM00919,Library,Course Registration,Medium,Helpdesk,6.21,3,1,34.31,2,Escalated
ADM00920,Registrar,Transcript Request,Medium,Walk-in,2.92,4,0,26.68,2,Resolved
ADM00921,Student Affairs,Transcript Request,Medium,Phone,6.45,5,0,27.51,3,Resolved
ADM00922,Admissions,Exam or Assessment Issue,High,Portal,2.91,4,1,36.91,2,Resolved
ADM00923,Student Affairs,Portal Access,Medium,Helpdesk,8.79,3,0,12.44,3,Resolved
ADM00924,Library,Password Reset,Low,Walk-in,23.93,5,0,29.94,3,Resolved
ADM00925,Admissions,Fee Statement,Medium,Walk-in,9.89,2,0,34.63,3,Resolved
ADM00926,Registrar,Exam or Assessment Issue,High,Portal,1.56,3,0,27.31,2,Resolved
ADM00927,Finance,Accommodation Request,Medium,Portal,4.71,2,1,45.99,3,Resolved
ADM00928,Admissions,Application Issue,Medium,Phone,4.2,5,1,37.91,4,Resolved
ADM00929,IT,Application Issue,Medium,Portal,3.6,3,0,29.87,3,Resolved
ADM00930,Finance,Exam or Assessment Issue,High,Portal,1.18,2,0,23.58,3,Resolved
ADM00931,Registrar,Graduation Clearance,Medium,Phone,6.09,4,0,43.74,4,Resolved
ADM00932,Student Affairs,Payment Issue,High,Portal,4.43,5,0,40.77,3,Resolved
ADM00933,Academic Affairs,Accommodation Request,High,Walk-in,3.15,3,0,34.62,3,Resolved
ADM00934,Admissions,Library Issue,Medium,Email,8.98,2,1,27.73,4,Resolved
ADM00935,Registrar,Graduation Clearance,Medium,Phone,9.68,5,0,42.95,2,Resolved
ADM00936,Finance,Payment Issue,High,Email,2.22,1,1,49.72,1,Resolved
ADM00937,Registrar,Payment Issue,Critical,Helpdesk,1.7,7,0,47.33,2,Pending
ADM00938,Academic Affairs,Transcript Request,High,Portal,0.74,1,0,13.11,5,Resolved
ADM00939,Registrar,Accommodation Request,Medium,Walk-in,5.85,6,1,45.96,3,Escalated
ADM00940,IT,Fee Statement,Low,Portal,11.37,3,0,31.23,4,Resolved
ADM00941,Finance,Payment Issue,Medium,Email,3.64,4,0,34.27,4,Resolved
ADM00942,IT,Password Reset,Medium,Portal,5.51,3,0,5.59,4,Resolved
ADM00943,IT,Student ID Issue,Medium,Helpdesk,5.55,2,0,20.0,4,Resolved
ADM00944,Student Affairs,Library Issue,Medium,Email,8.47,4,1,35.97,4,Resolved
ADM00945,Registrar,Library Issue,Low,Portal,21.38,1,0,25.73,3,Resolved
ADM00946,Registrar,Payment Issue,Medium,Portal,7.26,2,0,34.3,4,Resolved
ADM00947,Registrar,Password Reset,Low,Email,16.67,4,0,29.13,2,Resolved
ADM00948,Student Affairs,Student ID Issue,Low,Helpdesk,6.2,1,1,26.38,4,Resolved
ADM00949,Student Affairs,Course Registration,High,Portal,3.09,1,0,18.52,3,Resolved
ADM00950,IT,Portal Access,Medium,Phone,4.2,2,0,14.28,4,Resolved
ADM00951,IT,Portal Access,Medium,Email,4.36,4,0,15.15,4,Resolved
ADM00952,IT,Portal Access,Low,Email,5.9,4,1,24.98,4,Resolved
ADM00953,Registrar,Graduation Clearance,Medium,Email,7.09,2,0,30.98,3,Resolved
ADM00954,Academic Affairs,Transcript Request,Medium,Portal,6.67,5,0,28.01,4,Resolved
ADM00955,Admissions,Library Issue,Low,Portal,8.41,4,0,21.74,3,Resolved
ADM00956,Finance,Application Issue,Low,Email,9.26,3,0,34.15,4,Resolved
ADM00957,Admissions,Application Issue,High,Walk-in,3.98,4,0,30.6,2,Resolved
ADM00958,Registrar,Transcript Request,Low,Portal,19.86,5,0,47.99,4,Pending
ADM00959,Registrar,Payment Issue,Low,Email,13.86,5,0,56.85,1,Resolved
ADM00960,Library,Graduation Clearance,High,Email,1.17,4,0,32.52,4,Resolved
ADM00961,Registrar,Accommodation Request,Medium,Email,2.44,6,0,33.0,3,Resolved
ADM00962,IT,Accommodation Request,High,Email,1.72,5,0,32.61,2,Resolved
ADM00963,Finance,Portal Access,Low,Portal,18.62,11,0,46.69,3,Resolved
ADM00964,Finance,Exam or Assessment Issue,Medium,Helpdesk,6.81,2,0,30.44,2,Resolved
ADM00965,Finance,Accommodation Request,Medium,Helpdesk,7.74,3,1,42.49,4,Resolved
ADM00966,Finance,Payment Issue,Critical,Walk-in,1.05,2,0,36.11,4,Resolved
ADM00967,IT,Exam or Assessment Issue,Low,Portal,19.09,3,0,44.77,2,Resolved
ADM00968,Finance,Course Registration,Medium,Portal,5.85,3,0,22.88,4,Resolved
ADM00969,IT,Transcript Request,Low,Helpdesk,5.68,1,0,20.61,3,Resolved
ADM00970,Admissions,Course Registration,Low,Phone,5.6,3,0,21.88,3,Resolved
ADM00971,IT,Library Issue,High,Portal,4.24,7,0,25.12,4,Resolved
ADM00972,Academic Affairs,Accommodation Request,Low,Portal,16.59,2,0,43.5,2,Resolved
ADM00973,Library,Student ID Issue,High,Portal,1.76,5,0,15.67,4,Resolved
ADM00974,Registrar,Graduation Clearance,Low,Phone,19.14,4,0,52.85,1,Resolved
ADM00975,Registrar,Portal Access,High,Helpdesk,1.11,3,0,6.65,4,Resolved
ADM00976,Finance,Transcript Request,Medium,Email,7.16,4,0,28.19,2,Pending
ADM00977,IT,Portal Access,High,Email,4.95,4,0,13.92,3,Pending
ADM00978,Registrar,Accommodation Request,Low,Portal,7.0,8,0,47.47,2,Resolved
ADM00979,Admissions,Graduation Clearance,High,Email,1.14,4,1,52.3,1,Resolved
ADM00980,IT,Fee Statement,High,Portal,2.61,4,1,35.31,3,Resolved
ADM00981,Finance,Accommodation Request,Medium,Phone,7.14,3,1,44.66,2,Escalated
ADM00982,Library,Transcript Request,High,Portal,0.62,6,0,28.19,4,Resolved
ADM00983,Registrar,Exam or Assessment Issue,Medium,Phone,6.0,7,1,46.52,4,Resolved
ADM00984,Registrar,Application Issue,High,Portal,0.87,1,0,23.84,3,Pending
ADM00985,IT,Exam or Assessment Issue,Medium,Phone,3.93,3,0,30.53,4,Resolved
ADM00986,Admissions,Transcript Request,Medium,Phone,7.7,2,0,23.94,3,Resolved
ADM00987,IT,Password Reset,High,Email,3.82,5,0,17.24,3,Resolved
ADM00988,Admissions,Exam or Assessment Issue,Medium,Phone,7.84,3,0,32.83,3,Resolved
ADM00989,Finance,Student ID Issue,Medium,Portal,2.52,6,0,15.94,5,Resolved
ADM00990,Student Affairs,Accommodation Request,Critical,Portal,1.62,2,0,21.82,3,Pending
ADM00991,Library,Password Reset,Medium,Email,5.46,6,0,17.59,4,Resolved
ADM00992,IT,Graduation Clearance,Medium,Portal,5.8,6,1,51.25,1,Resolved
ADM00993,Finance,Application Issue,Medium,Walk-in,5.36,3,0,27.09,4,Resolved
ADM00994,IT,Payment Issue,High,Email,4.36,1,0,30.51,4,Resolved
ADM00995,Finance,Graduation Clearance,Critical,Phone,1.42,3,0,34.99,3,Resolved
ADM00996,Registrar,Payment Issue,Critical,Helpdesk,1.1,2,0,35.39,3,Resolved
ADM00997,Academic Affairs,Student ID Issue,High,Portal,4.25,6,0,15.34,5,Resolved
ADM00998,Registrar,Library Issue,Medium,Email,8.44,5,0,24.53,2,Resolved
ADM00999,Academic Affairs,Student ID Issue,Low,Email,4.1,6,1,23.11,3,Escalated
ADM01000,Admissions,Student ID Issue,Low,Email,13.58,4,0,31.06,4,Resolved
ADM01001,Registrar,Student ID Issue,Low,Email,4.84,3,0,14.54,3,Resolved
ADM01002,Admissions,Student ID Issue,Low,Phone,10.14,5,0,25.04,3,Resolved
ADM01003,Student Affairs,Student ID Issue,High,Email,4.12,2,0,14.04,3,Resolved
ADM01004,Library,Course Registration,High,Phone,4.75,2,0,23.9,3,Pending
ADM01005,Library,Application Issue,Medium,Email,3.94,3,0,28.16,4,Resolved
ADM01006,IT,Transcript Request,Critical,Email,0.24,3,0,16.47,5,Resolved
ADM01007,IT,Exam or Assessment Issue,Critical,Email,0.92,6,1,43.12,2,Resolved
ADM01008,Student Affairs,Accommodation Request,High,Email,2.01,4,0,36.05,3,Resolved
ADM01009,Finance,Password Reset,Medium,Email,7.42,2,0,15.99,5,Pending
ADM01010,Admissions,Student ID Issue,Low,Phone,13.9,4,0,23.17,3,Resolved
ADM01011,Finance,Library Issue,Medium,Phone,5.19,7,0,21.75,4,Resolved
ADM01012,Academic Affairs,Portal Access,Low,Email,8.59,6,1,32.13,2,Resolved
ADM01013,Academic Affairs,Accommodation Request,Medium,Phone,8.63,3,0,39.44,2,Resolved
ADM01014,Registrar,Portal Access,High,Email,1.62,6,0,9.32,4,Resolved
ADM01015,IT,Password Reset,Medium,Email,2.44,4,1,21.05,5,Resolved
ADM01016,Academic Affairs,Password Reset,Low,Walk-in,15.29,4,0,24.84,2,Resolved
ADM01017,Registrar,Accommodation Request,Medium,Helpdesk,4.54,7,0,37.38,4,Resolved
ADM01018,IT,Exam or Assessment Issue,Medium,Walk-in,7.7,3,0,35.06,2,Resolved
ADM01019,Academic Affairs,Library Issue,Low,Email,5.62,5,0,25.76,3,Pending
ADM01020,Registrar,Course Registration,Low,Helpdesk,23.33,3,0,41.41,3,Resolved
ADM01021,IT,Payment Issue,Critical,Phone,0.54,3,0,33.16,2,Pending
ADM01022,Finance,Password Reset,Medium,Portal,4.86,4,0,14.75,5,Resolved
ADM01023,Academic Affairs,Exam or Assessment Issue,High,Helpdesk,2.66,3,1,36.35,4,Resolved
ADM01024,Academic Affairs,Library Issue,Medium,Walk-in,9.12,4,0,26.65,4,Resolved
ADM01025,Academic Affairs,Password Reset,Medium,Phone,7.78,4,0,17.32,5,Resolved
ADM01026,Admissions,Graduation Clearance,Medium,Walk-in,3.16,5,0,47.31,2,Resolved
ADM01027,Student Affairs,Fee Statement,High,Portal,2.47,6,0,32.1,2,Pending
ADM01028,Student Affairs,Payment Issue,High,Phone,2.94,3,0,40.93,3,Pending
ADM01029,Finance,Graduation Clearance,Medium,Email,7.62,5,1,52.62,1,Resolved
ADM01030,Student Affairs,Password Reset,Low,Helpdesk,15.44,4,0,22.33,3,Resolved
ADM01031,Registrar,Library Issue,Low,Portal,13.15,6,0,29.06,2,Resolved
ADM01032,IT,Password Reset,High,Walk-in,3.94,3,0,8.92,3,Resolved
ADM01033,Finance,Portal Access,Medium,Portal,5.02,3,1,29.9,2,Resolved
ADM01034,Registrar,Accommodation Request,Low,Walk-in,23.74,5,0,52.2,3,Resolved
ADM01035,Registrar,Accommodation Request,Medium,Portal,9.58,6,1,53.11,1,Escalated
ADM01036,IT,Exam or Assessment Issue,Medium,Portal,7.66,7,0,37.54,4,Resolved
ADM01037,Finance,Password Reset,High,Walk-in,4.47,6,0,16.2,4,Pending
ADM01038,IT,Library Issue,Medium,Email,5.15,2,0,15.61,4,Resolved
ADM01039,Registrar,Portal Access,Low,Portal,15.63,4,0,24.45,4,Resolved
ADM01040,Finance,Course Registration,Low,Portal,9.45,6,0,32.45,2,Resolved
ADM01041,Admissions,Course Registration,Medium,Portal,9.09,5,0,31.98,4,Resolved
ADM01042,Library,Portal Access,Low,Portal,13.42,6,0,29.7,2,Resolved
ADM01043,Finance,Transcript Request,High,Email,2.91,5,0,25.79,3,Resolved
ADM01044,IT,Library Issue,Medium,Email,8.92,4,0,20.3,4,Resolved
ADM01045,Student Affairs,Course Registration,Medium,Walk-in,8.38,3,0,22.34,3,Resolved
ADM01046,IT,Transcript Request,Medium,Helpdesk,4.57,5,1,34.73,3,Resolved
ADM01047,Finance,Library Issue,High,Phone,0.89,6,0,18.48,4,Resolved
ADM01048,Registrar,Graduation Clearance,Medium,Email,3.3,3,0,36.92,2,Resolved
ADM01049,Student Affairs,Portal Access,High,Walk-in,2.03,4,0,13.07,3,Resolved
ADM01050,Registrar,Graduation Clearance,Medium,Portal,4.44,2,0,35.83,4,Pending
ADM01051,Student Affairs,Student ID Issue,High,Walk-in,0.67,5,0,14.6,4,Resolved
ADM01052,Admissions,Transcript Request,High,Portal,2.44,6,0,24.33,4,Resolved
ADM01053,Academic Affairs,Transcript Request,Low,Email,6.12,7,0,25.86,2,Resolved
ADM01054,Library,Exam or Assessment Issue,Low,Phone,8.42,3,1,44.56,4,Resolved
ADM01055,Academic Affairs,Password Reset,High,Portal,4.04,4,0,15.99,4,Resolved
ADM01056,Finance,Application Issue,High,Helpdesk,2.73,3,1,38.37,3,Resolved
ADM01057,Library,Application Issue,High,Phone,2.18,5,0,25.9,4,Resolved
ADM01058,Admissions,Library Issue,High,Portal,1.33,5,1,27.54,3,Resolved
ADM01059,Admissions,Graduation Clearance,Medium,Phone,8.93,8,0,44.87,2,Resolved
ADM01060,IT,Graduation Clearance,Medium,Portal,9.23,4,1,54.08,2,Resolved
ADM01061,Student Affairs,Password Reset,Critical,Email,1.13,4,0,9.6,3,Resolved
ADM01062,Academic Affairs,Graduation Clearance,High,Portal,4.65,6,0,38.13,4,Pending
ADM01063,Library,Accommodation Request,Medium,Email,5.72,2,0,31.93,3,Resolved
ADM01064,Admissions,Payment Issue,Medium,Email,2.86,4,0,36.36,3,Resolved
ADM01065,Admissions,Student ID Issue,Medium,Email,2.14,6,0,20.15,5,Resolved
ADM01066,Library,Payment Issue,Medium,Email,3.03,9,0,51.96,3,Resolved
ADM01067,Finance,Transcript Request,Medium,Email,6.98,3,1,31.6,2,Escalated
ADM01068,Registrar,Fee Statement,Medium,Walk-in,4.57,3,0,26.76,3,Resolved
ADM01069,Finance,Course Registration,Low,Email,16.97,6,0,34.98,3,Resolved
ADM01070,Finance,Course Registration,High,Portal,2.79,4,0,18.66,3,Resolved
ADM01071,Finance,Password Reset,High,Portal,2.0,4,1,23.01,4,Escalated
ADM01072,Finance,Application Issue,High,Email,1.48,2,0,24.68,4,Resolved
ADM01073,Registrar,Fee Statement,High,Helpdesk,0.86,3,1,34.57,2,Resolved
ADM01074,Registrar,Password Reset,Medium,Phone,8.26,4,0,17.64,5,Resolved
ADM01075,Academic Affairs,Transcript Request,High,Walk-in,4.19,4,0,24.47,3,Resolved
ADM01076,Admissions,Fee Statement,Medium,Portal,6.33,3,1,33.41,2,Escalated
ADM01077,Finance,Course Registration,Critical,Phone,0.48,5,0,21.75,4,Resolved
ADM01078,IT,Library Issue,Low,Helpdesk,9.27,3,0,14.64,4,Resolved
ADM01079,Registrar,Transcript Request,High,Portal,4.8,4,0,20.6,4,Resolved
ADM01080,Academic Affairs,Password Reset,Medium,Portal,3.81,5,0,6.69,4,Pending
ADM01081,Library,Exam or Assessment Issue,Low,Portal,5.14,3,0,27.68,2,Resolved
ADM01082,Registrar,Accommodation Request,Medium,Helpdesk,6.4,5,1,46.05,4,Resolved
ADM01083,Admissions,Portal Access,Medium,Email,4.1,6,1,27.8,3,Resolved
ADM01084,Student Affairs,Transcript Request,Medium,Phone,9.66,5,0,32.45,3,Pending
ADM01085,Academic Affairs,Transcript Request,Medium,Email,6.6,4,0,26.68,4,Resolved
ADM01086,Admissions,Accommodation Request,High,Helpdesk,4.85,1,0,28.01,2,Resolved
ADM01087,IT,Student ID Issue,Medium,Portal,8.28,3,0,13.83,5,Resolved
ADM01088,Registrar,Library Issue,Medium,Helpdesk,7.78,1,0,16.31,4,Resolved
ADM01089,Academic Affairs,Accommodation Request,Medium,Helpdesk,8.64,3,0,37.9,4,Resolved
ADM01090,Finance,Payment Issue,Medium,Portal,6.84,7,0,49.55,3,Pending
ADM01091,Academic Affairs,Payment Issue,High,Phone,0.55,3,0,37.87,2,Resolved
ADM01092,IT,Transcript Request,Medium,Phone,5.14,3,1,39.51,2,Resolved
ADM01093,IT,Student ID Issue,Critical,Portal,0.59,5,0,14.23,4,Resolved
ADM01094,Admissions,Course Registration,Medium,Portal,5.47,6,0,30.85,2,Resolved
ADM01095,Finance,Student ID Issue,High,Email,2.62,5,1,24.47,4,Escalated
ADM01096,Registrar,Payment Issue,High,Portal,1.08,6,0,34.18,4,Resolved
ADM01097,Finance,Student ID Issue,High,Helpdesk,0.61,3,0,13.8,4,Resolved
ADM01098,Registrar,Student ID Issue,Low,Email,6.76,5,0,20.62,5,Resolved
ADM01099,Library,Exam or Assessment Issue,Medium,Walk-in,8.86,6,0,39.5,2,Resolved
ADM01100,Finance,Library Issue,Medium,Email,8.05,7,0,26.75,3,Resolved
ADM01101,Registrar,Transcript Request,High,Portal,4.1,4,0,21.63,3,Resolved
ADM01102,Academic Affairs,Graduation Clearance,Low,Email,9.53,5,0,41.48,2,Resolved
ADM01103,Student Affairs,Exam or Assessment Issue,Critical,Portal,0.62,1,0,23.7,4,Resolved
ADM01104,Academic Affairs,Library Issue,Low,Email,4.75,2,0,17.49,5,Pending
ADM01105,Academic Affairs,Course Registration,Low,Phone,13.45,5,0,32.27,4,Resolved
ADM01106,Registrar,Course Registration,Low,Portal,11.65,5,0,24.2,2,Resolved
ADM01107,Finance,Payment Issue,Medium,Walk-in,8.69,1,0,34.95,3,Resolved
ADM01108,Library,Password Reset,High,Portal,3.57,2,1,16.65,4,Resolved
ADM01109,IT,Accommodation Request,Medium,Helpdesk,3.15,4,0,33.84,4,Resolved
ADM01110,Registrar,Application Issue,Medium,Walk-in,9.9,9,0,43.02,2,Resolved
ADM01111,Student Affairs,Transcript Request,Low,Email,19.41,2,0,36.1,4,Resolved
ADM01112,Finance,Graduation Clearance,Medium,Email,7.76,4,0,37.92,3,Resolved
ADM01113,Finance,Password Reset,Low,Email,8.33,3,0,15.96,4,Pending
ADM01114,Admissions,Exam or Assessment Issue,Medium,Portal,9.24,3,1,51.15,1,Escalated
ADM01115,IT,Transcript Request,High,Portal,2.63,3,0,28.53,4,Resolved
ADM01116,IT,Accommodation Request,Medium,Helpdesk,4.38,4,0,32.77,2,Resolved
ADM01117,Registrar,Accommodation Request,Low,Portal,17.1,4,0,43.61,3,Resolved
ADM01118,Student Affairs,Fee Statement,Low,Walk-in,8.24,2,0,27.41,4,Resolved
ADM01119,Finance,Library Issue,High,Email,4.58,3,1,22.49,5,Escalated
ADM01120,Registrar,Exam or Assessment Issue,High,Email,4.34,2,0,27.99,3,Resolved
ADM01121,Student Affairs,Payment Issue,High,Walk-in,2.59,7,0,43.0,2,Resolved
ADM01122,Academic Affairs,Fee Statement,High,Email,1.36,4,0,23.2,5,Resolved
ADM01123,Student Affairs,Course Registration,Critical,Helpdesk,1.09,3,1,23.53,3,Escalated
ADM01124,Library,Application Issue,Medium,Email,3.19,7,0,33.41,2,Resolved
ADM01125,IT,Exam or Assessment Issue,Medium,Helpdesk,4.16,6,0,38.87,2,Resolved
ADM01126,IT,Payment Issue,Low,Walk-in,13.65,5,0,52.04,3,Resolved
ADM01127,Registrar,Course Registration,Medium,Phone,2.17,6,1,32.22,4,Resolved
ADM01128,Admissions,Student ID Issue,High,Helpdesk,3.95,3,0,17.13,4,Pending
ADM01129,Finance,Library Issue,High,Portal,1.39,4,1,25.49,4,Escalated
ADM01130,Finance,Library Issue,Medium,Email,8.93,6,0,21.73,5,Resolved
ADM01131,IT,Library Issue,Medium,Email,2.18,3,0,17.63,4,Resolved
ADM01132,Admissions,Fee Statement,High,Email,2.89,4,0,26.59,4,Resolved
ADM01133,Registrar,Portal Access,Medium,Portal,8.21,1,1,19.56,5,Resolved
ADM01134,Finance,Graduation Clearance,Medium,Helpdesk,3.9,6,0,41.36,4,Resolved
ADM01135,IT,Graduation Clearance,High,Email,3.68,5,0,33.88,3,Pending
ADM01136,Registrar,Password Reset,Low,Helpdesk,18.42,4,0,24.56,3,Resolved
ADM01137,Student Affairs,Accommodation Request,High,Helpdesk,3.37,4,0,35.24,4,Pending
ADM01138,Admissions,Application Issue,Critical,Phone,0.86,5,0,24.33,4,Resolved
ADM01139,Admissions,Accommodation Request,Medium,Helpdesk,8.28,3,0,34.67,2,Pending
ADM01140,IT,Portal Access,Medium,Walk-in,7.03,5,0,19.47,3,Resolved
ADM01141,Student Affairs,Student ID Issue,High,Portal,3.16,4,0,14.76,3,Resolved
ADM01142,Finance,Student ID Issue,Medium,Phone,8.55,6,0,28.88,3,Resolved
ADM01143,IT,Student ID Issue,Low,Phone,8.89,2,0,22.91,3,Resolved
ADM01144,IT,Payment Issue,High,Email,1.55,4,0,38.17,3,Resolved
ADM01145,Finance,Course Registration,Medium,Email,5.09,5,0,30.45,2,Resolved
ADM01146,Student Affairs,Course Registration,Medium,Portal,2.59,4,0,16.32,5,Pending
ADM01147,Library,Student ID Issue,Medium,Email,4.7,9,1,31.08,3,Resolved
ADM01148,IT,Application Issue,Medium,Helpdesk,5.25,1,0,26.86,4,Resolved
ADM01149,Student Affairs,Fee Statement,Medium,Portal,5.96,2,0,30.55,3,Resolved
ADM01150,Student Affairs,Application Issue,Medium,Portal,4.03,6,0,32.26,2,Resolved
ADM01151,IT,Application Issue,Medium,Email,9.25,6,0,36.91,2,Resolved
ADM01152,Student Affairs,Course Registration,Medium,Portal,4.28,3,0,15.33,5,Resolved
ADM01153,IT,Library Issue,Critical,Portal,1.73,3,1,22.26,5,Resolved
ADM01154,IT,Application Issue,High,Email,2.5,3,0,25.39,3,Resolved
ADM01155,IT,Application Issue,Low,Helpdesk,18.36,6,1,58.48,1,Resolved
ADM01156,Library,Accommodation Request,Low,Email,6.22,2,0,31.08,4,Resolved
ADM01157,Registrar,Library Issue,Medium,Phone,6.36,4,0,20.29,4,Resolved
ADM01158,Student Affairs,Course Registration,Medium,Email,9.69,6,1,40.37,4,Resolved
ADM01159,Student Affairs,Fee Statement,High,Helpdesk,3.5,3,0,20.57,5,Resolved
ADM01160,Registrar,Graduation Clearance,Medium,Portal,8.56,2,1,48.37,2,Resolved
ADM01161,Student Affairs,Password Reset,Medium,Phone,4.09,5,0,15.53,4,Resolved
ADM01162,Registrar,Course Registration,Medium,Walk-in,8.4,5,0,23.68,3,Resolved
ADM01163,Finance,Course Registration,High,Phone,2.08,5,0,21.65,5,Resolved
ADM01164,Library,Application Issue,High,Email,2.68,4,0,32.57,2,Resolved
ADM01165,Registrar,Accommodation Request,Medium,Portal,3.5,5,0,38.02,3,Resolved
ADM01166,Student Affairs,Portal Access,Medium,Email,5.89,3,0,17.16,4,Resolved
ADM01167,Student Affairs,Student ID Issue,Low,Portal,14.31,5,1,38.56,3,Escalated
ADM01168,Admissions,Transcript Request,Medium,Portal,6.98,8,0,35.28,2,Pending
ADM01169,Registrar,Exam or Assessment Issue,Low,Walk-in,21.37,2,0,43.91,3,Resolved
ADM01170,Finance,Accommodation Request,High,Email,1.87,6,0,33.05,2,Resolved
ADM01171,IT,Portal Access,Medium,Email,9.87,5,0,21.89,4,Resolved
ADM01172,Academic Affairs,Application Issue,High,Helpdesk,4.31,4,0,31.11,2,Resolved
ADM01173,IT,Application Issue,Critical,Helpdesk,0.93,1,0,23.98,5,Resolved
ADM01174,Finance,Graduation Clearance,Low,Helpdesk,8.53,2,0,39.96,2,Resolved
ADM01175,IT,Fee Statement,High,Portal,0.82,4,0,28.17,2,Resolved
ADM01176,Admissions,Portal Access,High,Email,1.55,4,0,15.84,3,Resolved
ADM01177,Library,Payment Issue,Medium,Helpdesk,9.08,4,0,46.03,3,Resolved
ADM01178,Registrar,Graduation Clearance,Medium,Email,4.34,3,0,38.05,2,Resolved
ADM01179,Library,Student ID Issue,Medium,Email,3.1,5,0,16.58,5,Resolved
ADM01180,Admissions,Transcript Request,High,Email,0.6,4,0,15.92,3,Resolved
ADM01181,Academic Affairs,Fee Statement,Medium,Phone,4.38,5,0,26.29,2,Resolved
ADM01182,Finance,Accommodation Request,Medium,Email,3.73,4,1,45.87,3,Resolved
ADM01183,IT,Exam or Assessment Issue,Low,Walk-in,6.04,5,0,39.54,4,Resolved
ADM01184,Academic Affairs,Exam or Assessment Issue,Low,Email,23.02,8,0,59.36,2,Resolved
ADM01185,Registrar,Accommodation Request,Low,Email,9.35,4,0,36.64,4,Pending
ADM01186,Academic Affairs,Portal Access,Low,Portal,4.12,4,0,11.35,5,Resolved
ADM01187,IT,Student ID Issue,Medium,Portal,9.55,2,0,20.91,5,Resolved
ADM01188,Registrar,Student ID Issue,Low,Helpdesk,15.57,3,0,29.52,4,Resolved
ADM01189,Finance,Accommodation Request,Low,Helpdesk,5.66,3,0,35.56,4,Resolved
ADM01190,IT,Payment Issue,High,Email,0.64,4,1,49.61,3,Resolved
ADM01191,Registrar,Exam or Assessment Issue,High,Helpdesk,0.99,6,0,36.57,3,Pending
ADM01192,IT,Application Issue,High,Phone,3.16,7,1,45.94,4,Resolved
ADM01193,Finance,Student ID Issue,High,Portal,0.78,6,0,16.64,5,Pending
ADM01194,IT,Portal Access,Low,Phone,15.36,4,0,26.92,4,Resolved
ADM01195,Registrar,Accommodation Request,Low,Helpdesk,17.05,9,0,55.02,1,Pending
ADM01196,Student Affairs,Application Issue,Medium,Email,3.18,1,0,24.06,3,Resolved
ADM01197,Academic Affairs,Library Issue,High,Email,2.7,3,0,13.55,3,Resolved
ADM01198,Academic Affairs,Exam or Assessment Issue,High,Portal,4.84,3,0,31.31,3,Pending
ADM01199,Library,Course Registration,Medium,Email,8.69,6,0,30.03,2,Pending
ADM01200,Registrar,Application Issue,Low,Portal,18.47,3,0,49.92,2,Resolved
ADM01201,Library,Student ID Issue,Medium,Phone,6.14,8,0,25.47,2,Resolved
ADM01202,Registrar,Course Registration,Medium,Walk-in,5.15,6,1,36.32,3,Resolved
ADM01203,Registrar,Student ID Issue,Medium,Portal,5.61,2,1,25.36,4,Resolved
ADM01204,Finance,Portal Access,High,Email,3.94,4,1,24.24,4,Resolved
ADM01205,Admissions,Password Reset,Medium,Walk-in,6.43,6,0,18.22,3,Resolved
ADM01206,Library,Graduation Clearance,High,Portal,3.94,5,0,38.21,2,Resolved
ADM01207,IT,Application Issue,Medium,Walk-in,9.76,1,0,32.18,3,Resolved
ADM01208,Admissions,Course Registration,Medium,Helpdesk,7.12,3,1,36.2,4,Resolved
ADM01209,Finance,Portal Access,High,Helpdesk,3.21,3,0,16.25,3,Resolved
ADM01210,Academic Affairs,Student ID Issue,Medium,Phone,5.25,1,1,23.43,4,Escalated
ADM01211,Admissions,Application Issue,Medium,Portal,3.57,6,0,33.62,4,Resolved
ADM01212,Admissions,Portal Access,High,Email,2.18,2,0,12.21,5,Pending
ADM01213,Registrar,Exam or Assessment Issue,High,Phone,2.84,4,0,28.91,4,Resolved
ADM01214,Library,Student ID Issue,Low,Helpdesk,4.7,9,0,28.72,2,Resolved
ADM01215,IT,Password Reset,Medium,Email,5.81,3,0,8.9,4,Resolved
ADM01216,Finance,Password Reset,Medium,Email,8.9,2,0,12.15,5,Resolved
ADM01217,Registrar,Transcript Request,High,Walk-in,4.89,4,0,29.34,3,Resolved
ADM01218,IT,Graduation Clearance,Critical,Email,1.74,3,1,45.6,3,Resolved
ADM01219,IT,Fee Statement,Low,Email,7.44,6,0,31.25,3,Resolved
ADM01220,Finance,Graduation Clearance,Low,Helpdesk,7.1,4,0,45.95,3,Resolved
ADM01221,Academic Affairs,Portal Access,High,Email,2.27,6,0,19.83,4,Resolved
ADM01222,Registrar,Fee Statement,Medium,Email,3.8,5,1,34.95,4,Escalated
ADM01223,Admissions,Transcript Request,Medium,Portal,7.41,3,1,39.25,4,Resolved
ADM01224,Academic Affairs,Payment Issue,Low,Walk-in,5.69,6,1,51.48,3,Resolved
ADM01225,Admissions,Application Issue,Medium,Portal,5.55,2,0,32.21,2,Resolved
ADM01226,IT,Exam or Assessment Issue,High,Portal,1.76,5,0,35.91,2,Pending
ADM01227,Finance,Student ID Issue,Medium,Phone,6.76,5,0,21.63,3,Resolved
ADM01228,Finance,Accommodation Request,Medium,Portal,8.38,3,0,36.51,4,Resolved
ADM01229,Academic Affairs,Fee Statement,High,Email,4.66,4,1,36.49,2,Escalated
ADM01230,Admissions,Fee Statement,Low,Email,23.28,6,0,51.04,1,Resolved
ADM01231,Student Affairs,Portal Access,Low,Portal,11.02,6,0,21.4,4,Resolved
ADM01232,Finance,Application Issue,High,Walk-in,4.35,1,0,29.29,2,Resolved
ADM01233,Registrar,Portal Access,High,Walk-in,3.16,3,0,8.28,4,Resolved
ADM01234,Registrar,Password Reset,Medium,Phone,7.54,9,0,20.95,5,Resolved
ADM01235,IT,Exam or Assessment Issue,Medium,Walk-in,8.81,3,1,46.49,3,Resolved
ADM01236,Finance,Fee Statement,Medium,Email,3.04,3,0,25.92,3,Pending
ADM01237,Student Affairs,Application Issue,Medium,Helpdesk,9.58,2,0,34.5,3,Resolved
ADM01238,Admissions,Library Issue,Low,Helpdesk,14.95,2,0,26.5,3,Resolved
ADM01239,Academic Affairs,Payment Issue,Medium,Portal,4.69,4,0,46.41,2,Resolved
ADM01240,Registrar,Student ID Issue,Low,Email,10.77,5,0,25.9,2,Resolved
ADM01241,Student Affairs,Transcript Request,High,Portal,3.88,1,0,23.8,3,Resolved
ADM01242,Library,Payment Issue,Medium,Portal,7.43,1,1,48.31,2,Resolved
ADM01243,Library,Transcript Request,Medium,Email,7.84,3,0,25.29,4,Resolved
ADM01244,Student Affairs,Fee Statement,Low,Phone,9.06,4,0,32.44,4,Resolved
ADM01245,Library,Payment Issue,Low,Walk-in,7.4,5,0,44.52,2,Resolved
ADM01246,IT,Payment Issue,High,Walk-in,3.75,5,0,40.85,4,Resolved
ADM01247,Registrar,Student ID Issue,High,Email,1.84,5,0,13.22,3,Resolved
ADM01248,Registrar,Accommodation Request,High,Email,1.5,6,0,30.94,3,Resolved
ADM01249,Academic Affairs,Student ID Issue,High,Phone,1.47,3,0,10.08,4,Resolved
ADM01250,IT,Portal Access,Low,Helpdesk,6.97,8,0,25.08,3,Resolved
ADM01251,Library,Accommodation Request,High,Portal,2.42,2,0,30.47,2,Pending
ADM01252,Admissions,Payment Issue,Low,Phone,9.22,4,0,45.0,4,Resolved
ADM01253,Registrar,Accommodation Request,Low,Email,21.88,5,0,55.66,2,Resolved
ADM01254,Registrar,Exam or Assessment Issue,High,Phone,3.6,5,0,27.76,2,Resolved
ADM01255,IT,Accommodation Request,High,Helpdesk,3.85,4,1,47.1,2,Escalated
ADM01256,Admissions,Portal Access,High,Phone,2.32,4,1,26.43,4,Resolved
ADM01257,Registrar,Application Issue,High,Helpdesk,3.2,3,0,26.36,3,Resolved
ADM01258,Admissions,Fee Statement,Critical,Portal,1.1,3,0,22.29,3,Resolved
ADM01259,Registrar,Application Issue,Low,Walk-in,7.35,3,0,30.32,2,Resolved
ADM01260,IT,Fee Statement,Critical,Email,0.29,6,0,22.88,3,Pending
ADM01261,Finance,Application Issue,Medium,Email,7.47,2,0,30.88,4,Resolved
ADM01262,Library,Application Issue,High,Email,1.05,3,0,19.49,3,Resolved
ADM01263,Finance,Transcript Request,High,Portal,0.76,2,0,19.04,4,Resolved
ADM01264,Admissions,Accommodation Request,Medium,Portal,5.53,2,0,32.46,4,Resolved
ADM01265,Registrar,Password Reset,High,Phone,3.82,2,1,20.97,5,Resolved
ADM01266,Registrar,Portal Access,Medium,Helpdesk,8.15,2,1,23.45,5,Resolved
ADM01267,Finance,Application Issue,High,Phone,4.43,6,0,35.78,3,Resolved
ADM01268,Admissions,Payment Issue,Low,Email,7.98,5,1,54.86,1,Resolved
ADM01269,IT,Library Issue,Medium,Helpdesk,9.88,7,0,30.8,2,Resolved
ADM01270,Finance,Transcript Request,Low,Portal,19.26,6,0,44.1,4,Resolved
ADM01271,IT,Library Issue,Medium,Phone,3.26,4,0,19.74,3,Resolved
ADM01272,Student Affairs,Course Registration,Medium,Helpdesk,8.73,5,0,29.09,4,Resolved
ADM01273,Library,Student ID Issue,Low,Helpdesk,13.98,3,1,33.62,3,Resolved
ADM01274,Registrar,Course Registration,Medium,Portal,2.53,7,0,26.75,4,Resolved
ADM01275,Admissions,Fee Statement,Medium,Walk-in,3.06,2,0,24.92,3,Resolved
ADM01276,Registrar,Application Issue,Low,Portal,12.68,3,1,48.04,3,Resolved
ADM01277,Finance,Portal Access,Medium,Portal,6.24,4,0,13.21,3,Resolved
ADM01278,Academic Affairs,Payment Issue,Critical,Portal,1.91,5,0,41.81,4,Resolved
ADM01279,Registrar,Password Reset,Low,Portal,8.31,1,1,22.58,4,Resolved
ADM01280,Admissions,Password Reset,Medium,Portal,5.79,1,0,6.72,4,Resolved
ADM01281,IT,Transcript Request,Low,Phone,8.52,3,0,28.6,2,Pending
ADM01282,IT,Transcript Request,Low,Email,15.17,3,0,34.86,4,Resolved
ADM01283,IT,Transcript Request,High,Phone,4.59,2,0,27.2,4,Resolved
ADM01284,Registrar,Transcript Request,Medium,Phone,6.54,4,1,35.43,2,Escalated
ADM01285,Finance,Accommodation Request,Medium,Helpdesk,6.08,5,0,38.28,4,Resolved
ADM01286,Admissions,Application Issue,Low,Portal,19.0,7,0,50.38,3,Resolved
ADM01287,Registrar,Exam or Assessment Issue,High,Helpdesk,1.16,2,1,31.84,4,Resolved
ADM01288,Finance,Library Issue,High,Helpdesk,4.58,6,1,29.99,4,Escalated
ADM01289,Registrar,Application Issue,Low,Phone,15.55,7,0,46.17,4,Resolved
ADM01290,Registrar,Exam or Assessment Issue,Low,Walk-in,17.73,3,0,36.96,2,Resolved
ADM01291,Finance,Application Issue,Low,Portal,20.38,3,0,47.07,4,Resolved
ADM01292,Registrar,Course Registration,High,Helpdesk,3.36,3,1,29.8,4,Escalated
ADM01293,IT,Portal Access,Low,Phone,16.82,2,1,35.2,3,Resolved
ADM01294,IT,Payment Issue,Medium,Portal,7.84,10,0,55.13,1,Resolved
ADM01295,Library,Fee Statement,Low,Portal,5.04,4,0,27.48,3,Pending
ADM01296,Registrar,Portal Access,Low,Phone,11.64,5,0,17.79,4,Resolved
ADM01297,Registrar,Transcript Request,Low,Email,23.26,6,0,39.01,2,Resolved
ADM01298,Registrar,Library Issue,Medium,Walk-in,4.06,2,1,27.97,4,Resolved
ADM01299,IT,Course Registration,Low,Email,14.85,4,0,36.12,2,Resolved
ADM01300,IT,Graduation Clearance,Medium,Portal,3.4,2,0,33.83,2,Resolved
ADM01301,Registrar,Accommodation Request,Medium,Phone,4.59,5,0,39.38,3,Resolved
ADM01302,Academic Affairs,Library Issue,Medium,Helpdesk,7.74,3,1,32.9,2,Resolved
ADM01303,Registrar,Course Registration,High,Phone,3.39,1,0,19.33,3,Resolved
ADM01304,Admissions,Student ID Issue,High,Walk-in,2.36,3,0,14.79,3,Resolved
ADM01305,IT,Graduation Clearance,High,Helpdesk,4.72,6,1,49.32,1,Resolved
ADM01306,Student Affairs,Accommodation Request,High,Portal,3.99,3,0,39.03,3,Resolved
ADM01307,IT,Transcript Request,Medium,Walk-in,4.14,3,0,21.48,5,Resolved
ADM01308,Library,Fee Statement,Low,Email,13.31,4,0,39.4,2,Resolved
ADM01309,Finance,Transcript Request,Medium,Walk-in,9.02,3,0,26.85,4,Resolved
ADM01310,Student Affairs,Library Issue,Medium,Email,2.18,3,0,17.98,3,Resolved
ADM01311,Registrar,Transcript Request,Medium,Helpdesk,6.65,5,0,28.22,3,Resolved
ADM01312,Student Affairs,Student ID Issue,Low,Portal,8.64,5,0,26.71,2,Resolved
ADM01313,Admissions,Transcript Request,Medium,Email,2.51,5,1,37.36,4,Resolved
ADM01314,Student Affairs,Course Registration,High,Email,4.61,3,0,28.71,3,Resolved
ADM01315,Admissions,Password Reset,Medium,Email,8.53,5,1,22.73,5,Resolved
ADM01316,IT,Graduation Clearance,Critical,Portal,0.53,4,0,35.37,4,Resolved
ADM01317,Admissions,Transcript Request,Medium,Portal,8.7,5,0,33.1,4,Resolved
ADM01318,Library,Student ID Issue,Low,Helpdesk,6.93,5,0,16.8,3,Resolved
ADM01319,Registrar,Application Issue,Medium,Portal,5.81,4,0,35.96,4,Resolved
ADM01320,Registrar,Application Issue,Medium,Email,7.81,3,0,28.12,2,Pending
ADM01321,Finance,Fee Statement,Medium,Phone,6.27,8,0,34.24,2,Resolved
ADM01322,Registrar,Fee Statement,Medium,Email,8.81,4,0,34.6,4,Resolved
ADM01323,Student Affairs,Graduation Clearance,Medium,Helpdesk,6.94,5,0,35.61,3,Resolved
ADM01324,Registrar,Fee Statement,Low,Portal,12.64,4,0,35.2,3,Pending
ADM01325,Academic Affairs,Portal Access,Medium,Phone,9.4,5,0,24.22,2,Resolved
ADM01326,Finance,Payment Issue,Medium,Email,2.29,3,0,34.06,2,Pending
ADM01327,Registrar,Fee Statement,Critical,Email,1.08,5,0,29.31,3,Resolved
ADM01328,Library,Transcript Request,Medium,Walk-in,7.29,5,0,31.95,4,Resolved
ADM01329,IT,Fee Statement,High,Portal,4.26,3,0,23.12,4,Resolved
ADM01330,Admissions,Payment Issue,Medium,Helpdesk,6.33,4,0,38.17,3,Pending
ADM01331,IT,Portal Access,Low,Portal,21.71,3,0,29.88,3,Resolved
ADM01332,IT,Payment Issue,Medium,Walk-in,5.41,3,1,49.94,1,Resolved
ADM01333,Finance,Library Issue,Medium,Helpdesk,4.54,8,0,25.9,3,Resolved
ADM01334,Academic Affairs,Fee Statement,Critical,Email,1.95,2,1,29.72,4,Resolved
ADM01335,Academic Affairs,Graduation Clearance,High,Walk-in,3.5,4,1,48.71,3,Resolved
ADM01336,IT,Fee Statement,High,Email,2.42,3,0,27.89,3,Resolved
ADM01337,Registrar,Fee Statement,High,Phone,4.45,4,0,27.83,2,Resolved
ADM01338,IT,Library Issue,Medium,Phone,7.46,6,0,31.4,2,Resolved
ADM01339,Registrar,Payment Issue,High,Portal,3.37,4,1,47.13,4,Escalated
ADM01340,Registrar,Course Registration,Medium,Email,7.83,5,0,27.84,2,Resolved
ADM01341,Finance,Transcript Request,High,Phone,3.82,5,0,25.78,4,Resolved
ADM01342,Admissions,Student ID Issue,Medium,Helpdesk,5.94,2,0,12.28,3,Resolved
ADM01343,Student Affairs,Transcript Request,Medium,Helpdesk,5.35,4,0,33.09,3,Resolved
ADM01344,IT,Fee Statement,Medium,Phone,9.27,4,0,32.9,4,Resolved
ADM01345,Library,Portal Access,Low,Email,13.94,6,0,25.2,4,Resolved
ADM01346,Admissions,Library Issue,Medium,Helpdesk,3.73,5,0,16.05,5,Resolved
ADM01347,Finance,Graduation Clearance,High,Helpdesk,2.85,6,0,43.07,4,Resolved
ADM01348,Finance,Course Registration,Medium,Portal,2.28,5,0,25.74,2,Resolved
ADM01349,Academic Affairs,Accommodation Request,Medium,Email,7.79,2,0,38.12,4,Resolved
ADM01350,Registrar,Course Registration,Medium,Helpdesk,3.02,3,0,18.8,5,Resolved
ADM01351,Student Affairs,Student ID Issue,High,Helpdesk,1.0,3,1,21.34,5,Resolved
ADM01352,IT,Transcript Request,Medium,Email,9.57,2,0,28.34,2,Resolved
ADM01353,Admissions,Fee Statement,Critical,Helpdesk,1.59,4,0,21.67,5,Resolved
ADM01354,IT,Password Reset,Critical,Portal,0.95,3,1,14.62,3,Resolved
ADM01355,Admissions,Accommodation Request,High,Helpdesk,1.58,3,0,36.23,3,Resolved
ADM01356,Student Affairs,Fee Statement,Low,Portal,20.87,4,1,58.23,3,Resolved
ADM01357,Student Affairs,Library Issue,Medium,Portal,9.75,3,0,20.52,4,Resolved
ADM01358,Admissions,Accommodation Request,High,Email,2.79,7,0,34.77,4,Resolved
ADM01359,Finance,Student ID Issue,High,Helpdesk,3.11,2,0,14.38,4,Resolved
ADM01360,IT,Password Reset,High,Portal,1.59,6,1,28.6,4,Resolved
ADM01361,Academic Affairs,Payment Issue,Medium,Walk-in,6.71,3,0,40.95,3,Resolved
ADM01362,Registrar,Payment Issue,Medium,Email,5.2,2,0,38.22,2,Resolved
ADM01363,IT,Payment Issue,Low,Walk-in,20.91,8,0,67.3,3,Resolved
ADM01364,IT,Portal Access,High,Portal,2.2,2,0,8.07,5,Resolved
ADM01365,Library,Payment Issue,High,Email,3.42,5,0,41.6,4,Resolved
ADM01366,Registrar,Application Issue,Low,Email,8.07,3,0,32.96,4,Pending
ADM01367,IT,Accommodation Request,Medium,Email,2.73,3,0,27.3,2,Resolved
ADM01368,Student Affairs,Graduation Clearance,Medium,Walk-in,2.32,1,0,33.56,3,Resolved
ADM01369,Registrar,Password Reset,High,Portal,2.37,1,0,1.69,4,Resolved
ADM01370,Finance,Library Issue,Low,Email,7.27,5,1,31.79,3,Resolved
ADM01371,Academic Affairs,Application Issue,Medium,Email,9.95,3,0,27.04,3,Resolved
ADM01372,Registrar,Application Issue,Low,Portal,19.97,4,1,55.52,3,Resolved
ADM01373,Student Affairs,Exam or Assessment Issue,Medium,Email,7.55,5,0,40.82,2,Resolved
ADM01374,Admissions,Password Reset,High,Portal,4.11,4,1,22.83,5,Resolved
ADM01375,Finance,Exam or Assessment Issue,High,Phone,1.68,9,0,33.14,4,Resolved
ADM01376,Student Affairs,Graduation Clearance,High,Portal,4.46,6,0,45.51,4,Resolved
ADM01377,Admissions,Library Issue,High,Portal,4.98,2,0,12.63,5,Pending
ADM01378,Admissions,Accommodation Request,Medium,Portal,4.32,5,0,33.95,3,Resolved
ADM01379,Finance,Transcript Request,High,Email,4.93,6,0,33.05,2,Resolved
ADM01380,IT,Fee Statement,Critical,Walk-in,0.78,7,0,29.49,3,Resolved
ADM01381,Registrar,Graduation Clearance,High,Helpdesk,0.55,1,0,33.49,3,Resolved
ADM01382,Finance,Graduation Clearance,Medium,Portal,4.94,2,0,36.01,3,Resolved
ADM01383,Academic Affairs,Transcript Request,High,Portal,4.99,2,0,26.15,4,Resolved
ADM01384,Finance,Student ID Issue,High,Portal,3.36,2,0,12.45,3,Resolved
ADM01385,IT,Password Reset,Low,Helpdesk,17.91,3,0,24.1,3,Resolved
ADM01386,Finance,Graduation Clearance,Medium,Phone,3.91,3,0,41.54,3,Resolved
ADM01387,Library,Transcript Request,High,Helpdesk,1.16,10,0,33.09,4,Resolved
ADM01388,Registrar,Graduation Clearance,High,Portal,4.48,4,0,36.47,2,Resolved
ADM01389,Academic Affairs,Transcript Request,Medium,Phone,5.31,2,0,20.83,5,Resolved
ADM01390,Admissions,Transcript Request,Medium,Phone,2.03,2,0,25.13,4,Resolved
ADM01391,Finance,Graduation Clearance,Medium,Portal,4.35,5,0,37.84,3,Resolved
ADM01392,Registrar,Payment Issue,Medium,Portal,3.57,3,0,39.25,3,Resolved
ADM01393,Registrar,Course Registration,High,Portal,3.22,4,0,23.63,5,Resolved
ADM01394,Admissions,Transcript Request,Low,Walk-in,19.12,3,0,35.77,2,Resolved
ADM01395,Finance,Fee Statement,Medium,Helpdesk,5.98,4,0,27.89,2,Resolved
ADM01396,Student Affairs,Password Reset,High,Email,1.34,5,0,11.32,5,Resolved
ADM01397,Admissions,Student ID Issue,Medium,Portal,2.46,4,1,23.41,5,Resolved
ADM01398,Finance,Course Registration,High,Helpdesk,1.91,3,1,32.92,3,Resolved
ADM01399,IT,Portal Access,Medium,Email,8.45,7,0,23.81,3,Resolved
ADM01400,IT,Fee Statement,High,Portal,2.39,3,0,19.31,3,Pending
ADM01401,Registrar,Fee Statement,Critical,Email,0.65,3,0,24.14,2,Resolved
ADM01402,Registrar,Payment Issue,Medium,Email,2.17,5,0,40.28,2,Resolved
ADM01403,Registrar,Payment Issue,High,Helpdesk,2.73,7,0,46.75,2,Resolved
ADM01404,Library,Password Reset,Critical,Portal,1.43,9,1,23.68,5,Resolved
ADM01405,IT,Fee Statement,Critical,Phone,0.54,3,0,29.39,2,Resolved
ADM01406,Admissions,Library Issue,Medium,Email,6.3,1,1,24.29,4,Escalated
ADM01407,Student Affairs,Library Issue,Medium,Email,5.37,5,0,23.75,5,Pending
ADM01408,Library,Exam or Assessment Issue,Medium,Helpdesk,7.63,4,0,37.24,4,Pending
ADM01409,IT,Password Reset,Medium,Portal,8.88,2,0,18.36,3,Resolved
ADM01410,Student Affairs,Transcript Request,Medium,Email,4.46,2,0,19.91,5,Pending
ADM01411,Registrar,Application Issue,Medium,Helpdesk,9.24,3,1,44.03,2,Resolved
ADM01412,Registrar,Portal Access,High,Portal,3.68,4,0,13.75,4,Resolved
ADM01413,Finance,Graduation Clearance,Medium,Portal,2.3,6,0,38.22,2,Resolved
ADM01414,Registrar,Student ID Issue,High,Phone,4.06,8,0,16.75,5,Resolved
ADM01415,Admissions,Payment Issue,High,Email,2.73,7,0,46.81,4,Resolved
ADM01416,Academic Affairs,Student ID Issue,Medium,Portal,9.56,5,0,23.36,4,Resolved
ADM01417,Registrar,Application Issue,Medium,Phone,4.59,3,0,33.77,3,Resolved
ADM01418,Registrar,Accommodation Request,High,Email,3.16,8,0,32.99,2,Pending
ADM01419,Admissions,Exam or Assessment Issue,Low,Phone,23.12,4,0,50.25,1,Resolved
ADM01420,Academic Affairs,Password Reset,Low,Portal,9.42,4,0,16.4,3,Resolved
ADM01421,Finance,Transcript Request,High,Phone,2.62,4,0,21.99,4,Resolved
ADM01422,Admissions,Exam or Assessment Issue,Low,Email,19.05,3,0,45.15,2,Resolved
ADM01423,Registrar,Course Registration,High,Helpdesk,3.61,5,0,23.75,4,Resolved
ADM01424,Registrar,Transcript Request,High,Helpdesk,4.27,5,0,25.43,3,Resolved
ADM01425,Academic Affairs,Fee Statement,Medium,Email,6.16,6,0,33.69,4,Resolved
ADM01426,Academic Affairs,Exam or Assessment Issue,High,Helpdesk,1.94,4,1,38.26,3,Escalated
ADM01427,Registrar,Transcript Request,Medium,Portal,6.28,5,0,32.7,3,Pending
ADM01428,Academic Affairs,Exam or Assessment Issue,High,Phone,2.07,4,0,30.84,3,Resolved
ADM01429,IT,Fee Statement,High,Walk-in,1.29,5,0,28.0,2,Resolved
ADM01430,Student Affairs,Student ID Issue,Low,Email,15.1,4,0,23.1,4,Resolved
ADM01431,Admissions,Exam or Assessment Issue,Medium,Email,2.39,6,0,35.24,3,Resolved
ADM01432,Admissions,Exam or Assessment Issue,Medium,Email,2.29,2,0,29.89,3,Pending
ADM01433,Admissions,Graduation Clearance,Low,Portal,5.29,1,0,37.77,4,Pending
ADM01434,IT,Graduation Clearance,Critical,Portal,1.41,1,0,26.31,2,Resolved
ADM01435,Registrar,Accommodation Request,Medium,Portal,5.26,4,0,37.63,2,Resolved
ADM01436,Registrar,Payment Issue,Medium,Email,5.95,6,0,46.67,3,Pending
ADM01437,Finance,Graduation Clearance,Low,Phone,10.87,5,1,56.31,1,Resolved
ADM01438,IT,Accommodation Request,Medium,Email,4.03,6,1,47.32,2,Resolved
ADM01439,Registrar,Exam or Assessment Issue,High,Portal,2.11,5,0,31.68,4,Resolved
ADM01440,IT,Fee Statement,Medium,Email,3.55,3,0,24.57,4,Pending
ADM01441,Academic Affairs,Graduation Clearance,High,Phone,3.55,1,0,29.51,2,Resolved
ADM01442,Registrar,Course Registration,High,Helpdesk,0.96,2,1,22.77,5,Escalated
ADM01443,IT,Exam or Assessment Issue,Medium,Email,6.14,3,0,31.93,2,Resolved
ADM01444,Admissions,Application Issue,Medium,Walk-in,5.81,7,0,36.59,3,Resolved
ADM01445,Student Affairs,Student ID Issue,Low,Helpdesk,10.04,6,0,31.49,2,Resolved
ADM01446,Registrar,Student ID Issue,Low,Helpdesk,6.05,4,0,20.04,5,Resolved
ADM01447,IT,Transcript Request,Low,Portal,18.07,3,0,37.61,4,Resolved
ADM01448,Student Affairs,Payment Issue,High,Portal,3.06,4,0,38.29,4,Resolved
ADM01449,Academic Affairs,Transcript Request,Critical,Portal,1.66,5,1,33.35,3,Resolved
ADM01450,IT,Transcript Request,Low,Portal,8.71,3,0,29.23,2,Resolved
ADM01451,Admissions,Fee Statement,Medium,Phone,8.33,1,1,35.92,3,Escalated
ADM01452,IT,Application Issue,Low,Portal,9.84,2,0,33.46,2,Resolved
ADM01453,Student Affairs,Payment Issue,High,Phone,1.01,2,0,29.03,4,Resolved
ADM01454,IT,Transcript Request,Medium,Email,3.08,9,0,31.96,4,Resolved
ADM01455,Registrar,Exam or Assessment Issue,Medium,Email,3.77,2,0,25.77,2,Resolved
ADM01456,Academic Affairs,Student ID Issue,Medium,Helpdesk,7.46,5,0,16.59,3,Resolved
ADM01457,IT,Transcript Request,High,Helpdesk,1.6,5,0,25.62,2,Resolved
ADM01458,IT,Portal Access,Medium,Phone,6.83,3,0,14.23,3,Resolved
ADM01459,Registrar,Password Reset,Low,Email,9.13,3,0,14.94,5,Resolved
ADM01460,IT,Graduation Clearance,Low,Helpdesk,11.3,5,0,43.35,2,Resolved
ADM01461,Finance,Student ID Issue,Medium,Email,9.12,4,0,21.28,3,Resolved
ADM01462,IT,Portal Access,High,Phone,2.75,3,0,12.12,5,Resolved
ADM01463,Registrar,Password Reset,Medium,Email,6.8,4,0,18.96,5,Resolved
ADM01464,IT,Course Registration,Low,Phone,7.79,6,0,31.17,4,Resolved
ADM01465,Academic Affairs,Portal Access,High,Walk-in,1.09,3,0,10.22,5,Resolved
ADM01466,Registrar,Exam or Assessment Issue,Low,Helpdesk,12.26,2,0,37.99,2,Resolved
ADM01467,Academic Affairs,Fee Statement,Low,Phone,21.11,5,0,49.75,2,Resolved
ADM01468,Admissions,Course Registration,High,Helpdesk,1.58,1,0,13.82,5,Resolved
ADM01469,Student Affairs,Library Issue,High,Portal,3.3,2,0,13.03,3,Pending
ADM01470,Library,Payment Issue,Medium,Phone,8.98,4,0,41.04,3,Pending
ADM01471,IT,Student ID Issue,High,Portal,4.7,3,0,11.68,3,Resolved
ADM01472,Library,Library Issue,High,Email,4.97,6,0,24.28,3,Resolved
ADM01473,Student Affairs,Student ID Issue,Low,Walk-in,19.26,5,0,33.33,4,Resolved
ADM01474,Admissions,Exam or Assessment Issue,High,Helpdesk,0.84,5,0,23.7,3,Resolved
ADM01475,Finance,Payment Issue,Medium,Email,8.97,4,1,57.34,3,Resolved
ADM01476,IT,Payment Issue,Critical,Email,1.79,6,0,38.44,2,Resolved
ADM01477,Library,Graduation Clearance,Critical,Email,1.2,3,0,34.77,3,Resolved
ADM01478,Library,Student ID Issue,Medium,Helpdesk,2.54,6,0,18.12,5,Resolved
ADM01479,Library,Payment Issue,Medium,Email,5.81,7,0,48.69,3,Resolved
ADM01480,Admissions,Portal Access,Low,Email,8.21,6,0,17.43,4,Resolved
ADM01481,Student Affairs,Accommodation Request,Low,Email,12.84,3,0,38.17,3,Resolved
ADM01482,Registrar,Application Issue,Medium,Email,7.79,4,1,48.5,1,Resolved
ADM01483,Admissions,Graduation Clearance,High,Phone,3.5,7,0,47.08,3,Resolved
ADM01484,Registrar,Student ID Issue,Medium,Helpdesk,8.24,6,0,25.22,3,Resolved
ADM01485,Finance,Library Issue,Medium,Portal,5.81,2,0,13.27,3,Resolved
ADM01486,Finance,Library Issue,High,Email,2.8,3,0,13.87,5,Resolved
ADM01487,Finance,Payment Issue,High,Helpdesk,4.71,5,0,40.7,2,Resolved
ADM01488,IT,Exam or Assessment Issue,High,Helpdesk,3.34,6,0,32.16,4,Resolved
ADM01489,Finance,Student ID Issue,Low,Portal,18.95,3,0,28.14,3,Resolved
ADM01490,Admissions,Accommodation Request,High,Email,3.49,8,1,50.62,1,Resolved
ADM01491,Finance,Accommodation Request,High,Helpdesk,3.38,2,0,36.18,2,Resolved
ADM01492,Finance,Application Issue,Low,Phone,22.27,2,0,42.77,2,Resolved
ADM01493,Finance,Portal Access,Medium,Helpdesk,4.85,3,1,23.47,4,Resolved
ADM01494,Registrar,Application Issue,Critical,Portal,0.97,4,0,30.59,3,Resolved
ADM01495,IT,Fee Statement,Medium,Phone,5.04,3,0,27.89,3,Resolved
ADM01496,IT,Exam or Assessment Issue,Medium,Phone,8.12,5,0,43.66,3,Resolved
ADM01497,IT,Library Issue,Low,Helpdesk,21.37,2,0,34.65,2,Resolved
ADM01498,Admissions,Accommodation Request,Medium,Helpdesk,4.86,4,0,36.92,4,Resolved
ADM01499,Finance,Payment Issue,Medium,Email,3.14,3,0,39.78,4,Resolved
ADM01500,Student Affairs,Accommodation Request,Low,Phone,13.88,2,0,43.44,4,Resolved
ADM01501,Admissions,Accommodation Request,Medium,Portal,9.87,6,0,44.48,2,Resolved
ADM01502,Admissions,Password Reset,Low,Walk-in,8.07,4,0,17.72,5,Resolved
ADM01503,Registrar,Library Issue,High,Walk-in,2.53,4,0,16.23,4,Resolved
ADM01504,Finance,Fee Statement,Critical,Helpdesk,0.69,3,0,26.54,2,Resolved
ADM01505,Finance,Application Issue,Medium,Portal,9.38,2,1,44.28,4,Resolved
ADM01506,Finance,Fee Statement,Medium,Email,6.41,1,0,25.27,2,Resolved
ADM01507,IT,Password Reset,Medium,Email,6.63,5,1,29.28,4,Resolved
ADM01508,Admissions,Portal Access,Low,Email,4.17,3,0,11.93,3,Resolved
ADM01509,IT,Exam or Assessment Issue,Critical,Portal,1.38,7,0,28.98,3,Resolved
ADM01510,Library,Fee Statement,Low,Helpdesk,10.13,6,1,48.22,3,Resolved
ADM01511,Student Affairs,Accommodation Request,Low,Portal,14.27,2,0,42.14,2,Resolved
ADM01512,IT,Graduation Clearance,Medium,Portal,6.25,3,1,46.96,3,Escalated
ADM01513,Academic Affairs,Course Registration,High,Helpdesk,3.17,6,0,25.37,3,Resolved
ADM01514,Registrar,Student ID Issue,Medium,Helpdesk,8.59,5,0,17.78,4,Resolved
ADM01515,Registrar,Fee Statement,Low,Portal,9.98,4,0,38.82,2,Resolved
ADM01516,Registrar,Exam or Assessment Issue,High,Email,1.65,2,0,23.6,3,Resolved
ADM01517,IT,Student ID Issue,Medium,Email,8.37,7,1,39.08,3,Resolved
ADM01518,Student Affairs,Exam or Assessment Issue,Low,Portal,18.37,3,0,49.63,1,Resolved
ADM01519,Finance,Password Reset,Medium,Walk-in,3.8,4,1,27.69,3,Resolved
ADM01520,Academic Affairs,Fee Statement,Medium,Phone,2.01,2,1,33.5,4,Resolved
ADM01521,Registrar,Fee Statement,Medium,Phone,7.33,2,1,35.56,3,Resolved
ADM01522,Academic Affairs,Transcript Request,High,Helpdesk,1.21,2,0,21.26,3,Resolved
ADM01523,Finance,Accommodation Request,High,Walk-in,4.81,4,0,34.29,2,Resolved
ADM01524,Registrar,Exam or Assessment Issue,Medium,Helpdesk,6.84,3,0,33.44,4,Pending
ADM01525,Admissions,Payment Issue,Low,Helpdesk,20.99,5,0,62.85,1,Resolved
ADM01526,Finance,Student ID Issue,Low,Email,20.11,2,1,39.36,2,Resolved
ADM01527,Finance,Portal Access,Medium,Email,6.46,4,0,15.94,4,Pending
ADM01528,Finance,Transcript Request,Low,Portal,12.77,4,0,32.48,3,Resolved
ADM01529,Library,Accommodation Request,Medium,Phone,5.97,3,0,34.69,2,Resolved
ADM01530,Admissions,Password Reset,Low,Phone,20.06,6,0,29.54,3,Resolved
ADM01531,Finance,Student ID Issue,Medium,Email,7.12,3,0,16.97,4,Resolved
ADM01532,IT,Application Issue,Medium,Helpdesk,3.65,5,0,32.73,4,Resolved
ADM01533,IT,Password Reset,Low,Portal,16.19,9,0,28.02,2,Resolved
ADM01534,Finance,Payment Issue,Medium,Helpdesk,5.24,3,0,38.02,2,Pending
ADM01535,Admissions,Student ID Issue,Medium,Portal,2.49,3,1,23.12,5,Resolved
ADM01536,Registrar,Password Reset,High,Email,2.22,3,0,13.91,4,Resolved
ADM01537,Registrar,Transcript Request,Medium,Email,3.82,4,0,26.16,2,Resolved
ADM01538,IT,Password Reset,Low,Email,20.77,4,0,31.24,4,Resolved
ADM01539,Registrar,Payment Issue,Medium,Email,2.84,8,0,44.99,4,Resolved
ADM01540,Admissions,Payment Issue,Medium,Phone,4.88,2,0,39.06,2,Resolved
ADM01541,IT,Course Registration,High,Email,3.63,3,0,20.22,4,Pending
ADM01542,Registrar,Graduation Clearance,Critical,Walk-in,1.82,4,0,36.04,3,Resolved
ADM01543,IT,Fee Statement,Low,Email,10.71,6,0,33.22,2,Resolved
ADM01544,Finance,Application Issue,High,Email,3.23,5,1,39.56,3,Resolved
ADM01545,Academic Affairs,Application Issue,Medium,Walk-in,4.99,3,0,30.72,4,Resolved
ADM01546,Admissions,Transcript Request,Low,Portal,8.06,6,1,45.38,4,Resolved
ADM01547,Library,Payment Issue,Low,Portal,10.51,7,1,62.73,1,Resolved
ADM01548,IT,Course Registration,High,Portal,3.36,8,0,24.46,2,Resolved
ADM01549,Registrar,Accommodation Request,Medium,Email,7.73,1,0,34.63,2,Resolved
ADM01550,IT,Course Registration,Critical,Portal,0.87,3,1,28.64,2,Escalated
ADM01551,Academic Affairs,Portal Access,Medium,Portal,3.22,4,0,14.81,5,Pending
ADM01552,IT,Password Reset,Low,Email,6.79,4,0,15.35,3,Resolved
ADM01553,Student Affairs,Fee Statement,High,Portal,4.16,4,0,22.59,4,Pending
ADM01554,Student Affairs,Graduation Clearance,High,Helpdesk,3.44,6,0,36.1,3,Pending
ADM01555,Finance,Course Registration,High,Email,3.78,3,0,17.78,3,Resolved
ADM01556,Registrar,Password Reset,High,Helpdesk,2.7,4,0,7.72,4,Resolved
ADM01557,IT,Fee Statement,Medium,Email,5.66,1,0,26.64,3,Resolved
ADM01558,Admissions,Student ID Issue,Low,Walk-in,8.22,4,0,14.06,3,Resolved
ADM01559,Student Affairs,Graduation Clearance,Medium,Walk-in,3.35,3,0,40.58,2,Resolved
ADM01560,Student Affairs,Graduation Clearance,Medium,Email,3.23,6,1,55.75,2,Resolved
ADM01561,Finance,Portal Access,Critical,Helpdesk,1.99,6,0,16.18,4,Resolved
ADM01562,Finance,Graduation Clearance,High,Portal,4.19,5,1,49.52,3,Resolved
ADM01563,Library,Portal Access,High,Email,3.32,3,0,8.6,4,Resolved
ADM01564,Finance,Graduation Clearance,Medium,Portal,3.72,2,1,42.63,4,Resolved
ADM01565,Student Affairs,Payment Issue,High,Helpdesk,2.02,3,0,37.54,2,Resolved
ADM01566,Admissions,Graduation Clearance,High,Helpdesk,2.08,2,0,33.66,4,Resolved
ADM01567,IT,Exam or Assessment Issue,Medium,Email,5.82,5,0,38.87,4,Resolved
ADM01568,Registrar,Portal Access,Medium,Portal,5.38,3,0,12.56,3,Resolved
ADM01569,IT,Exam or Assessment Issue,High,Email,4.7,4,0,31.11,3,Resolved
ADM01570,Admissions,Student ID Issue,Medium,Portal,7.77,5,0,25.55,2,Resolved
ADM01571,IT,Payment Issue,Critical,Portal,0.35,5,0,35.82,4,Resolved
ADM01572,Registrar,Library Issue,Medium,Portal,4.88,4,0,17.86,4,Resolved
ADM01573,Library,Accommodation Request,Low,Portal,6.66,5,0,40.87,3,Resolved
ADM01574,Student Affairs,Transcript Request,Medium,Helpdesk,4.23,4,0,29.0,4,Resolved
ADM01575,Registrar,Password Reset,Medium,Portal,9.67,2,0,13.88,5,Resolved
ADM01576,Registrar,Accommodation Request,Medium,Walk-in,7.64,5,1,44.31,4,Escalated
ADM01577,Registrar,Accommodation Request,Low,Portal,4.16,5,0,43.06,2,Resolved
ADM01578,IT,Graduation Clearance,High,Helpdesk,1.98,4,0,33.28,3,Resolved
ADM01579,IT,Application Issue,High,Email,2.47,3,0,28.18,4,Resolved
ADM01580,Admissions,Course Registration,Low,Portal,16.05,1,0,31.72,3,Resolved
ADM01581,Finance,Portal Access,Low,Walk-in,13.99,4,0,23.25,4,Pending
ADM01582,Finance,Library Issue,Medium,Walk-in,2.56,3,1,22.64,3,Escalated
ADM01583,IT,Course Registration,High,Email,2.82,3,0,16.08,4,Resolved
ADM01584,Admissions,Transcript Request,Medium,Portal,3.04,4,1,36.52,2,Resolved
ADM01585,Academic Affairs,Course Registration,Low,Phone,14.38,7,0,31.72,3,Resolved
ADM01586,Registrar,Application Issue,Medium,Portal,3.97,1,0,25.72,3,Resolved
ADM01587,IT,Transcript Request,High,Phone,1.15,4,0,21.88,5,Resolved
ADM01588,Admissions,Student ID Issue,Medium,Portal,4.3,3,0,15.99,4,Resolved
ADM01589,Admissions,Student ID Issue,High,Portal,0.95,5,1,23.79,3,Resolved
ADM01590,IT,Payment Issue,Critical,Email,0.71,6,0,42.11,4,Resolved
ADM01591,IT,Course Registration,Low,Email,21.34,2,0,36.3,4,Resolved
ADM01592,Academic Affairs,Password Reset,Medium,Walk-in,4.46,3,0,10.55,3,Resolved
ADM01593,Registrar,Library Issue,Low,Portal,13.4,3,0,21.29,5,Resolved
ADM01594,Registrar,Application Issue,Medium,Portal,6.16,6,1,46.05,2,Resolved
ADM01595,IT,Transcript Request,Low,Portal,7.57,3,1,38.38,2,Resolved
ADM01596,IT,Library Issue,Medium,Email,5.53,5,1,31.07,2,Escalated
ADM01597,Finance,Course Registration,High,Portal,4.34,2,0,20.42,5,Resolved
ADM01598,Registrar,Password Reset,Medium,Email,2.64,2,0,6.41,4,Resolved
ADM01599,Registrar,Course Registration,Medium,Walk-in,9.38,2,1,28.14,2,Resolved
ADM01600,Student Affairs,Graduation Clearance,Low,Helpdesk,21.42,3,0,52.82,3,Resolved
ADM01601,Registrar,Portal Access,Medium,Helpdesk,8.85,5,1,28.23,4,Escalated
ADM01602,Finance,Portal Access,Low,Portal,7.97,8,1,34.8,3,Escalated
ADM01603,Finance,Application Issue,Medium,Phone,5.87,5,1,40.12,3,Resolved
ADM01604,Finance,Transcript Request,Medium,Helpdesk,6.93,3,0,29.69,2,Resolved
ADM01605,Registrar,Transcript Request,High,Portal,0.95,5,0,24.77,4,Resolved
ADM01606,Admissions,Accommodation Request,Low,Phone,15.14,4,1,57.24,1,Resolved
ADM01607,Registrar,Application Issue,High,Phone,4.28,6,0,32.79,4,Resolved
ADM01608,Library,Application Issue,Low,Phone,22.73,6,0,52.32,2,Resolved
ADM01609,Finance,Password Reset,Medium,Phone,4.23,3,0,12.1,3,Resolved
ADM01610,Admissions,Portal Access,Medium,Phone,4.31,4,0,12.02,3,Resolved
ADM01611,Student Affairs,Transcript Request,High,Phone,1.72,4,1,34.0,3,Resolved
ADM01612,IT,Exam or Assessment Issue,Medium,Walk-in,3.23,4,0,27.77,2,Resolved
ADM01613,Admissions,Course Registration,Medium,Portal,5.45,3,0,26.39,3,Resolved
ADM01614,Finance,Application Issue,Medium,Phone,8.28,6,0,35.99,4,Resolved
ADM01615,Finance,Payment Issue,Low,Email,18.24,3,0,53.29,3,Resolved
ADM01616,IT,Graduation Clearance,Medium,Helpdesk,9.2,3,0,39.87,3,Resolved
ADM01617,Academic Affairs,Fee Statement,High,Email,2.1,4,0,22.73,5,Resolved
ADM01618,IT,Transcript Request,Medium,Portal,6.58,9,1,48.98,3,Escalated
ADM01619,IT,Student ID Issue,High,Walk-in,3.95,6,0,19.75,4,Resolved
ADM01620,Library,Transcript Request,Medium,Phone,9.19,4,0,23.27,3,Resolved
ADM01621,Admissions,Payment Issue,Medium,Portal,8.97,3,0,38.88,3,Resolved
ADM01622,Registrar,Transcript Request,Medium,Email,5.72,4,1,36.34,3,Resolved
ADM01623,IT,Payment Issue,Low,Helpdesk,22.14,2,0,56.97,3,Resolved
ADM01624,Academic Affairs,Fee Statement,Medium,Email,5.55,4,0,29.51,3,Resolved
ADM01625,Registrar,Accommodation Request,High,Email,4.56,5,0,37.12,2,Resolved
ADM01626,IT,Password Reset,Medium,Phone,8.22,3,0,11.33,5,Resolved
ADM01627,Registrar,Exam or Assessment Issue,High,Phone,1.5,4,0,35.21,3,Resolved
ADM01628,Admissions,Graduation Clearance,High,Phone,4.68,7,0,42.44,2,Resolved
ADM01629,Registrar,Fee Statement,Medium,Phone,3.94,3,0,27.49,2,Resolved
ADM01630,Admissions,Library Issue,High,Helpdesk,4.59,2,0,12.02,4,Resolved
ADM01631,Library,Accommodation Request,Medium,Helpdesk,6.92,5,0,38.07,2,Resolved
ADM01632,Finance,Password Reset,Medium,Walk-in,7.34,2,0,16.56,3,Resolved
ADM01633,IT,Portal Access,Medium,Email,2.87,3,0,12.67,3,Resolved
ADM01634,Library,Payment Issue,Low,Portal,5.31,5,0,39.12,4,Resolved
ADM01635,Academic Affairs,Application Issue,High,Phone,4.86,2,0,30.66,4,Resolved
ADM01636,Finance,Library Issue,High,Portal,2.02,4,0,13.03,3,Resolved
ADM01637,Finance,Fee Statement,Medium,Email,8.75,4,0,25.26,3,Resolved
ADM01638,Registrar,Transcript Request,Low,Portal,18.09,5,0,40.72,4,Resolved
ADM01639,Academic Affairs,Fee Statement,Medium,Helpdesk,6.83,4,0,25.08,3,Resolved
ADM01640,Academic Affairs,Graduation Clearance,High,Portal,3.58,5,0,39.84,4,Resolved
ADM01641,Admissions,Password Reset,Medium,Phone,2.72,4,0,4.08,5,Resolved
ADM01642,Student Affairs,Library Issue,Medium,Phone,5.3,2,0,14.26,3,Resolved
ADM01643,Admissions,Course Registration,High,Portal,3.23,2,0,22.2,3,Resolved
ADM01644,IT,Password Reset,Medium,Portal,8.94,2,0,16.57,3,Resolved
ADM01645,Registrar,Accommodation Request,Critical,Email,1.49,2,0,30.64,2,Resolved
ADM01646,Library,Graduation Clearance,Medium,Portal,4.02,5,0,41.54,4,Resolved
ADM01647,Registrar,Fee Statement,Critical,Walk-in,1.97,4,0,29.66,4,Resolved
ADM01648,Student Affairs,Fee Statement,Medium,Walk-in,7.14,3,0,24.96,4,Resolved
ADM01649,Library,Library Issue,Low,Portal,14.03,4,0,34.79,2,Resolved
ADM01650,IT,Payment Issue,High,Email,4.02,4,0,40.32,4,Resolved
ADM01651,Registrar,Library Issue,High,Walk-in,3.21,6,0,16.86,3,Pending
ADM01652,Finance,Application Issue,High,Email,3.69,5,0,29.61,3,Resolved
ADM01653,Finance,Fee Statement,Medium,Email,6.94,1,0,24.12,2,Pending
ADM01654,Finance,Payment Issue,High,Portal,1.3,4,0,41.61,4,Resolved
ADM01655,Registrar,Payment Issue,Low,Phone,14.87,2,0,50.63,1,Resolved
ADM01656,Academic Affairs,Library Issue,Low,Walk-in,9.66,3,0,25.24,3,Resolved
ADM01657,IT,Portal Access,Medium,Helpdesk,6.56,6,0,23.02,4,Resolved
ADM01658,Finance,Password Reset,High,Email,1.06,2,0,9.34,5,Resolved
ADM01659,Finance,Accommodation Request,High,Email,1.54,1,0,27.03,3,Resolved
ADM01660,Admissions,Portal Access,Medium,Phone,8.47,6,0,23.64,5,Resolved
ADM01661,IT,Fee Statement,Medium,Walk-in,5.24,3,0,31.3,4,Resolved
ADM01662,Admissions,Fee Statement,Low,Email,17.48,1,0,39.28,2,Resolved
ADM01663,Academic Affairs,Exam or Assessment Issue,Medium,Portal,5.98,5,0,35.41,2,Resolved
ADM01664,Admissions,Fee Statement,Medium,Portal,4.73,7,1,44.03,4,Resolved
ADM01665,Academic Affairs,Graduation Clearance,High,Walk-in,2.73,4,0,38.63,4,Resolved
ADM01666,Student Affairs,Student ID Issue,Medium,Email,8.51,3,1,24.63,3,Resolved
ADM01667,Registrar,Transcript Request,High,Helpdesk,1.77,5,1,31.59,3,Escalated
ADM01668,Academic Affairs,Course Registration,Low,Portal,12.43,1,1,35.49,3,Resolved
ADM01669,Registrar,Exam or Assessment Issue,Medium,Email,3.62,8,0,43.13,4,Resolved
ADM01670,Student Affairs,Student ID Issue,Medium,Email,4.81,3,0,13.79,3,Resolved
ADM01671,Finance,Course Registration,High,Email,4.48,5,0,30.97,3,Resolved
ADM01672,Student Affairs,Payment Issue,Medium,Phone,8.29,8,0,46.29,3,Resolved
ADM01673,Student Affairs,Fee Statement,High,Walk-in,2.18,5,0,27.89,3,Resolved
ADM01674,Library,Application Issue,Medium,Email,3.06,4,0,34.65,4,Resolved
ADM01675,Library,Graduation Clearance,Low,Portal,12.4,1,0,42.77,3,Resolved
ADM01676,Finance,Accommodation Request,Low,Walk-in,19.43,1,0,43.11,2,Pending
ADM01677,Registrar,Graduation Clearance,High,Portal,0.7,2,0,33.56,3,Resolved
ADM01678,Admissions,Library Issue,High,Portal,3.85,4,0,15.21,5,Resolved
ADM01679,Registrar,Graduation Clearance,Low,Portal,17.6,4,0,52.69,1,Resolved
ADM01680,IT,Accommodation Request,Low,Portal,5.29,5,0,31.1,2,Resolved
ADM01681,Finance,Application Issue,Medium,Portal,7.09,7,1,47.13,2,Resolved
ADM01682,Academic Affairs,Library Issue,Medium,Email,4.39,4,0,17.46,3,Resolved
ADM01683,IT,Payment Issue,Low,Portal,7.55,2,1,50.69,3,Resolved
ADM01684,Student Affairs,Application Issue,Medium,Helpdesk,5.08,6,0,36.49,4,Resolved
ADM01685,Registrar,Graduation Clearance,Medium,Email,3.64,2,0,36.1,3,Resolved
ADM01686,Student Affairs,Fee Statement,High,Email,4.21,5,1,38.91,2,Resolved
ADM01687,Academic Affairs,Application Issue,Medium,Walk-in,7.94,5,0,37.15,4,Resolved
ADM01688,Admissions,Graduation Clearance,High,Email,4.91,4,0,45.02,2,Resolved
ADM01689,IT,Fee Statement,Medium,Email,6.27,7,0,30.31,2,Resolved
ADM01690,Library,Application Issue,Low,Portal,5.78,6,0,33.07,2,Resolved
ADM01691,Registrar,Exam or Assessment Issue,Medium,Helpdesk,4.94,6,0,40.96,2,Resolved
ADM01692,Admissions,Application Issue,Low,Email,20.77,4,0,43.48,4,Resolved
ADM01693,Finance,Portal Access,High,Helpdesk,2.29,6,0,11.1,5,Resolved
ADM01694,Registrar,Accommodation Request,Medium,Phone,5.65,3,1,40.26,3,Resolved
ADM01695,Finance,Course Registration,Low,Phone,12.24,6,0,31.45,2,Resolved
ADM01696,Registrar,Graduation Clearance,Medium,Phone,3.88,2,0,35.05,3,Pending
ADM01697,Registrar,Student ID Issue,High,Email,0.83,5,0,9.75,5,Resolved
ADM01698,Registrar,Portal Access,Medium,Email,3.44,2,0,12.91,3,Resolved
ADM01699,Academic Affairs,Course Registration,Medium,Portal,4.91,5,0,28.29,3,Resolved
ADM01700,Admissions,Portal Access,Medium,Email,3.96,5,0,15.37,5,Resolved
ADM01701,Academic Affairs,Transcript Request,High,Helpdesk,3.08,4,0,22.08,5,Resolved
ADM01702,Admissions,Library Issue,Medium,Portal,6.91,6,0,26.72,3,Resolved
ADM01703,Finance,Exam or Assessment Issue,High,Portal,3.07,5,0,32.15,3,Resolved
ADM01704,Admissions,Fee Statement,Low,Walk-in,5.7,5,0,29.66,3,Pending
ADM01705,Admissions,Student ID Issue,Low,Helpdesk,17.34,1,0,24.31,3,Resolved
ADM01706,Registrar,Portal Access,Medium,Helpdesk,5.08,6,0,15.11,5,Resolved
ADM01707,IT,Portal Access,Medium,Walk-in,9.03,7,0,21.99,3,Resolved
ADM01708,Registrar,Payment Issue,High,Portal,2.87,5,0,43.24,2,Resolved
ADM01709,IT,Application Issue,Medium,Email,2.68,5,0,32.81,3,Resolved
ADM01710,IT,Transcript Request,Medium,Email,2.07,2,0,21.41,3,Resolved
ADM01711,Registrar,Student ID Issue,High,Email,3.66,3,0,17.65,5,Resolved
ADM01712,Registrar,Student ID Issue,Low,Email,12.01,3,0,24.6,3,Resolved
ADM01713,Library,Library Issue,Low,Helpdesk,9.76,6,0,30.29,3,Resolved
ADM01714,Admissions,Student ID Issue,High,Helpdesk,2.51,2,0,10.94,3,Pending
ADM01715,Registrar,Password Reset,Medium,Phone,2.58,4,0,14.35,5,Resolved
ADM01716,Academic Affairs,Student ID Issue,Medium,Phone,5.14,4,0,20.48,3,Resolved
ADM01717,Registrar,Portal Access,Medium,Portal,4.52,3,0,15.86,3,Resolved
ADM01718,IT,Password Reset,Medium,Email,8.4,7,0,20.22,4,Resolved
ADM01719,Academic Affairs,Graduation Clearance,Low,Helpdesk,7.5,5,0,39.94,2,Pending
ADM01720,Finance,Course Registration,High,Email,3.9,5,0,22.35,5,Resolved
ADM01721,Registrar,Application Issue,Medium,Phone,6.0,7,1,43.88,2,Resolved
ADM01722,Registrar,Password Reset,Low,Email,5.64,3,0,7.21,5,Resolved
ADM01723,Finance,Course Registration,High,Helpdesk,4.86,4,1,31.94,3,Escalated
ADM01724,Registrar,Transcript Request,Medium,Phone,7.87,2,0,26.43,3,Resolved
ADM01725,IT,Accommodation Request,High,Phone,1.67,7,0,36.66,3,Resolved
ADM01726,Registrar,Graduation Clearance,Low,Email,15.64,6,0,59.04,3,Resolved
ADM01727,Admissions,Fee Statement,Low,Portal,22.0,4,0,43.24,2,Resolved
ADM01728,Academic Affairs,Portal Access,Low,Portal,22.62,8,0,33.79,2,Resolved
ADM01729,Student Affairs,Password Reset,Medium,Email,7.85,5,0,19.8,3,Resolved
ADM01730,IT,Accommodation Request,High,Helpdesk,3.77,6,0,41.58,2,Resolved
ADM01731,Finance,Application Issue,High,Walk-in,1.75,4,1,39.79,4,Resolved
ADM01732,IT,Payment Issue,Medium,Portal,9.92,6,0,50.01,2,Resolved
ADM01733,Admissions,Exam or Assessment Issue,High,Portal,1.6,5,0,32.06,2,Resolved
ADM01734,Admissions,Graduation Clearance,Medium,Walk-in,2.72,4,0,33.3,2,Resolved
ADM01735,Registrar,Transcript Request,High,Email,4.9,3,0,27.83,2,Resolved
ADM01736,Student Affairs,Fee Statement,High,Email,1.19,6,0,29.58,4,Resolved
ADM01737,Admissions,Application Issue,Medium,Email,6.17,6,0,32.26,2,Resolved
ADM01738,Registrar,Exam or Assessment Issue,Low,Email,13.36,3,0,36.07,3,Resolved
ADM01739,Finance,Transcript Request,High,Portal,4.32,2,0,23.62,5,Resolved
ADM01740,Admissions,Payment Issue,Medium,Email,5.17,2,1,45.6,2,Resolved
ADM01741,Student Affairs,Course Registration,High,Phone,2.76,4,0,20.74,4,Resolved
ADM01742,Library,Payment Issue,Low,Phone,4.87,4,1,52.03,3,Escalated
ADM01743,Library,Password Reset,Medium,Portal,3.66,5,1,20.56,4,Resolved
ADM01744,Registrar,Graduation Clearance,Medium,Portal,8.66,2,0,41.35,2,Resolved
ADM01745,Admissions,Fee Statement,Low,Helpdesk,13.57,5,0,39.4,3,Resolved
ADM01746,Admissions,Student ID Issue,Medium,Phone,3.85,3,0,14.96,3,Pending
ADM01747,Registrar,Library Issue,Low,Email,11.38,4,0,23.37,3,Pending
ADM01748,Finance,Portal Access,Medium,Portal,4.28,6,0,16.14,5,Resolved
ADM01749,Library,Portal Access,High,Email,3.0,2,1,25.77,2,Escalated
ADM01750,Registrar,Course Registration,Medium,Portal,2.41,4,0,24.71,4,Pending
ADM01751,Admissions,Application Issue,High,Helpdesk,1.51,2,0,20.31,3,Resolved
ADM01752,Registrar,Fee Statement,Low,Email,11.1,2,0,34.46,2,Resolved
ADM01753,Registrar,Student ID Issue,High,Phone,4.68,3,0,12.6,4,Pending
ADM01754,Finance,Course Registration,High,Email,3.3,3,0,19.15,5,Resolved
ADM01755,Academic Affairs,Library Issue,Medium,Helpdesk,6.03,1,0,11.61,5,Resolved
ADM01756,Library,Password Reset,High,Portal,1.36,5,1,19.92,4,Escalated
ADM01757,Academic Affairs,Password Reset,Medium,Portal,6.46,4,0,13.42,4,Resolved
ADM01758,Admissions,Graduation Clearance,Medium,Portal,9.43,5,0,41.81,2,Resolved
ADM01759,Registrar,Student ID Issue,High,Portal,3.05,4,0,12.63,4,Resolved
ADM01760,Admissions,Student ID Issue,Low,Portal,7.3,5,1,29.82,3,Resolved
ADM01761,Admissions,Student ID Issue,Low,Portal,23.94,4,0,37.65,3,Resolved
ADM01762,Student Affairs,Payment Issue,Medium,Portal,5.99,8,0,46.74,2,Resolved
ADM01763,Registrar,Exam or Assessment Issue,High,Portal,1.94,5,0,32.78,4,Resolved
ADM01764,Admissions,Portal Access,High,Portal,2.77,4,0,7.12,4,Resolved
ADM01765,Registrar,Accommodation Request,Low,Phone,9.27,3,1,45.9,2,Resolved
ADM01766,Finance,Fee Statement,Critical,Email,0.25,6,1,35.6,3,Escalated
ADM01767,Library,Accommodation Request,High,Phone,4.5,5,0,36.46,2,Resolved
ADM01768,Admissions,Payment Issue,High,Helpdesk,2.43,3,0,38.09,3,Resolved
ADM01769,Finance,Application Issue,Medium,Walk-in,8.02,3,0,30.09,2,Resolved
ADM01770,Finance,Password Reset,High,Email,4.87,6,1,28.05,3,Resolved
ADM01771,Admissions,Portal Access,High,Portal,3.35,4,0,15.43,4,Resolved
ADM01772,Library,Student ID Issue,Medium,Portal,7.53,4,0,21.1,5,Resolved
ADM01773,Student Affairs,Library Issue,Critical,Portal,1.9,2,0,11.19,5,Resolved
ADM01774,Academic Affairs,Library Issue,Medium,Portal,6.13,4,0,16.44,5,Resolved
ADM01775,Library,Library Issue,Medium,Portal,4.56,6,0,23.92,3,Resolved
ADM01776,Finance,Fee Statement,High,Email,4.65,5,0,30.76,2,Resolved
ADM01777,IT,Student ID Issue,Critical,Email,0.32,6,0,15.48,5,Resolved
ADM01778,Admissions,Portal Access,Medium,Email,3.72,1,0,7.91,4,Resolved
ADM01779,Finance,Password Reset,Low,Portal,10.83,3,0,16.66,4,Resolved
ADM01780,Student Affairs,Accommodation Request,High,Email,4.02,3,0,29.3,4,Resolved
ADM01781,Registrar,Student ID Issue,High,Email,4.57,2,1,27.95,3,Resolved
ADM01782,Student Affairs,Student ID Issue,Medium,Email,5.61,3,0,16.62,4,Resolved
ADM01783,Admissions,Graduation Clearance,Medium,Helpdesk,4.29,2,0,36.21,2,Resolved
ADM01784,IT,Payment Issue,High,Walk-in,2.09,3,0,28.22,2,Resolved
ADM01785,IT,Application Issue,Low,Portal,17.13,4,0,40.83,2,Resolved
ADM01786,Student Affairs,Library Issue,Critical,Helpdesk,0.48,7,0,19.54,3,Pending
ADM01787,IT,Course Registration,Medium,Email,6.38,5,1,35.25,2,Resolved
ADM01788,IT,Graduation Clearance,Medium,Portal,6.71,1,0,34.49,2,Resolved
ADM01789,Registrar,Portal Access,Medium,Email,7.66,2,0,14.64,3,Resolved
ADM01790,Admissions,Payment Issue,Medium,Walk-in,6.83,2,0,37.7,3,Resolved
ADM01791,Registrar,Application Issue,High,Email,0.94,3,0,25.09,4,Resolved
ADM01792,Library,Exam or Assessment Issue,Critical,Email,1.44,2,1,34.69,2,Resolved
ADM01793,Admissions,Application Issue,High,Email,0.6,3,0,28.17,4,Pending
ADM01794,IT,Transcript Request,High,Helpdesk,2.26,6,0,24.61,4,Resolved
ADM01795,Registrar,Library Issue,Low,Email,12.34,4,0,25.81,2,Resolved
ADM01796,Registrar,Transcript Request,High,Portal,1.02,1,0,16.14,4,Pending
ADM01797,IT,Payment Issue,Medium,Portal,2.08,4,1,48.09,3,Escalated
ADM01798,Registrar,Graduation Clearance,Low,Walk-in,5.42,2,0,43.88,2,Resolved
ADM01799,Registrar,Application Issue,Low,Portal,12.93,2,0,41.78,3,Resolved
ADM01800,Registrar,Course Registration,High,Phone,1.58,3,0,21.31,3,Resolved
ADM01801,Academic Affairs,Portal Access,Critical,Portal,0.32,4,0,12.07,3,Pending
ADM01802,Library,Transcript Request,High,Portal,1.65,4,0,21.84,5,Resolved
ADM01803,Finance,Application Issue,Medium,Email,6.23,5,1,44.3,2,Resolved
ADM01804,Finance,Portal Access,Medium,Portal,7.94,3,0,16.62,3,Resolved
ADM01805,Finance,Exam or Assessment Issue,Medium,Helpdesk,5.3,8,1,50.71,2,Resolved
ADM01806,Library,Library Issue,Low,Phone,16.26,5,0,29.39,4,Resolved
ADM01807,IT,Accommodation Request,Medium,Helpdesk,6.77,3,0,33.02,4,Resolved
ADM01808,Registrar,Graduation Clearance,High,Walk-in,4.53,3,0,35.12,2,Resolved
ADM01809,Registrar,Portal Access,Critical,Portal,0.52,2,0,4.86,4,Resolved
ADM01810,Registrar,Application Issue,Medium,Phone,5.81,7,0,34.74,4,Resolved
ADM01811,IT,Graduation Clearance,Medium,Walk-in,7.05,5,0,44.53,2,Resolved
ADM01812,Library,Payment Issue,High,Email,2.84,4,1,48.95,1,Resolved
ADM01813,Finance,Transcript Request,High,Email,2.53,5,0,25.23,2,Resolved
ADM01814,Registrar,Transcript Request,High,Portal,4.88,3,1,36.8,4,Resolved
ADM01815,Registrar,Password Reset,Medium,Email,9.54,5,1,26.65,4,Escalated
ADM01816,Academic Affairs,Application Issue,Medium,Email,6.89,3,0,33.29,3,Resolved
ADM01817,Finance,Password Reset,Critical,Helpdesk,0.99,4,0,13.44,4,Resolved
ADM01818,Library,Exam or Assessment Issue,Low,Walk-in,19.11,5,0,49.52,1,Resolved
ADM01819,IT,Course Registration,High,Portal,2.81,9,0,25.14,3,Resolved
ADM01820,Finance,Course Registration,Medium,Portal,9.96,5,0,27.52,2,Resolved
ADM01821,Registrar,Application Issue,Medium,Email,7.49,1,0,25.92,3,Resolved
ADM01822,Registrar,Transcript Request,High,Portal,0.81,5,0,20.44,3,Resolved
ADM01823,IT,Library Issue,Medium,Portal,5.22,3,0,17.05,3,Resolved
ADM01824,Library,Fee Statement,High,Walk-in,3.79,1,0,22.94,5,Resolved
ADM01825,IT,Course Registration,Medium,Helpdesk,8.74,1,0,18.51,5,Resolved
ADM01826,Admissions,Transcript Request,Critical,Portal,1.66,5,0,24.15,3,Resolved
ADM01827,Registrar,Student ID Issue,Medium,Email,9.82,1,0,17.38,3,Resolved
ADM01828,Academic Affairs,Student ID Issue,Low,Portal,13.78,3,0,24.36,2,Resolved
ADM01829,Library,Password Reset,Medium,Portal,3.12,4,1,24.81,4,Escalated
ADM01830,Finance,Portal Access,High,Email,3.44,3,0,10.0,3,Resolved
ADM01831,Academic Affairs,Graduation Clearance,High,Helpdesk,0.82,2,0,26.74,4,Resolved
ADM01832,IT,Library Issue,Medium,Helpdesk,9.79,3,0,22.26,4,Resolved
ADM01833,IT,Password Reset,Medium,Helpdesk,8.07,4,0,19.04,5,Resolved
ADM01834,Library,Student ID Issue,High,Helpdesk,4.92,3,1,19.67,3,Escalated
ADM01835,Student Affairs,Library Issue,High,Helpdesk,2.2,5,0,17.31,5,Resolved
ADM01836,IT,Fee Statement,High,Helpdesk,0.57,1,0,20.02,5,Resolved
ADM01837,Registrar,Portal Access,High,Phone,2.85,7,0,15.29,5,Resolved
ADM01838,Finance,Password Reset,Medium,Email,2.97,5,1,17.61,5,Resolved
ADM01839,Academic Affairs,Student ID Issue,Low,Email,17.59,5,0,36.14,2,Resolved
ADM01840,Finance,Exam or Assessment Issue,Low,Email,13.95,6,0,44.23,4,Resolved
ADM01841,Finance,Course Registration,Critical,Portal,1.56,4,0,16.85,3,Resolved
ADM01842,Admissions,Course Registration,Low,Walk-in,9.82,3,0,29.67,3,Resolved
ADM01843,Admissions,Password Reset,Medium,Portal,8.63,6,0,15.57,5,Resolved
ADM01844,IT,Exam or Assessment Issue,High,Portal,3.43,7,0,33.68,2,Resolved
ADM01845,Academic Affairs,Fee Statement,Low,Email,23.75,5,0,44.41,3,Resolved
ADM01846,Finance,Fee Statement,High,Email,1.3,6,1,35.03,3,Escalated
ADM01847,Registrar,Application Issue,High,Portal,0.73,4,0,24.21,4,Resolved
ADM01848,Registrar,Exam or Assessment Issue,Critical,Email,1.73,5,1,42.35,2,Resolved
ADM01849,Student Affairs,Portal Access,Medium,Email,4.71,2,1,24.47,4,Resolved
ADM01850,IT,Transcript Request,Medium,Portal,5.45,6,1,42.37,2,Resolved
ADM01851,Finance,Fee Statement,High,Portal,4.67,1,1,33.06,4,Resolved
ADM01852,Student Affairs,Portal Access,Medium,Email,5.53,6,0,21.87,5,Resolved
ADM01853,Student Affairs,Fee Statement,Medium,Phone,4.38,6,0,27.5,2,Resolved
ADM01854,Student Affairs,Application Issue,High,Portal,0.77,7,0,35.46,4,Pending
ADM01855,Academic Affairs,Accommodation Request,Medium,Email,5.54,7,0,39.8,4,Resolved
ADM01856,Finance,Graduation Clearance,High,Phone,3.45,6,0,43.2,4,Resolved
ADM01857,Library,Fee Statement,High,Portal,1.71,5,0,28.34,2,Resolved
ADM01858,Admissions,Graduation Clearance,Low,Email,18.36,4,0,52.62,2,Resolved
ADM01859,Student Affairs,Exam or Assessment Issue,Low,Helpdesk,13.57,1,0,39.99,4,Resolved
ADM01860,IT,Portal Access,Low,Portal,21.16,2,0,26.81,3,Resolved
ADM01861,Library,Exam or Assessment Issue,Medium,Portal,3.29,5,0,35.71,4,Resolved
ADM01862,IT,Application Issue,High,Helpdesk,3.91,3,0,27.6,4,Resolved
ADM01863,Registrar,Application Issue,Low,Helpdesk,22.65,4,0,57.7,3,Resolved
ADM01864,Admissions,Exam or Assessment Issue,Medium,Email,7.93,5,0,33.74,3,Resolved
ADM01865,Academic Affairs,Portal Access,High,Walk-in,2.33,6,0,16.78,5,Resolved
ADM01866,Academic Affairs,Portal Access,Medium,Walk-in,3.84,3,0,13.31,5,Pending
ADM01867,Registrar,Course Registration,Medium,Email,2.79,6,0,26.47,2,Resolved
ADM01868,Registrar,Exam or Assessment Issue,Critical,Phone,1.36,3,0,25.36,3,Resolved
ADM01869,Registrar,Accommodation Request,Medium,Email,3.14,6,0,34.87,2,Pending
ADM01870,IT,Application Issue,High,Portal,4.27,6,0,30.28,3,Resolved
ADM01871,Student Affairs,Course Registration,High,Phone,4.82,4,0,24.05,3,Resolved
ADM01872,Registrar,Library Issue,High,Portal,1.11,5,0,20.74,4,Resolved
ADM01873,Admissions,Password Reset,High,Helpdesk,2.19,4,0,9.98,3,Resolved
ADM01874,Student Affairs,Password Reset,Medium,Walk-in,9.5,7,0,24.43,3,Resolved
ADM01875,Library,Application Issue,High,Helpdesk,2.62,2,0,34.35,4,Resolved
ADM01876,Admissions,Course Registration,High,Portal,2.91,1,0,16.47,4,Resolved
ADM01877,IT,Accommodation Request,Medium,Email,7.98,6,1,43.92,3,Resolved
ADM01878,Admissions,Exam or Assessment Issue,Medium,Walk-in,3.68,5,0,33.8,3,Resolved
ADM01879,Finance,Accommodation Request,High,Email,4.91,4,0,38.2,4,Resolved
ADM01880,IT,Library Issue,Medium,Portal,8.25,5,0,20.8,5,Resolved
ADM01881,IT,Application Issue,High,Walk-in,1.23,4,0,25.15,3,Pending
ADM01882,Student Affairs,Fee Statement,Medium,Email,2.89,2,0,21.04,4,Resolved
ADM01883,IT,Library Issue,Medium,Portal,9.48,7,0,29.65,4,Resolved
ADM01884,Library,Course Registration,Low,Portal,17.7,3,0,32.19,4,Resolved
ADM01885,Registrar,Fee Statement,Medium,Email,2.31,4,0,31.09,3,Resolved
ADM01886,Admissions,Graduation Clearance,Medium,Portal,3.14,5,0,41.29,4,Resolved
ADM01887,Registrar,Exam or Assessment Issue,Medium,Email,2.38,2,0,33.18,2,Resolved
ADM01888,Finance,Password Reset,Medium,Email,9.79,5,1,30.61,4,Resolved
ADM01889,IT,Payment Issue,High,Walk-in,2.74,2,0,38.64,4,Pending
ADM01890,Academic Affairs,Password Reset,High,Portal,2.58,9,1,30.48,2,Resolved
ADM01891,Registrar,Graduation Clearance,High,Phone,4.8,3,0,35.11,4,Resolved
ADM01892,Admissions,Exam or Assessment Issue,Medium,Email,6.04,4,1,46.74,2,Resolved
ADM01893,Library,Application Issue,Medium,Phone,6.14,5,1,46.05,2,Resolved
ADM01894,Registrar,Portal Access,Low,Helpdesk,23.68,4,0,30.87,4,Resolved
ADM01895,IT,Password Reset,Medium,Portal,2.89,3,0,3.57,5,Resolved
ADM01896,Library,Student ID Issue,Medium,Phone,9.89,3,0,20.57,3,Resolved
ADM01897,IT,Graduation Clearance,Medium,Email,3.33,6,1,51.03,1,Resolved
ADM01898,Registrar,Password Reset,Medium,Portal,5.78,4,0,10.67,4,Resolved
ADM01899,Finance,Password Reset,Low,Helpdesk,10.75,3,1,28.55,4,Resolved
ADM01900,Library,Password Reset,Medium,Walk-in,9.64,7,0,23.01,4,Resolved
ADM01901,IT,Exam or Assessment Issue,Critical,Portal,1.07,3,0,28.81,3,Resolved
ADM01902,Registrar,Password Reset,Medium,Helpdesk,2.18,4,0,8.06,3,Resolved
ADM01903,Library,Fee Statement,High,Email,1.5,5,1,37.99,3,Resolved
ADM01904,Registrar,Graduation Clearance,Medium,Phone,5.45,3,0,39.73,3,Resolved
ADM01905,Library,Fee Statement,Medium,Email,7.41,4,0,35.24,3,Resolved
ADM01906,Registrar,Password Reset,Low,Phone,15.24,4,1,28.32,4,Resolved
ADM01907,Academic Affairs,Transcript Request,Medium,Email,8.8,5,0,40.94,3,Resolved
ADM01908,Finance,Transcript Request,High,Helpdesk,4.23,5,0,31.01,4,Resolved
ADM01909,Finance,Fee Statement,Medium,Walk-in,6.72,9,0,39.11,4,Resolved
ADM01910,Registrar,Payment Issue,Low,Email,15.43,7,1,67.26,2,Resolved
ADM01911,Finance,Portal Access,Medium,Phone,4.23,7,0,14.01,5,Resolved
ADM01912,Student Affairs,Library Issue,Medium,Walk-in,9.66,4,0,22.9,5,Resolved
ADM01913,Academic Affairs,Student ID Issue,High,Email,0.85,4,1,25.76,3,Escalated
ADM01914,Finance,Student ID Issue,Medium,Email,5.18,8,0,22.19,5,Resolved
ADM01915,Admissions,Password Reset,Medium,Portal,7.29,6,0,16.56,4,Resolved
ADM01916,IT,Payment Issue,Medium,Email,9.57,2,0,42.53,2,Resolved
ADM01917,Student Affairs,Transcript Request,Low,Portal,14.03,4,0,35.97,2,Pending
ADM01918,IT,Transcript Request,Medium,Portal,9.17,2,0,25.39,3,Resolved
ADM01919,Finance,Payment Issue,Medium,Portal,2.84,7,1,53.82,3,Resolved
ADM01920,Admissions,Portal Access,Medium,Portal,6.25,4,0,17.47,3,Pending
ADM01921,IT,Fee Statement,High,Helpdesk,1.92,2,1,30.59,3,Escalated
ADM01922,Registrar,Portal Access,High,Walk-in,4.08,6,0,14.04,4,Resolved
ADM01923,IT,Application Issue,Medium,Phone,5.56,6,0,34.98,2,Resolved
ADM01924,Finance,Application Issue,Medium,Portal,5.8,1,1,37.39,2,Resolved
ADM01925,Library,Transcript Request,Medium,Email,2.52,4,0,21.58,3,Resolved
ADM01926,Registrar,Library Issue,High,Email,2.47,6,1,30.18,4,Resolved
ADM01927,IT,Application Issue,Low,Phone,5.62,1,0,28.75,3,Resolved
ADM01928,Admissions,Exam or Assessment Issue,High,Portal,1.85,5,1,38.85,4,Resolved
ADM01929,IT,Transcript Request,Medium,Portal,3.02,8,1,39.2,3,Resolved
ADM01930,Registrar,Password Reset,Medium,Helpdesk,4.68,4,0,13.15,3,Resolved
ADM01931,IT,Accommodation Request,High,Portal,1.52,2,0,32.28,4,Resolved
ADM01932,IT,Accommodation Request,Low,Helpdesk,9.7,2,0,37.62,4,Resolved
ADM01933,IT,Course Registration,Medium,Helpdesk,3.19,5,0,24.51,3,Resolved
ADM01934,IT,Password Reset,Medium,Email,5.52,2,0,7.79,4,Resolved
ADM01935,IT,Accommodation Request,Low,Helpdesk,13.95,6,0,52.24,1,Resolved
ADM01936,Library,Portal Access,High,Email,4.26,3,0,9.77,3,Resolved
ADM01937,Finance,Course Registration,High,Helpdesk,2.92,5,1,34.51,4,Resolved
ADM01938,Student Affairs,Transcript Request,Low,Portal,8.58,3,0,28.37,4,Resolved
ADM01939,Admissions,Payment Issue,Medium,Walk-in,7.89,3,0,41.1,2,Resolved
ADM01940,Registrar,Payment Issue,Low,Phone,9.94,3,1,52.91,3,Resolved
ADM01941,Registrar,Transcript Request,High,Portal,3.9,2,1,33.56,2,Escalated
ADM01942,Finance,Library Issue,Medium,Phone,5.1,2,0,13.43,4,Resolved
ADM01943,Library,Transcript Request,Medium,Helpdesk,6.11,2,0,23.09,4,Resolved
ADM01944,IT,Fee Statement,Medium,Helpdesk,6.03,3,1,34.75,4,Resolved
ADM01945,Library,Payment Issue,Medium,Phone,9.65,6,0,47.63,3,Resolved
ADM01946,Admissions,Accommodation Request,High,Phone,1.19,3,1,41.46,3,Escalated
ADM01947,Admissions,Student ID Issue,High,Email,4.72,3,0,15.56,4,Resolved
ADM01948,Registrar,Course Registration,Medium,Walk-in,6.5,5,0,22.46,4,Resolved
ADM01949,Finance,Library Issue,High,Phone,4.97,5,0,20.31,5,Resolved
ADM01950,Admissions,Graduation Clearance,Medium,Walk-in,6.59,8,0,53.07,2,Resolved
ADM01951,Registrar,Application Issue,Low,Phone,17.13,4,0,39.04,3,Resolved
ADM01952,Finance,Password Reset,Low,Email,18.99,5,0,29.11,2,Resolved
ADM01953,IT,Library Issue,Medium,Email,8.57,5,0,27.05,3,Resolved
ADM01954,Library,Application Issue,High,Email,2.65,7,0,29.31,2,Pending
ADM01955,Academic Affairs,Library Issue,High,Portal,3.55,1,1,21.49,4,Resolved
ADM01956,Academic Affairs,Student ID Issue,Low,Email,16.3,6,1,44.73,3,Resolved
ADM01957,IT,Exam or Assessment Issue,Medium,Phone,5.26,8,0,36.53,2,Resolved
ADM01958,Admissions,Library Issue,Medium,Email,8.57,4,0,24.46,3,Resolved
ADM01959,IT,Accommodation Request,High,Portal,1.37,5,0,34.98,2,Resolved
ADM01960,Library,Transcript Request,High,Email,1.25,7,0,24.49,4,Resolved
ADM01961,Registrar,Fee Statement,Medium,Portal,7.89,1,1,37.4,4,Resolved
ADM01962,Admissions,Course Registration,High,Email,3.37,3,0,26.65,4,Pending
ADM01963,Student Affairs,Payment Issue,High,Phone,1.93,5,0,37.82,4,Resolved
ADM01964,Finance,Application Issue,Low,Email,16.7,8,0,52.75,2,Resolved
ADM01965,IT,Exam or Assessment Issue,Medium,Email,8.17,4,0,38.2,4,Resolved
ADM01966,IT,Course Registration,Medium,Helpdesk,3.74,5,0,23.53,3,Resolved
ADM01967,Registrar,Library Issue,Low,Email,15.63,5,0,31.95,3,Resolved
ADM01968,Finance,Transcript Request,Medium,Walk-in,8.6,4,1,42.58,2,Escalated
ADM01969,Finance,Course Registration,Low,Helpdesk,12.22,1,0,23.81,5,Resolved
ADM01970,Registrar,Transcript Request,Medium,Portal,6.57,7,0,31.98,2,Resolved
ADM01971,Registrar,Application Issue,High,Portal,0.85,3,0,18.24,5,Resolved
ADM01972,Student Affairs,Accommodation Request,Medium,Portal,8.64,6,0,47.88,3,Resolved
ADM01973,Finance,Accommodation Request,Low,Portal,19.92,5,1,60.96,1,Resolved
ADM01974,Admissions,Transcript Request,Low,Portal,13.13,1,1,41.72,4,Resolved
ADM01975,Finance,Transcript Request,Medium,Email,2.95,4,0,26.15,4,Resolved
ADM01976,Academic Affairs,Fee Statement,Medium,Portal,7.28,5,0,33.42,3,Resolved
ADM01977,Finance,Password Reset,Medium,Walk-in,6.58,2,0,10.12,5,Resolved
ADM01978,Admissions,Exam or Assessment Issue,Low,Email,22.39,9,0,54.3,3,Pending
ADM01979,Student Affairs,Fee Statement,High,Phone,1.76,6,0,24.59,2,Resolved
ADM01980,Student Affairs,Course Registration,High,Phone,0.65,8,0,22.04,5,Resolved
ADM01981,Registrar,Portal Access,High,Email,1.65,5,0,14.38,3,Resolved
ADM01982,Library,Fee Statement,Medium,Email,5.42,3,0,30.38,4,Resolved
ADM01983,Admissions,Course Registration,High,Portal,1.2,1,0,13.79,3,Resolved
ADM01984,Admissions,Payment Issue,Medium,Phone,9.84,2,0,43.05,4,Resolved
ADM01985,Registrar,Course Registration,High,Portal,1.5,3,0,17.87,5,Resolved
ADM01986,Registrar,Course Registration,Low,Phone,17.56,2,0,30.23,2,Resolved
ADM01987,IT,Graduation Clearance,High,Phone,2.54,4,0,38.47,4,Resolved
ADM01988,Admissions,Transcript Request,Medium,Walk-in,6.44,3,0,28.54,2,Resolved
ADM01989,Admissions,Student ID Issue,High,Email,4.7,5,0,10.22,3,Resolved
ADM01990,IT,Library Issue,High,Portal,2.89,1,0,16.07,4,Resolved
ADM01991,Library,Transcript Request,Medium,Email,4.44,4,1,33.41,4,Resolved
ADM01992,Registrar,Exam or Assessment Issue,High,Email,1.49,5,1,44.08,3,Resolved
ADM01993,IT,Transcript Request,Medium,Portal,9.14,2,0,28.29,3,Resolved
ADM01994,Registrar,Exam or Assessment Issue,Critical,Phone,1.98,7,0,35.12,4,Resolved
ADM01995,Library,Exam or Assessment Issue,High,Helpdesk,1.63,3,0,27.01,3,Resolved
ADM01996,IT,Student ID Issue,Critical,Portal,1.5,5,0,11.11,5,Resolved
ADM01997,Academic Affairs,Student ID Issue,Low,Portal,14.12,2,0,18.9,4,Resolved
ADM01998,Registrar,Library Issue,Medium,Email,7.59,3,0,14.12,5,Resolved
ADM01999,Registrar,Graduation Clearance,High,Phone,4.84,3,0,37.72,4,Resolved
ADM02000,Finance,Portal Access,High,Portal,1.74,2,0,7.97,5,Resolved
ADM02001,Finance,Graduation Clearance,Low,Portal,18.8,4,0,55.67,1,Resolved
ADM02002,Finance,Exam or Assessment Issue,Low,Portal,12.76,4,0,41.74,3,Resolved
ADM02003,Student Affairs,Payment Issue,Medium,Phone,7.22,3,0,41.87,4,Resolved
ADM02004,Finance,Fee Statement,High,Email,2.33,4,0,24.16,2,Resolved
ADM02005,Finance,Course Registration,High,Portal,3.69,3,1,32.03,3,Resolved
ADM02006,Library,Exam or Assessment Issue,Medium,Portal,4.7,5,0,31.12,2,Resolved
ADM02007,Admissions,Fee Statement,Low,Email,13.77,5,0,38.92,4,Resolved
ADM02008,Library,Graduation Clearance,Medium,Email,7.67,2,1,53.16,1,Resolved
ADM02009,Registrar,Accommodation Request,Medium,Helpdesk,2.34,5,1,45.26,4,Escalated
ADM02010,Admissions,Application Issue,High,Helpdesk,1.98,5,0,25.67,3,Resolved
ADM02011,Registrar,Portal Access,Medium,Email,6.37,3,0,13.84,5,Resolved
ADM02012,Registrar,Application Issue,High,Phone,0.83,3,0,22.38,3,Resolved
ADM02013,Student Affairs,Course Registration,High,Portal,3.66,4,0,23.37,4,Resolved
ADM02014,Registrar,Student ID Issue,Medium,Helpdesk,8.51,8,0,26.96,2,Resolved
ADM02015,Admissions,Course Registration,Medium,Helpdesk,3.31,4,0,24.83,2,Resolved
ADM02016,Admissions,Payment Issue,High,Portal,3.8,7,0,48.6,1,Resolved
ADM02017,Finance,Fee Statement,Medium,Email,7.17,6,0,31.82,2,Resolved
ADM02018,Student Affairs,Exam or Assessment Issue,High,Portal,2.35,9,0,39.45,3,Resolved
ADM02019,Registrar,Library Issue,Low,Phone,7.3,2,0,15.64,4,Resolved
ADM02020,IT,Graduation Clearance,High,Helpdesk,4.8,2,0,38.23,2,Resolved
ADM02021,Academic Affairs,Graduation Clearance,Low,Portal,13.28,3,1,57.22,1,Resolved
ADM02022,IT,Password Reset,Low,Walk-in,7.67,9,0,24.06,4,Pending
ADM02023,Academic Affairs,Exam or Assessment Issue,Medium,Phone,7.75,4,1,44.89,4,Resolved
ADM02024,Registrar,Password Reset,Critical,Email,1.29,5,0,10.82,4,Resolved
ADM02025,Admissions,Library Issue,Critical,Portal,1.67,5,0,12.13,4,Resolved
ADM02026,Finance,Student ID Issue,Medium,Email,9.97,2,0,22.21,5,Resolved
ADM02027,Library,Password Reset,Low,Phone,4.9,3,0,4.84,5,Resolved
ADM02028,Academic Affairs,Student ID Issue,Medium,Phone,7.91,4,1,33.94,2,Resolved
ADM02029,Finance,Transcript Request,Medium,Helpdesk,9.91,9,0,34.6,2,Resolved
ADM02030,IT,Payment Issue,High,Helpdesk,2.92,3,0,40.76,2,Resolved
ADM02031,Registrar,Exam or Assessment Issue,Medium,Email,7.73,5,0,36.0,2,Resolved
ADM02032,IT,Portal Access,High,Email,2.48,3,0,10.65,4,Resolved
ADM02033,Admissions,Fee Statement,High,Walk-in,2.11,4,0,25.11,4,Resolved
ADM02034,Academic Affairs,Fee Statement,Medium,Phone,7.57,5,0,30.05,3,Resolved
ADM02035,IT,Portal Access,High,Walk-in,4.95,4,0,12.41,3,Resolved
ADM02036,Finance,Course Registration,Low,Email,5.83,5,0,31.57,2,Resolved
ADM02037,Registrar,Course Registration,Low,Walk-in,12.44,6,0,29.91,3,Resolved
ADM02038,Registrar,Application Issue,High,Portal,4.73,1,0,27.81,3,Resolved
ADM02039,Finance,Course Registration,Medium,Email,2.9,3,0,17.31,3,Resolved
ADM02040,Finance,Student ID Issue,Low,Email,17.02,2,0,28.74,2,Pending
ADM02041,Student Affairs,Library Issue,High,Helpdesk,2.44,3,0,15.03,3,Resolved
ADM02042,IT,Transcript Request,Medium,Portal,5.02,4,0,28.12,2,Resolved
ADM02043,Admissions,Portal Access,Medium,Helpdesk,3.68,1,1,20.51,4,Resolved
ADM02044,Registrar,Student ID Issue,High,Phone,1.29,8,0,16.96,4,Resolved
ADM02045,Student Affairs,Student ID Issue,Medium,Email,6.13,7,1,31.35,3,Escalated
ADM02046,IT,Application Issue,Critical,Portal,0.88,9,0,33.84,3,Resolved
ADM02047,Registrar,Student ID Issue,Low,Email,13.83,9,0,31.95,2,Resolved
ADM02048,IT,Graduation Clearance,Medium,Portal,3.57,3,0,33.15,2,Resolved
ADM02049,Admissions,Graduation Clearance,High,Portal,2.08,3,0,38.31,4,Resolved
ADM02050,Registrar,Payment Issue,Medium,Phone,9.97,4,1,57.41,1,Resolved
ADM02051,Admissions,Course Registration,High,Portal,2.16,5,0,20.54,4,Pending
ADM02052,Admissions,Fee Statement,High,Email,2.36,3,0,21.71,4,Resolved
ADM02053,Registrar,Graduation Clearance,High,Email,0.59,5,0,35.54,2,Resolved
ADM02054,Academic Affairs,Payment Issue,Medium,Portal,5.05,1,1,42.15,3,Resolved
ADM02055,Student Affairs,Transcript Request,Medium,Helpdesk,8.11,5,0,31.93,2,Resolved
ADM02056,IT,Graduation Clearance,High,Portal,2.82,2,1,42.47,4,Resolved
ADM02057,Admissions,Transcript Request,Medium,Phone,7.26,2,0,23.7,5,Resolved
ADM02058,Admissions,Transcript Request,High,Email,3.0,3,0,26.06,2,Resolved
ADM02059,IT,Exam or Assessment Issue,Medium,Portal,2.84,4,0,29.19,4,Resolved
ADM02060,Admissions,Course Registration,Low,Portal,10.64,1,0,29.08,4,Pending
ADM02061,Registrar,Student ID Issue,Low,Walk-in,17.88,3,0,25.39,4,Resolved
ADM02062,Admissions,Transcript Request,Critical,Portal,1.19,5,0,20.83,5,Resolved
ADM02063,Library,Portal Access,Medium,Portal,7.4,6,0,19.46,3,Resolved
ADM02064,Admissions,Fee Statement,Low,Walk-in,11.2,6,0,38.18,4,Resolved
ADM02065,Registrar,Student ID Issue,High,Portal,1.37,3,0,9.47,3,Resolved
ADM02066,Library,Application Issue,Medium,Email,8.64,4,0,39.22,3,Resolved
ADM02067,Registrar,Course Registration,High,Portal,2.19,3,0,19.77,3,Resolved
ADM02068,Finance,Library Issue,Low,Email,17.1,5,1,39.72,2,Resolved
ADM02069,Registrar,Payment Issue,High,Helpdesk,2.22,4,0,36.76,4,Resolved
ADM02070,Finance,Accommodation Request,Medium,Portal,9.42,7,0,44.89,2,Resolved
ADM02071,Library,Payment Issue,High,Portal,4.96,4,1,50.25,1,Escalated
ADM02072,Admissions,Transcript Request,Low,Helpdesk,16.98,2,1,42.44,4,Escalated
ADM02073,Registrar,Fee Statement,Medium,Helpdesk,6.82,5,0,35.29,3,Resolved
ADM02074,Student Affairs,Application Issue,Medium,Portal,8.73,2,0,37.21,2,Resolved
ADM02075,Student Affairs,Graduation Clearance,High,Helpdesk,2.82,5,0,38.16,3,Resolved
ADM02076,Student Affairs,Student ID Issue,Low,Email,21.39,4,1,44.63,2,Resolved
ADM02077,Finance,Portal Access,High,Helpdesk,2.36,1,0,11.57,4,Resolved
ADM02078,Admissions,Password Reset,Low,Portal,4.64,3,0,8.99,5,Resolved
ADM02079,Academic Affairs,Payment Issue,Low,Portal,22.53,3,1,72.38,1,Resolved
ADM02080,Library,Password Reset,Medium,Email,7.77,5,0,13.69,5,Resolved
ADM02081,Registrar,Student ID Issue,High,Helpdesk,2.8,5,0,17.62,4,Resolved
ADM02082,Registrar,Fee Statement,High,Email,4.75,4,0,26.55,4,Resolved
ADM02083,Admissions,Password Reset,Critical,Portal,1.8,3,0,4.71,5,Resolved
ADM02084,Student Affairs,Payment Issue,High,Phone,0.99,2,0,32.06,3,Resolved
ADM02085,Admissions,Library Issue,Low,Phone,16.49,3,0,27.78,2,Resolved
ADM02086,Admissions,Accommodation Request,High,Phone,2.92,3,1,39.6,2,Resolved
ADM02087,Registrar,Password Reset,Medium,Phone,8.21,6,1,32.11,2,Escalated
ADM02088,IT,Library Issue,High,Walk-in,1.85,3,0,14.43,3,Resolved
ADM02089,Student Affairs,Library Issue,Low,Email,4.16,7,1,34.71,2,Resolved
ADM02090,Finance,Transcript Request,High,Portal,1.33,6,0,27.37,4,Resolved
ADM02091,Library,Accommodation Request,Low,Portal,8.22,3,0,36.3,4,Resolved
ADM02092,Academic Affairs,Portal Access,Medium,Helpdesk,4.33,1,0,6.16,4,Resolved
ADM02093,Registrar,Exam or Assessment Issue,Low,Portal,11.41,7,0,46.41,2,Resolved
ADM02094,Admissions,Payment Issue,Low,Email,18.13,2,0,48.6,1,Resolved
ADM02095,Finance,Application Issue,Medium,Phone,2.59,1,0,28.71,3,Resolved
ADM02096,Library,Student ID Issue,High,Portal,2.69,1,0,13.25,5,Resolved
ADM02097,IT,Application Issue,High,Email,2.74,5,0,30.18,3,Resolved
ADM02098,IT,Password Reset,Medium,Phone,6.93,5,0,9.3,3,Pending
ADM02099,Library,Accommodation Request,Low,Email,10.21,5,0,42.62,4,Pending
ADM02100,Finance,Password Reset,Medium,Phone,4.08,5,0,19.56,5,Resolved
ADM02101,Academic Affairs,Accommodation Request,High,Portal,2.68,6,0,35.06,2,Pending
ADM02102,Admissions,Payment Issue,Low,Portal,17.19,3,0,49.77,2,Resolved
ADM02103,Registrar,Student ID Issue,Medium,Helpdesk,2.36,1,0,9.86,5,Pending
ADM02104,IT,Student ID Issue,Low,Portal,9.87,5,0,24.83,4,Resolved
ADM02105,Library,Payment Issue,Medium,Portal,8.3,3,1,55.57,1,Resolved
ADM02106,Finance,Portal Access,Low,Helpdesk,13.68,2,0,20.04,4,Resolved
ADM02107,Student Affairs,Library Issue,Low,Email,23.04,4,0,34.55,2,Resolved
ADM02108,Student Affairs,Accommodation Request,Low,Email,21.35,3,0,55.39,3,Resolved
ADM02109,Finance,Course Registration,Medium,Email,4.75,5,0,19.13,3,Resolved
ADM02110,Academic Affairs,Course Registration,Medium,Portal,7.81,5,0,30.28,4,Resolved
ADM02111,Registrar,Library Issue,Medium,Portal,4.19,4,0,20.08,3,Resolved
ADM02112,Registrar,Exam or Assessment Issue,Low,Phone,7.51,4,0,38.15,2,Resolved
ADM02113,Registrar,Password Reset,Low,Email,21.62,7,0,32.04,2,Resolved
ADM02114,Student Affairs,Accommodation Request,Low,Email,11.0,2,1,44.94,4,Resolved
ADM02115,IT,Exam or Assessment Issue,High,Portal,1.42,5,0,31.37,3,Resolved
ADM02116,Registrar,Fee Statement,Medium,Email,9.72,3,0,29.69,2,Resolved
ADM02117,Admissions,Student ID Issue,High,Portal,0.64,4,1,19.71,3,Resolved
ADM02118,IT,Graduation Clearance,Medium,Portal,4.94,5,0,38.77,4,Resolved
ADM02119,Registrar,Application Issue,Medium,Helpdesk,2.31,3,0,26.7,4,Resolved
ADM02120,Student Affairs,Fee Statement,Low,Email,14.08,3,0,38.79,4,Resolved
ADM02121,Library,Application Issue,Medium,Portal,5.21,4,0,28.0,4,Resolved
ADM02122,Admissions,Student ID Issue,Medium,Portal,7.77,2,0,22.26,3,Resolved
ADM02123,Academic Affairs,Course Registration,High,Walk-in,4.79,4,0,14.19,3,Resolved
ADM02124,Admissions,Exam or Assessment Issue,High,Helpdesk,2.84,4,0,33.08,2,Resolved
ADM02125,Academic Affairs,Payment Issue,Medium,Helpdesk,4.28,8,0,49.59,1,Resolved
ADM02126,IT,Portal Access,Medium,Portal,8.98,4,0,22.74,5,Resolved
ADM02127,IT,Transcript Request,Low,Portal,16.09,4,0,36.44,2,Resolved
ADM02128,Registrar,Password Reset,Medium,Portal,6.43,7,0,17.69,5,Pending
ADM02129,Student Affairs,Library Issue,High,Portal,1.35,5,0,22.44,5,Pending
ADM02130,Admissions,Course Registration,Low,Phone,4.81,5,0,18.66,5,Resolved
ADM02131,Registrar,Payment Issue,Critical,Email,1.03,5,0,36.78,3,Resolved
ADM02132,Registrar,Exam or Assessment Issue,Medium,Phone,6.22,3,0,29.72,2,Pending
ADM02133,IT,Payment Issue,Medium,Helpdesk,3.02,5,0,43.34,4,Resolved
ADM02134,Admissions,Application Issue,Low,Email,5.19,4,1,41.22,4,Resolved
ADM02135,IT,Graduation Clearance,High,Phone,1.47,1,1,36.38,4,Escalated
ADM02136,Student Affairs,Graduation Clearance,Medium,Email,2.5,3,0,32.5,3,Resolved
ADM02137,Registrar,Payment Issue,Medium,Email,2.45,5,0,38.69,4,Resolved
ADM02138,Library,Accommodation Request,Medium,Email,5.55,3,0,35.71,2,Resolved
ADM02139,Registrar,Password Reset,Low,Email,20.2,4,0,23.83,5,Pending
ADM02140,Student Affairs,Transcript Request,Medium,Email,7.31,6,0,36.59,4,Resolved
ADM02141,Student Affairs,Course Registration,Medium,Portal,7.44,3,0,24.77,4,Resolved
ADM02142,Admissions,Accommodation Request,High,Walk-in,1.68,1,0,28.99,3,Resolved
ADM02143,IT,Course Registration,High,Email,0.55,8,0,25.51,3,Resolved
ADM02144,Finance,Portal Access,Medium,Helpdesk,5.61,3,0,16.43,5,Pending
ADM02145,Admissions,Transcript Request,High,Walk-in,2.2,5,0,18.67,5,Resolved
ADM02146,Student Affairs,Payment Issue,Medium,Phone,9.58,3,1,58.58,2,Resolved
ADM02147,Admissions,Portal Access,High,Portal,0.82,2,1,21.71,5,Escalated
ADM02148,Finance,Application Issue,Low,Email,19.53,4,1,57.05,2,Resolved
ADM02149,Admissions,Exam or Assessment Issue,Low,Phone,11.71,2,0,42.53,3,Resolved
ADM02150,Student Affairs,Portal Access,Medium,Helpdesk,8.64,2,1,22.75,5,Resolved
ADM02151,Finance,Fee Statement,High,Portal,2.73,6,0,27.05,4,Resolved
ADM02152,Registrar,Application Issue,Low,Phone,20.41,8,0,52.03,3,Resolved
ADM02153,IT,Transcript Request,Low,Email,13.34,3,0,30.7,3,Resolved
ADM02154,Student Affairs,Password Reset,Medium,Phone,5.21,1,1,19.01,3,Resolved
ADM02155,Registrar,Fee Statement,Low,Email,23.27,2,0,47.67,4,Resolved
ADM02156,Finance,Course Registration,High,Portal,2.16,3,0,19.63,4,Resolved
ADM02157,Registrar,Library Issue,Medium,Portal,8.44,3,0,21.88,5,Resolved
ADM02158,Finance,Library Issue,High,Portal,0.8,5,0,12.95,4,Resolved
ADM02159,Admissions,Fee Statement,Low,Email,5.25,4,0,29.03,3,Resolved
ADM02160,Library,Password Reset,Medium,Helpdesk,5.5,3,0,11.58,4,Resolved
ADM02161,IT,Accommodation Request,High,Portal,3.14,3,0,30.76,4,Resolved
ADM02162,IT,Library Issue,High,Portal,3.24,3,0,19.11,3,Pending
ADM02163,Finance,Fee Statement,Medium,Phone,2.29,4,0,27.46,4,Resolved
ADM02164,Student Affairs,Transcript Request,Medium,Helpdesk,7.57,3,0,24.06,2,Resolved
ADM02165,Admissions,Student ID Issue,High,Email,1.08,3,1,21.59,3,Resolved
ADM02166,Academic Affairs,Password Reset,Low,Helpdesk,23.11,3,0,32.42,2,Resolved
ADM02167,IT,Password Reset,High,Email,2.0,2,0,7.97,5,Resolved
ADM02168,Registrar,Accommodation Request,Medium,Email,4.09,3,0,33.53,3,Resolved
ADM02169,IT,Application Issue,High,Phone,1.81,1,0,20.79,4,Resolved
ADM02170,Finance,Payment Issue,Medium,Helpdesk,9.5,3,0,46.81,3,Resolved
ADM02171,IT,Library Issue,Low,Email,13.66,2,0,21.18,4,Pending
ADM02172,Registrar,Payment Issue,Medium,Portal,5.48,6,1,54.16,2,Escalated
ADM02173,Registrar,Payment Issue,Critical,Portal,1.22,5,0,39.41,4,Resolved
ADM02174,Student Affairs,Graduation Clearance,High,Email,4.69,4,0,40.53,2,Resolved
ADM02175,Finance,Graduation Clearance,Medium,Helpdesk,4.47,6,0,41.55,2,Pending
ADM02176,Student Affairs,Transcript Request,Medium,Phone,3.45,1,0,19.61,3,Pending
ADM02177,Finance,Course Registration,Medium,Walk-in,6.76,4,0,20.53,4,Resolved
ADM02178,IT,Payment Issue,Low,Portal,13.83,3,1,57.46,2,Resolved
ADM02179,IT,Password Reset,Low,Portal,5.24,5,0,17.5,4,Pending
ADM02180,Admissions,Graduation Clearance,Medium,Portal,6.18,3,0,40.51,2,Resolved
ADM02181,Finance,Accommodation Request,Medium,Portal,6.5,4,0,36.14,3,Resolved
ADM02182,Registrar,Accommodation Request,Low,Phone,17.88,4,0,50.41,1,Resolved
ADM02183,Registrar,Graduation Clearance,High,Email,4.98,4,0,40.49,4,Resolved
ADM02184,Finance,Student ID Issue,Medium,Portal,5.37,5,0,25.43,3,Pending
ADM02185,IT,Course Registration,Medium,Helpdesk,6.08,4,0,22.77,3,Resolved
ADM02186,Academic Affairs,Application Issue,Low,Walk-in,5.5,4,0,30.95,3,Pending
ADM02187,Student Affairs,Password Reset,Medium,Email,8.65,5,0,16.74,4,Pending
ADM02188,Library,Password Reset,High,Helpdesk,0.94,6,0,12.13,5,Pending
ADM02189,Library,Student ID Issue,High,Portal,4.7,2,0,11.65,4,Resolved
ADM02190,IT,Portal Access,Medium,Phone,4.79,6,0,17.96,3,Resolved
ADM02191,Finance,Exam or Assessment Issue,Medium,Email,4.7,2,0,31.88,3,Resolved
ADM02192,Student Affairs,Student ID Issue,High,Portal,1.98,6,0,21.83,3,Resolved
ADM02193,IT,Payment Issue,Medium,Walk-in,9.6,5,0,48.64,3,Resolved
ADM02194,IT,Fee Statement,Medium,Portal,9.84,1,1,44.43,2,Escalated
ADM02195,Registrar,Graduation Clearance,High,Email,4.88,4,0,36.69,4,Resolved
ADM02196,Admissions,Accommodation Request,Low,Portal,18.1,3,0,50.62,3,Pending
ADM02197,Admissions,Graduation Clearance,Medium,Email,2.89,4,0,36.68,2,Resolved
ADM02198,Student Affairs,Student ID Issue,Low,Phone,11.73,5,0,19.04,5,Pending
ADM02199,Admissions,Payment Issue,Medium,Email,4.31,4,0,33.93,3,Resolved
ADM02200,Finance,Library Issue,Medium,Email,7.67,6,0,24.85,2,Resolved
ADM02201,Academic Affairs,Course Registration,Low,Helpdesk,13.85,4,1,37.39,4,Resolved
ADM02202,Registrar,Password Reset,High,Portal,3.27,3,0,9.7,3,Resolved
ADM02203,Admissions,Graduation Clearance,Medium,Portal,2.07,5,0,38.12,2,Resolved
ADM02204,Registrar,Portal Access,Medium,Portal,8.26,5,1,29.94,2,Resolved
ADM02205,Library,Graduation Clearance,Medium,Email,9.62,6,1,54.89,1,Escalated
ADM02206,Academic Affairs,Course Registration,High,Email,3.51,5,0,30.24,3,Pending
ADM02207,Finance,Payment Issue,Medium,Phone,8.82,9,0,53.14,3,Resolved
ADM02208,Student Affairs,Graduation Clearance,High,Phone,2.65,3,0,37.24,3,Resolved
ADM02209,Finance,Application Issue,High,Helpdesk,0.59,3,0,27.75,2,Resolved
ADM02210,Academic Affairs,Exam or Assessment Issue,High,Walk-in,4.96,5,0,29.99,4,Resolved
ADM02211,Library,Library Issue,Medium,Helpdesk,2.47,1,0,14.45,3,Resolved
ADM02212,Library,Payment Issue,High,Helpdesk,1.37,8,0,45.62,4,Resolved
ADM02213,Registrar,Fee Statement,Medium,Phone,2.42,6,1,37.87,3,Escalated
ADM02214,Academic Affairs,Transcript Request,Low,Helpdesk,16.5,6,0,41.93,3,Resolved
ADM02215,IT,Payment Issue,Low,Phone,15.66,4,0,53.04,1,Resolved
ADM02216,Finance,Exam or Assessment Issue,High,Email,1.44,4,0,31.73,3,Pending
ADM02217,Student Affairs,Student ID Issue,Medium,Email,9.65,3,0,24.14,2,Resolved
ADM02218,Finance,Payment Issue,High,Email,4.61,4,1,52.38,3,Resolved
ADM02219,Student Affairs,Student ID Issue,Medium,Helpdesk,4.24,5,0,15.77,4,Resolved
ADM02220,Registrar,Application Issue,Medium,Phone,7.27,6,0,34.86,4,Resolved
ADM02221,IT,Password Reset,High,Walk-in,4.35,2,0,9.01,5,Resolved
ADM02222,Admissions,Accommodation Request,Low,Portal,11.2,4,0,39.01,2,Resolved
ADM02223,Registrar,Transcript Request,High,Portal,1.64,3,0,18.25,4,Resolved
ADM02224,Finance,Application Issue,High,Email,1.65,5,0,29.2,3,Resolved
ADM02225,Registrar,Exam or Assessment Issue,Medium,Helpdesk,8.56,3,0,30.59,2,Resolved
ADM02226,Admissions,Student ID Issue,Medium,Helpdesk,5.7,4,0,15.81,5,Resolved
ADM02227,Finance,Accommodation Request,Low,Walk-in,18.31,3,0,47.36,3,Pending
ADM02228,IT,Graduation Clearance,Medium,Email,7.2,1,0,39.62,2,Pending
ADM02229,Finance,Fee Statement,Low,Email,10.12,6,0,36.94,4,Resolved
ADM02230,Finance,Course Registration,Medium,Portal,3.66,3,0,16.24,4,Resolved
ADM02231,Library,Transcript Request,High,Email,1.07,3,0,20.38,3,Resolved
ADM02232,Registrar,Portal Access,Medium,Walk-in,2.19,3,0,9.0,4,Resolved
ADM02233,Student Affairs,Application Issue,High,Email,0.87,4,0,27.01,2,Resolved
ADM02234,Student Affairs,Course Registration,Medium,Portal,4.05,3,0,23.35,5,Resolved
ADM02235,IT,Course Registration,Low,Portal,18.27,4,0,35.98,4,Resolved
ADM02236,IT,Exam or Assessment Issue,Medium,Portal,3.24,4,0,31.8,2,Resolved
ADM02237,Student Affairs,Payment Issue,High,Email,2.86,4,0,41.11,4,Resolved
ADM02238,Registrar,Graduation Clearance,Low,Helpdesk,8.9,5,1,57.25,2,Escalated
ADM02239,Registrar,Payment Issue,High,Portal,2.8,4,0,36.99,3,Pending
ADM02240,Finance,Portal Access,Medium,Phone,8.0,5,0,20.93,3,Resolved
ADM02241,Library,Portal Access,Low,Email,9.32,4,0,19.01,4,Resolved
ADM02242,Registrar,Student ID Issue,Medium,Walk-in,4.78,3,0,13.94,4,Resolved
ADM02243,IT,Portal Access,Medium,Email,7.78,6,1,24.4,3,Escalated
ADM02244,Academic Affairs,Course Registration,Medium,Phone,6.37,3,0,27.02,2,Resolved
ADM02245,Student Affairs,Student ID Issue,High,Portal,0.93,6,0,24.33,2,Resolved
ADM02246,Admissions,Accommodation Request,High,Email,3.91,2,0,28.89,4,Resolved
ADM02247,Registrar,Exam or Assessment Issue,High,Email,1.75,4,1,41.27,4,Escalated
ADM02248,Student Affairs,Password Reset,High,Helpdesk,2.23,5,1,20.45,3,Escalated
ADM02249,IT,Password Reset,High,Email,1.6,7,0,16.45,5,Resolved
ADM02250,Registrar,Exam or Assessment Issue,High,Phone,2.95,6,0,34.11,3,Resolved
ADM02251,Registrar,Password Reset,Low,Phone,18.16,7,0,35.03,2,Resolved
ADM02252,Student Affairs,Transcript Request,Medium,Portal,8.43,4,0,30.31,4,Resolved
ADM02253,IT,Transcript Request,Low,Email,22.44,3,0,35.79,4,Resolved
ADM02254,Student Affairs,Portal Access,Medium,Email,4.87,3,0,6.37,5,Resolved
ADM02255,Student Affairs,Password Reset,High,Portal,4.7,6,0,14.91,3,Resolved
ADM02256,IT,Fee Statement,Low,Portal,16.34,4,0,33.41,2,Resolved
ADM02257,Admissions,Payment Issue,Medium,Helpdesk,5.12,1,1,47.05,4,Escalated
ADM02258,Admissions,Graduation Clearance,Medium,Phone,9.1,4,0,43.53,2,Resolved
ADM02259,Finance,Fee Statement,Low,Walk-in,15.59,3,0,35.06,2,Resolved
ADM02260,Admissions,Password Reset,Medium,Email,5.63,4,0,15.4,5,Resolved
ADM02261,Library,Password Reset,Medium,Phone,2.09,2,0,7.9,4,Pending
ADM02262,IT,Payment Issue,Low,Email,18.35,2,0,51.92,1,Resolved
ADM02263,Student Affairs,Password Reset,Medium,Email,2.62,4,0,13.76,3,Resolved
ADM02264,Admissions,Application Issue,Medium,Phone,4.32,3,0,29.86,4,Resolved
ADM02265,IT,Course Registration,Medium,Walk-in,9.69,2,0,21.67,5,Resolved
ADM02266,IT,Student ID Issue,Low,Portal,7.1,1,0,13.65,5,Resolved
ADM02267,IT,Payment Issue,Medium,Walk-in,4.49,3,0,36.87,2,Resolved
ADM02268,IT,Password Reset,Low,Portal,22.65,12,1,45.53,4,Resolved
ADM02269,Finance,Transcript Request,High,Helpdesk,2.02,4,0,25.98,4,Resolved
ADM02270,Admissions,Transcript Request,Medium,Email,4.63,4,0,29.29,2,Resolved
ADM02271,Registrar,Course Registration,High,Email,3.42,4,0,22.86,5,Resolved
ADM02272,Finance,Transcript Request,High,Walk-in,1.09,5,0,21.41,5,Resolved
ADM02273,Admissions,Student ID Issue,High,Phone,4.88,5,1,26.15,3,Resolved
ADM02274,IT,Library Issue,Medium,Portal,4.2,4,0,19.44,5,Resolved
ADM02275,Academic Affairs,Exam or Assessment Issue,Medium,Phone,8.29,6,1,47.73,2,Resolved
ADM02276,IT,Library Issue,Medium,Helpdesk,4.3,4,1,31.46,4,Resolved
ADM02277,Library,Library Issue,Low,Phone,9.51,4,0,29.36,4,Resolved
ADM02278,Admissions,Course Registration,High,Phone,0.76,5,0,19.36,4,Resolved
ADM02279,IT,Course Registration,Medium,Walk-in,2.95,6,0,28.8,2,Resolved
ADM02280,Registrar,Graduation Clearance,Critical,Helpdesk,1.14,5,0,39.75,2,Resolved
ADM02281,Finance,Student ID Issue,High,Email,3.1,7,0,18.56,3,Resolved
ADM02282,Finance,Payment Issue,Low,Phone,20.32,1,0,49.94,3,Resolved
ADM02283,Admissions,Portal Access,High,Portal,0.77,6,0,15.23,3,Resolved
ADM02284,Registrar,Library Issue,Medium,Email,4.85,5,0,20.08,4,Resolved
ADM02285,Registrar,Transcript Request,Medium,Portal,3.6,5,0,26.71,3,Resolved
ADM02286,Finance,Fee Statement,Medium,Email,4.86,4,0,33.78,4,Resolved
ADM02287,Academic Affairs,Portal Access,High,Email,2.09,3,0,8.53,5,Resolved
ADM02288,Finance,Student ID Issue,Medium,Helpdesk,4.83,3,0,12.92,5,Resolved
ADM02289,Admissions,Payment Issue,High,Email,1.89,3,0,37.12,4,Resolved
ADM02290,Registrar,Graduation Clearance,Medium,Portal,8.11,7,0,45.9,2,Resolved
ADM02291,IT,Transcript Request,Medium,Portal,7.52,3,0,27.46,4,Resolved
ADM02292,Finance,Password Reset,Medium,Portal,4.73,1,0,8.33,3,Resolved
ADM02293,Registrar,Payment Issue,Medium,Email,3.17,5,0,37.77,3,Pending
ADM02294,Admissions,Library Issue,Medium,Portal,6.15,3,0,16.62,5,Resolved
ADM02295,Registrar,Library Issue,Medium,Helpdesk,9.35,8,0,28.75,2,Resolved
ADM02296,Registrar,Password Reset,High,Portal,1.06,5,0,9.38,3,Resolved
ADM02297,Registrar,Student ID Issue,Medium,Portal,8.02,4,0,19.48,3,Resolved
ADM02298,Registrar,Accommodation Request,Critical,Portal,1.28,7,0,36.26,2,Resolved
ADM02299,Registrar,Payment Issue,Low,Email,15.77,9,1,68.9,2,Resolved
ADM02300,Finance,Password Reset,Medium,Portal,9.48,5,0,15.96,3,Resolved
ADM02301,Library,Student ID Issue,Low,Email,23.12,4,0,34.65,4,Resolved
ADM02302,IT,Student ID Issue,Low,Portal,8.88,2,0,21.72,3,Resolved
ADM02303,Admissions,Graduation Clearance,High,Walk-in,4.14,2,0,41.97,3,Resolved
ADM02304,Finance,Course Registration,High,Portal,3.29,4,0,25.47,4,Resolved
ADM02305,Academic Affairs,Payment Issue,High,Phone,2.34,5,0,35.13,3,Resolved
ADM02306,Finance,Transcript Request,High,Email,3.5,3,0,19.64,4,Resolved
ADM02307,Registrar,Accommodation Request,High,Helpdesk,4.8,3,0,29.0,2,Resolved
ADM02308,IT,Application Issue,Medium,Portal,6.14,2,1,42.95,4,Resolved
ADM02309,Registrar,Fee Statement,High,Helpdesk,4.73,3,0,30.84,2,Resolved
ADM02310,Finance,Payment Issue,Medium,Email,7.14,1,0,39.59,4,Resolved
ADM02311,Admissions,Portal Access,Medium,Helpdesk,5.86,2,0,19.45,5,Resolved
ADM02312,Student Affairs,Student ID Issue,High,Phone,3.4,4,1,24.36,3,Escalated
ADM02313,Admissions,Course Registration,Low,Email,16.05,4,0,34.53,3,Resolved
ADM02314,IT,Password Reset,High,Helpdesk,2.4,5,0,12.71,4,Resolved
ADM02315,Academic Affairs,Library Issue,Low,Email,15.25,2,0,22.23,5,Resolved
ADM02316,Registrar,Password Reset,High,Phone,3.66,4,0,8.17,5,Resolved
ADM02317,Finance,Password Reset,Medium,Helpdesk,8.71,4,0,16.15,5,Resolved
ADM02318,Finance,Accommodation Request,Medium,Email,4.43,4,0,29.15,2,Resolved
ADM02319,Admissions,Payment Issue,Low,Portal,4.29,3,0,36.67,4,Pending
ADM02320,Admissions,Password Reset,High,Portal,2.98,6,0,17.72,4,Resolved
ADM02321,Student Affairs,Accommodation Request,Low,Phone,13.79,6,0,45.95,3,Resolved
ADM02322,IT,Application Issue,Medium,Helpdesk,2.43,4,0,32.39,3,Resolved
ADM02323,IT,Transcript Request,Medium,Walk-in,7.06,6,0,33.37,4,Resolved
ADM02324,Finance,Application Issue,Medium,Portal,9.53,4,0,37.05,3,Resolved
ADM02325,Student Affairs,Payment Issue,Critical,Walk-in,0.92,7,0,46.6,2,Resolved
ADM02326,Academic Affairs,Library Issue,Low,Helpdesk,21.89,4,0,35.23,3,Resolved
ADM02327,Student Affairs,Application Issue,Medium,Email,8.5,9,0,41.44,4,Resolved
ADM02328,Registrar,Accommodation Request,Medium,Email,3.29,5,0,33.6,3,Resolved
ADM02329,IT,Accommodation Request,Medium,Portal,8.3,4,0,37.47,2,Resolved
ADM02330,Registrar,Fee Statement,Low,Helpdesk,14.33,1,0,27.81,4,Resolved
ADM02331,Finance,Student ID Issue,High,Email,4.63,3,1,23.82,4,Resolved
ADM02332,Registrar,Portal Access,High,Helpdesk,1.35,4,0,17.8,3,Resolved
ADM02333,IT,Portal Access,Low,Helpdesk,6.5,4,0,15.05,5,Resolved
ADM02334,IT,Payment Issue,Low,Email,8.83,5,0,48.38,3,Resolved
ADM02335,Registrar,Exam or Assessment Issue,Critical,Portal,0.31,5,1,38.8,3,Resolved
ADM02336,Finance,Student ID Issue,Low,Portal,10.4,5,0,21.04,4,Resolved
ADM02337,Admissions,Fee Statement,Medium,Portal,4.26,5,0,31.35,3,Resolved
ADM02338,Finance,Course Registration,Medium,Portal,5.33,4,1,28.96,3,Escalated
ADM02339,Registrar,Graduation Clearance,Medium,Phone,5.7,3,0,43.03,3,Pending
ADM02340,Admissions,Password Reset,High,Portal,1.15,3,1,19.08,3,Resolved
ADM02341,Library,Application Issue,High,Helpdesk,3.29,4,0,27.91,3,Resolved
ADM02342,Registrar,Student ID Issue,Medium,Portal,3.79,2,1,23.89,5,Escalated
ADM02343,Registrar,Password Reset,High,Portal,1.05,3,0,5.71,4,Resolved
ADM02344,Finance,Course Registration,Medium,Walk-in,7.67,2,0,21.99,5,Resolved
ADM02345,Academic Affairs,Library Issue,Medium,Portal,2.18,5,0,20.75,5,Resolved
ADM02346,IT,Fee Statement,Low,Portal,11.37,3,0,35.7,3,Resolved
ADM02347,IT,Password Reset,High,Phone,1.15,2,0,10.24,4,Resolved
ADM02348,Finance,Graduation Clearance,Medium,Helpdesk,9.06,3,0,43.81,2,Resolved
ADM02349,IT,Fee Statement,Medium,Portal,8.6,4,0,33.76,2,Resolved
ADM02350,Registrar,Fee Statement,High,Portal,0.77,6,0,23.68,3,Pending
ADM02351,IT,Student ID Issue,High,Helpdesk,2.98,3,0,11.28,3,Resolved
ADM02352,Academic Affairs,Accommodation Request,Critical,Email,0.73,7,1,44.28,2,Escalated
ADM02353,IT,Transcript Request,Medium,Portal,3.54,3,0,14.96,5,Resolved
ADM02354,Student Affairs,Payment Issue,High,Phone,1.9,5,0,38.43,3,Resolved
ADM02355,IT,Portal Access,Medium,Email,8.53,5,0,20.25,5,Resolved
ADM02356,Registrar,Fee Statement,Critical,Portal,0.3,2,0,23.01,3,Resolved
ADM02357,Student Affairs,Graduation Clearance,High,Email,3.42,4,1,42.66,3,Resolved
ADM02358,Registrar,Student ID Issue,Critical,Helpdesk,1.84,2,0,8.32,3,Resolved
ADM02359,Admissions,Student ID Issue,Critical,Walk-in,1.01,2,0,9.23,3,Resolved
ADM02360,Registrar,Password Reset,Low,Email,22.03,3,1,44.28,3,Escalated
ADM02361,Registrar,Password Reset,High,Email,4.58,4,1,26.47,3,Resolved
ADM02362,Admissions,Application Issue,Medium,Walk-in,6.88,1,0,26.68,4,Resolved
ADM02363,Finance,Fee Statement,High,Portal,2.55,4,1,38.88,4,Escalated
ADM02364,Admissions,Transcript Request,Critical,Portal,1.53,4,1,29.3,3,Resolved
ADM02365,IT,Payment Issue,Low,Email,22.32,2,0,50.98,1,Resolved
ADM02366,Registrar,Payment Issue,Medium,Email,7.44,6,0,44.4,3,Resolved
ADM02367,Registrar,Exam or Assessment Issue,High,Email,1.44,6,1,42.33,4,Escalated
ADM02368,IT,Library Issue,Medium,Email,8.56,3,0,21.25,4,Pending
ADM02369,Finance,Library Issue,Medium,Portal,9.61,2,0,25.22,2,Resolved
ADM02370,IT,Application Issue,Low,Phone,12.21,2,0,30.91,2,Resolved
ADM02371,IT,Portal Access,Low,Portal,17.95,2,0,28.67,4,Resolved
ADM02372,Student Affairs,Library Issue,High,Phone,2.83,3,1,30.59,3,Escalated
ADM02373,IT,Course Registration,Medium,Portal,2.9,4,0,25.47,4,Resolved
ADM02374,Admissions,Application Issue,Low,Portal,11.0,5,0,43.53,3,Resolved
ADM02375,IT,Payment Issue,Critical,Email,0.49,2,0,32.04,4,Resolved
ADM02376,Finance,Payment Issue,High,Portal,3.53,5,1,53.9,1,Resolved
ADM02377,Finance,Exam or Assessment Issue,Medium,Phone,6.66,4,0,38.93,2,Resolved
ADM02378,Library,Transcript Request,Medium,Phone,2.27,3,1,32.65,3,Resolved
ADM02379,Admissions,Student ID Issue,High,Portal,0.78,3,0,10.79,4,Resolved
ADM02380,Library,Course Registration,Medium,Phone,4.09,4,0,17.97,5,Resolved
ADM02381,Student Affairs,Portal Access,High,Email,3.85,2,0,17.59,5,Resolved
ADM02382,Student Affairs,Password Reset,High,Helpdesk,1.07,3,0,4.32,4,Resolved
ADM02383,Academic Affairs,Application Issue,Low,Helpdesk,8.1,3,0,36.74,4,Resolved
ADM02384,Admissions,Library Issue,High,Portal,4.58,2,0,13.38,5,Resolved
ADM02385,Finance,Accommodation Request,Medium,Portal,6.37,4,0,39.54,2,Resolved
ADM02386,IT,Exam or Assessment Issue,Medium,Phone,6.97,5,1,44.01,2,Resolved
ADM02387,Finance,Exam or Assessment Issue,Critical,Portal,1.02,4,0,29.36,2,Resolved
ADM02388,IT,Transcript Request,Medium,Helpdesk,4.4,7,1,41.62,4,Resolved
ADM02389,IT,Exam or Assessment Issue,High,Phone,1.62,7,0,35.81,4,Resolved
ADM02390,IT,Payment Issue,High,Phone,3.15,6,0,37.71,2,Resolved
ADM02391,Finance,Exam or Assessment Issue,Low,Portal,13.42,1,0,34.28,2,Resolved
ADM02392,Registrar,Accommodation Request,Critical,Email,0.93,2,0,26.36,4,Resolved
ADM02393,Admissions,Application Issue,Medium,Email,7.56,2,1,42.41,4,Resolved
ADM02394,Registrar,Fee Statement,Medium,Email,5.23,3,0,31.05,2,Resolved
ADM02395,Student Affairs,Portal Access,High,Email,0.67,5,0,9.71,3,Resolved
ADM02396,Finance,Fee Statement,Medium,Helpdesk,8.72,4,0,31.81,4,Resolved
ADM02397,Registrar,Application Issue,High,Portal,1.93,4,0,21.44,4,Resolved
ADM02398,Registrar,Fee Statement,High,Helpdesk,4.76,4,0,27.49,4,Resolved
ADM02399,IT,Portal Access,Medium,Walk-in,9.04,2,0,19.14,4,Resolved
ADM02400,IT,Graduation Clearance,Low,Walk-in,8.68,2,0,40.88,4,Resolved
ADM02401,Finance,Student ID Issue,Low,Email,23.31,5,0,33.86,3,Resolved
ADM02402,Registrar,Application Issue,High,Portal,4.34,3,0,29.66,2,Resolved
ADM02403,Admissions,Accommodation Request,Medium,Portal,9.88,3,0,35.08,3,Resolved
ADM02404,Finance,Fee Statement,Medium,Helpdesk,7.42,2,1,36.09,2,Resolved
ADM02405,IT,Portal Access,Medium,Helpdesk,9.45,5,0,25.42,2,Resolved
ADM02406,IT,Library Issue,Medium,Email,7.52,4,0,21.56,4,Pending
ADM02407,Finance,Password Reset,High,Portal,4.35,1,0,7.63,4,Resolved
ADM02408,Registrar,Portal Access,Critical,Portal,1.3,5,0,14.45,5,Resolved
ADM02409,Academic Affairs,Transcript Request,Medium,Email,9.43,3,0,30.64,2,Resolved
ADM02410,Admissions,Password Reset,Medium,Walk-in,6.14,4,0,15.23,4,Resolved
ADM02411,IT,Library Issue,High,Walk-in,3.81,2,0,17.45,3,Resolved
ADM02412,Registrar,Course Registration,Medium,Phone,9.34,3,1,29.35,4,Resolved
ADM02413,Admissions,Accommodation Request,High,Phone,2.4,6,0,36.23,3,Resolved
ADM02414,Registrar,Payment Issue,Medium,Portal,2.21,3,1,49.76,1,Escalated
ADM02415,Admissions,Library Issue,Medium,Portal,2.9,7,0,22.58,5,Resolved
ADM02416,Academic Affairs,Student ID Issue,Critical,Walk-in,1.95,3,0,8.72,3,Resolved
ADM02417,Finance,Password Reset,Medium,Helpdesk,8.99,5,1,29.26,2,Escalated
ADM02418,Registrar,Student ID Issue,Medium,Email,5.87,6,0,22.29,4,Resolved
ADM02419,Registrar,Password Reset,Low,Portal,23.22,1,0,26.04,3,Resolved
ADM02420,Finance,Transcript Request,Critical,Email,0.53,4,1,34.41,2,Resolved
ADM02421,Registrar,Course Registration,High,Walk-in,1.0,4,0,16.57,3,Resolved
ADM02422,Registrar,Payment Issue,Medium,Email,6.81,4,0,42.38,2,Resolved
ADM02423,Library,Graduation Clearance,High,Phone,2.22,4,0,39.69,4,Resolved
ADM02424,Admissions,Transcript Request,Medium,Portal,4.72,3,1,32.75,3,Escalated
ADM02425,Finance,Library Issue,Medium,Walk-in,7.87,1,0,16.14,3,Resolved
ADM02426,Student Affairs,Student ID Issue,High,Portal,1.18,8,1,26.29,3,Resolved
ADM02427,Registrar,Password Reset,High,Portal,4.0,2,0,7.27,4,Resolved
ADM02428,Academic Affairs,Library Issue,Medium,Portal,4.88,3,0,16.23,5,Resolved
ADM02429,Finance,Exam or Assessment Issue,Low,Portal,23.73,2,0,48.54,3,Pending
ADM02430,Student Affairs,Portal Access,Low,Walk-in,20.17,2,0,28.55,2,Resolved
ADM02431,IT,Course Registration,High,Phone,3.41,3,0,23.9,5,Resolved
ADM02432,Student Affairs,Graduation Clearance,High,Portal,1.53,6,0,38.84,2,Pending
ADM02433,Academic Affairs,Accommodation Request,High,Portal,4.8,7,0,41.47,2,Resolved
ADM02434,Finance,Portal Access,High,Email,0.65,6,0,12.93,4,Resolved
ADM02435,Academic Affairs,Graduation Clearance,High,Walk-in,1.51,5,1,47.08,3,Escalated
ADM02436,Finance,Student ID Issue,High,Email,0.67,3,0,9.75,4,Resolved
ADM02437,Finance,Course Registration,Low,Helpdesk,23.33,5,0,41.91,2,Resolved
ADM02438,Finance,Course Registration,Medium,Portal,8.97,4,0,26.95,3,Resolved
ADM02439,Admissions,Library Issue,Medium,Portal,9.62,2,0,20.17,3,Resolved
ADM02440,Registrar,Portal Access,Medium,Email,7.72,5,0,18.29,4,Resolved
ADM02441,IT,Library Issue,High,Email,0.62,3,0,9.0,3,Resolved
ADM02442,Admissions,Library Issue,High,Portal,4.69,6,0,22.74,3,Resolved
ADM02443,Library,Exam or Assessment Issue,Medium,Portal,5.37,2,0,29.51,2,Resolved
ADM02444,Student Affairs,Library Issue,High,Email,2.16,3,1,23.91,5,Resolved
ADM02445,Admissions,Student ID Issue,Medium,Walk-in,4.27,5,0,18.11,5,Pending
ADM02446,Finance,Password Reset,Medium,Portal,4.29,7,1,29.04,2,Resolved
ADM02447,Finance,Password Reset,Medium,Email,8.41,2,0,10.63,3,Resolved
ADM02448,Registrar,Student ID Issue,Medium,Walk-in,4.05,2,0,12.39,4,Resolved
ADM02449,Registrar,Payment Issue,Medium,Helpdesk,3.78,3,0,29.86,3,Resolved
ADM02450,Finance,Accommodation Request,Medium,Portal,7.58,6,0,42.01,4,Resolved
ADM02451,Finance,Graduation Clearance,High,Walk-in,1.79,3,0,38.83,2,Resolved
ADM02452,Academic Affairs,Transcript Request,Medium,Phone,2.11,1,0,21.29,5,Resolved
ADM02453,IT,Exam or Assessment Issue,Medium,Helpdesk,9.45,6,0,37.38,2,Resolved
ADM02454,Finance,Accommodation Request,Low,Email,10.27,4,1,48.83,3,Escalated
ADM02455,IT,Student ID Issue,Critical,Helpdesk,1.58,2,0,11.03,3,Resolved
ADM02456,Registrar,Fee Statement,Medium,Portal,5.75,6,0,24.82,3,Resolved
ADM02457,Admissions,Transcript Request,High,Portal,1.1,3,0,19.05,4,Resolved
ADM02458,IT,Payment Issue,Medium,Portal,7.3,5,0,44.69,2,Resolved
ADM02459,Admissions,Application Issue,Medium,Email,3.85,2,1,35.05,2,Resolved
ADM02460,Admissions,Transcript Request,High,Phone,1.8,3,0,24.67,4,Resolved
ADM02461,Academic Affairs,Course Registration,Medium,Portal,2.26,5,0,18.9,5,Resolved
ADM02462,Student Affairs,Student ID Issue,High,Portal,0.57,6,0,13.5,3,Resolved
ADM02463,IT,Exam or Assessment Issue,Medium,Email,6.11,4,1,49.33,2,Resolved
ADM02464,IT,Application Issue,High,Portal,0.76,4,0,31.62,2,Resolved
ADM02465,IT,Accommodation Request,High,Portal,1.44,3,0,35.48,2,Resolved
ADM02466,Registrar,Graduation Clearance,Low,Portal,22.48,4,0,54.26,2,Resolved
ADM02467,Finance,Graduation Clearance,Medium,Portal,2.66,5,0,37.52,3,Resolved
ADM02468,Registrar,Application Issue,Low,Email,9.82,13,0,44.31,4,Resolved
ADM02469,Admissions,Graduation Clearance,Low,Portal,18.53,1,1,55.86,3,Escalated
ADM02470,Admissions,Exam or Assessment Issue,High,Walk-in,4.48,3,1,42.61,3,Resolved
ADM02471,Finance,Student ID Issue,Low,Email,4.92,4,0,15.72,3,Resolved
ADM02472,Academic Affairs,Accommodation Request,Medium,Email,3.48,7,0,41.68,3,Resolved
ADM02473,Student Affairs,Graduation Clearance,Medium,Portal,5.1,4,0,39.26,3,Resolved
ADM02474,IT,Student ID Issue,Medium,Portal,4.89,4,0,16.74,3,Resolved
ADM02475,Admissions,Portal Access,Low,Portal,9.77,5,0,18.62,3,Resolved
ADM02476,Student Affairs,Fee Statement,Medium,Helpdesk,3.94,5,0,31.71,3,Resolved
ADM02477,Registrar,Payment Issue,High,Walk-in,1.71,5,0,36.4,2,Resolved
ADM02478,Library,Payment Issue,Medium,Phone,3.07,4,0,40.42,4,Resolved
ADM02479,Registrar,Course Registration,High,Portal,1.23,5,0,20.86,4,Resolved
ADM02480,Library,Fee Statement,Low,Email,16.14,4,0,41.41,4,Resolved
ADM02481,Finance,Fee Statement,High,Portal,1.81,4,0,30.16,2,Resolved
ADM02482,Student Affairs,Course Registration,High,Helpdesk,2.3,7,0,28.69,4,Resolved
ADM02483,Academic Affairs,Accommodation Request,Medium,Helpdesk,5.3,4,1,45.29,4,Resolved
ADM02484,Registrar,Exam or Assessment Issue,High,Portal,0.99,2,0,27.23,4,Resolved
ADM02485,Admissions,Course Registration,High,Email,4.19,4,0,25.99,3,Resolved
ADM02486,Academic Affairs,Accommodation Request,Medium,Email,9.65,5,1,48.24,2,Resolved
ADM02487,Admissions,Course Registration,High,Email,1.69,2,1,28.53,2,Escalated
ADM02488,Student Affairs,Transcript Request,Medium,Walk-in,4.36,5,0,29.85,2,Resolved
ADM02489,IT,Transcript Request,Medium,Email,7.55,11,0,41.62,4,Resolved
ADM02490,Finance,Portal Access,Medium,Portal,2.64,4,0,15.89,4,Resolved
ADM02491,Finance,Password Reset,High,Walk-in,4.58,5,0,15.42,5,Resolved
ADM02492,Registrar,Exam or Assessment Issue,Medium,Email,2.96,4,0,29.56,3,Resolved
ADM02493,Library,Course Registration,Medium,Portal,7.86,2,0,18.74,4,Resolved
ADM02494,Finance,Fee Statement,Medium,Email,4.33,5,1,44.6,2,Resolved
ADM02495,Admissions,Transcript Request,High,Portal,1.95,1,0,21.25,4,Resolved
ADM02496,Admissions,Library Issue,High,Email,1.13,3,0,14.95,4,Resolved
ADM02497,IT,Accommodation Request,Low,Portal,16.93,3,0,44.24,2,Pending
ADM02498,Student Affairs,Transcript Request,High,Walk-in,4.08,8,0,33.68,2,Resolved
ADM02499,Academic Affairs,Transcript Request,Medium,Phone,9.6,2,0,26.75,2,Resolved
ADM02500,Admissions,Student ID Issue,Medium,Portal,4.65,1,0,10.98,3,Resolved
ADM02501,Student Affairs,Accommodation Request,Medium,Walk-in,6.97,1,0,33.6,3,Resolved
ADM02502,Library,Payment Issue,High,Email,2.37,1,0,41.21,3,Resolved
ADM02503,IT,Application Issue,High,Walk-in,3.01,3,0,21.72,4,Resolved
ADM02504,Academic Affairs,Exam or Assessment Issue,Medium,Email,3.3,5,1,42.63,3,Resolved
ADM02505,Registrar,Accommodation Request,Medium,Portal,6.65,3,0,34.5,4,Resolved
ADM02506,Registrar,Portal Access,Medium,Email,8.79,3,0,15.91,4,Resolved
ADM02507,Student Affairs,Student ID Issue,Low,Email,21.27,2,0,33.13,3,Resolved
ADM02508,Admissions,Graduation Clearance,Critical,Helpdesk,1.07,6,0,42.56,4,Resolved
ADM02509,Student Affairs,Accommodation Request,Medium,Email,3.89,4,1,46.64,4,Resolved
ADM02510,Student Affairs,Accommodation Request,Medium,Portal,8.69,7,0,40.93,4,Resolved
ADM02511,Registrar,Password Reset,High,Portal,5.0,5,1,26.44,4,Escalated
ADM02512,Student Affairs,Graduation Clearance,Low,Portal,11.54,6,0,50.49,3,Resolved
ADM02513,Admissions,Student ID Issue,High,Helpdesk,4.66,5,0,17.36,4,Resolved
ADM02514,Admissions,Accommodation Request,High,Helpdesk,4.93,3,0,33.49,2,Resolved
ADM02515,IT,Application Issue,High,Portal,2.28,2,0,29.67,3,Pending
ADM02516,Academic Affairs,Application Issue,Low,Email,18.33,3,0,37.02,3,Resolved
ADM02517,Registrar,Graduation Clearance,Medium,Email,6.65,7,0,50.56,1,Resolved
ADM02518,Admissions,Library Issue,Low,Portal,18.44,5,0,32.2,3,Resolved
ADM02519,IT,Student ID Issue,Medium,Email,3.23,3,1,23.43,4,Resolved
ADM02520,IT,Payment Issue,High,Portal,2.15,3,0,36.46,2,Resolved
ADM02521,IT,Accommodation Request,Low,Walk-in,5.26,2,0,30.67,3,Resolved
ADM02522,Registrar,Password Reset,High,Portal,3.26,5,0,10.5,3,Resolved
ADM02523,Finance,Password Reset,Medium,Email,9.41,3,0,16.17,4,Resolved
ADM02524,Finance,Fee Statement,High,Portal,3.02,3,0,20.63,5,Resolved
ADM02525,Library,Payment Issue,Medium,Phone,2.56,2,0,34.73,2,Resolved
ADM02526,Finance,Password Reset,Medium,Portal,9.44,3,1,28.25,3,Resolved
ADM02527,Registrar,Exam or Assessment Issue,Medium,Email,3.06,2,0,28.09,4,Resolved
ADM02528,Academic Affairs,Exam or Assessment Issue,High,Portal,4.47,3,1,39.89,3,Resolved
ADM02529,Registrar,Application Issue,Medium,Portal,7.71,7,0,39.06,3,Resolved
ADM02530,Academic Affairs,Graduation Clearance,Medium,Email,7.09,3,1,53.56,2,Resolved
ADM02531,IT,Fee Statement,Low,Helpdesk,15.74,3,0,41.52,2,Resolved
ADM02532,Student Affairs,Course Registration,Medium,Walk-in,3.05,7,0,21.11,5,Resolved
ADM02533,Finance,Password Reset,High,Phone,2.75,4,1,23.31,5,Escalated
ADM02534,Registrar,Portal Access,High,Helpdesk,1.39,3,0,10.28,4,Pending
ADM02535,Library,Student ID Issue,Medium,Phone,6.57,7,0,20.46,3,Resolved
ADM02536,Student Affairs,Password Reset,Medium,Walk-in,5.58,2,0,10.01,5,Resolved
ADM02537,Library,Transcript Request,Low,Portal,17.59,5,0,39.67,4,Resolved
ADM02538,Registrar,Graduation Clearance,Critical,Portal,1.97,6,0,36.86,2,Resolved
ADM02539,Library,Payment Issue,Medium,Email,4.89,5,1,55.5,3,Resolved
ADM02540,Library,Transcript Request,High,Email,3.28,3,0,27.75,3,Resolved
ADM02541,IT,Library Issue,High,Portal,4.39,4,0,16.6,4,Resolved
ADM02542,Library,Password Reset,High,Phone,0.92,3,0,4.77,4,Resolved
ADM02543,Student Affairs,Course Registration,High,Portal,4.1,1,0,17.66,5,Resolved
ADM02544,IT,Transcript Request,Low,Phone,8.79,3,0,31.43,4,Resolved
ADM02545,Registrar,Transcript Request,Critical,Phone,1.17,1,0,11.69,4,Resolved
ADM02546,Admissions,Payment Issue,High,Email,4.96,7,1,55.65,3,Resolved
ADM02547,Registrar,Fee Statement,Medium,Email,9.87,7,0,40.47,4,Resolved
ADM02548,Admissions,Course Registration,High,Email,1.92,9,0,26.14,4,Resolved
ADM02549,Admissions,Graduation Clearance,High,Email,1.09,5,0,38.14,2,Resolved
ADM02550,Registrar,Transcript Request,High,Portal,4.72,9,0,32.98,2,Resolved
ADM02551,Finance,Exam or Assessment Issue,Medium,Phone,9.15,3,0,37.86,2,Resolved
ADM02552,Registrar,Accommodation Request,Medium,Email,6.93,6,0,43.61,4,Resolved
ADM02553,Library,Course Registration,Low,Walk-in,4.65,2,0,20.49,5,Resolved
ADM02554,Academic Affairs,Accommodation Request,High,Helpdesk,3.88,7,1,50.87,3,Escalated
ADM02555,Registrar,Password Reset,Critical,Portal,0.49,5,0,4.45,4,Resolved
ADM02556,Academic Affairs,Transcript Request,High,Phone,4.74,7,1,37.04,4,Resolved
ADM02557,Admissions,Transcript Request,Medium,Email,5.48,2,0,23.3,5,Resolved
ADM02558,Finance,Application Issue,High,Phone,3.27,5,0,27.33,3,Resolved
ADM02559,Registrar,Application Issue,Medium,Email,4.25,4,0,28.96,3,Resolved
ADM02560,Admissions,Payment Issue,Medium,Phone,5.8,4,0,42.83,3,Pending
ADM02561,Library,Graduation Clearance,High,Portal,3.9,5,1,49.24,3,Resolved
ADM02562,IT,Student ID Issue,Low,Helpdesk,13.84,4,0,27.5,3,Pending
ADM02563,Registrar,Student ID Issue,Low,Portal,20.94,6,0,39.11,2,Resolved
ADM02564,Registrar,Graduation Clearance,High,Email,3.71,2,0,36.36,3,Resolved
ADM02565,Admissions,Fee Statement,Medium,Portal,2.62,4,0,26.78,3,Resolved
ADM02566,Finance,Payment Issue,High,Walk-in,3.23,5,0,39.09,3,Resolved
ADM02567,Finance,Student ID Issue,Medium,Phone,6.9,4,0,23.1,3,Resolved
ADM02568,Finance,Payment Issue,Low,Helpdesk,11.62,1,1,53.33,1,Escalated
ADM02569,Library,Transcript Request,Medium,Walk-in,4.58,6,0,23.2,4,Resolved
ADM02570,Academic Affairs,Application Issue,High,Portal,0.78,4,1,39.48,2,Resolved
ADM02571,Admissions,Application Issue,Medium,Email,5.57,3,0,31.81,4,Resolved
ADM02572,Student Affairs,Application Issue,High,Email,2.01,5,0,29.82,2,Resolved
ADM02573,Finance,Exam or Assessment Issue,Medium,Helpdesk,9.61,5,0,40.14,3,Resolved
ADM02574,Admissions,Exam or Assessment Issue,High,Helpdesk,3.53,5,0,30.54,2,Resolved
ADM02575,Finance,Student ID Issue,Low,Email,13.2,6,0,26.83,3,Resolved
ADM02576,IT,Course Registration,Medium,Phone,8.04,2,1,31.5,3,Resolved
ADM02577,Academic Affairs,Portal Access,Medium,Phone,8.23,6,0,25.56,2,Resolved
ADM02578,IT,Exam or Assessment Issue,Low,Portal,13.61,3,0,38.7,4,Resolved
ADM02579,Finance,Transcript Request,Medium,Walk-in,2.61,6,0,23.71,5,Resolved
ADM02580,IT,Password Reset,Low,Email,19.61,3,0,27.34,2,Resolved
ADM02581,Registrar,Payment Issue,Critical,Helpdesk,0.36,2,0,28.7,3,Resolved
ADM02582,Student Affairs,Application Issue,Medium,Portal,8.78,4,0,33.68,3,Resolved
ADM02583,Admissions,Application Issue,Medium,Portal,4.67,4,0,32.6,4,Resolved
ADM02584,Admissions,Application Issue,High,Portal,3.37,5,0,30.11,2,Resolved
ADM02585,IT,Transcript Request,Medium,Portal,7.92,3,0,25.43,2,Resolved
ADM02586,IT,Application Issue,Medium,Portal,2.28,3,0,22.71,4,Resolved
ADM02587,Registrar,Fee Statement,Medium,Phone,5.08,4,1,36.74,3,Escalated
ADM02588,IT,Payment Issue,Medium,Portal,6.83,1,0,38.43,4,Resolved
ADM02589,Finance,Transcript Request,Medium,Phone,8.79,3,0,28.02,2,Resolved
ADM02590,IT,Payment Issue,Medium,Portal,7.74,2,0,43.71,3,Resolved
ADM02591,Student Affairs,Accommodation Request,High,Helpdesk,4.53,5,0,34.96,4,Resolved
ADM02592,Library,Library Issue,Low,Email,5.65,3,0,11.5,4,Resolved
ADM02593,IT,Exam or Assessment Issue,Low,Portal,5.44,3,0,34.96,2,Resolved
ADM02594,Admissions,Graduation Clearance,Medium,Email,7.71,2,1,53.46,3,Resolved
ADM02595,Registrar,Fee Statement,Medium,Portal,5.19,4,0,23.99,4,Resolved
ADM02596,Library,Course Registration,Medium,Email,5.85,2,1,32.91,4,Escalated
ADM02597,Finance,Course Registration,High,Helpdesk,3.22,5,0,28.06,3,Resolved
ADM02598,Admissions,Portal Access,High,Email,4.94,7,0,17.68,5,Resolved
ADM02599,Finance,Fee Statement,High,Portal,0.8,7,0,30.57,4,Resolved
ADM02600,Registrar,Payment Issue,Medium,Walk-in,2.87,3,0,38.82,4,Pending
ADM02601,IT,Course Registration,Critical,Email,1.69,5,0,20.44,3,Resolved
ADM02602,Registrar,Library Issue,Medium,Walk-in,2.16,3,0,19.67,3,Resolved
ADM02603,Library,Course Registration,Low,Helpdesk,13.01,3,0,26.77,2,Resolved
ADM02604,Finance,Application Issue,Medium,Phone,8.19,5,0,43.73,4,Resolved
ADM02605,Registrar,Portal Access,High,Email,1.38,5,0,20.08,3,Resolved
ADM02606,Admissions,Transcript Request,Low,Email,7.74,5,0,30.93,4,Resolved
ADM02607,Registrar,Password Reset,Medium,Email,4.48,6,1,34.27,2,Resolved
ADM02608,Finance,Password Reset,High,Email,1.18,4,1,18.09,5,Resolved
ADM02609,IT,Course Registration,Medium,Email,7.43,4,0,21.7,4,Resolved
ADM02610,Registrar,Payment Issue,High,Helpdesk,1.4,5,1,51.54,1,Resolved
ADM02611,Student Affairs,Graduation Clearance,Medium,Portal,3.81,7,0,44.73,3,Resolved
ADM02612,Registrar,Payment Issue,Medium,Portal,6.6,5,1,53.66,1,Resolved
ADM02613,Finance,Application Issue,Medium,Email,9.74,2,1,47.7,3,Escalated
ADM02614,Library,Course Registration,Medium,Portal,9.31,5,1,36.94,2,Resolved
ADM02615,Finance,Course Registration,Medium,Portal,8.92,5,0,33.2,3,Resolved
ADM02616,Registrar,Password Reset,High,Helpdesk,2.89,1,1,17.49,3,Resolved
ADM02617,Finance,Accommodation Request,Critical,Email,0.74,6,0,34.86,4,Resolved
ADM02618,Finance,Course Registration,High,Helpdesk,3.68,1,0,16.63,3,Resolved
ADM02619,Student Affairs,Transcript Request,Low,Phone,11.79,3,0,33.68,2,Resolved
ADM02620,Finance,Portal Access,Low,Helpdesk,19.56,3,0,25.99,4,Resolved
ADM02621,Library,Portal Access,Medium,Email,2.13,5,0,11.27,4,Resolved
ADM02622,Student Affairs,Transcript Request,High,Email,2.88,4,0,23.82,3,Resolved
ADM02623,Admissions,Accommodation Request,Critical,Portal,0.81,7,0,35.38,2,Resolved
ADM02624,Student Affairs,Payment Issue,High,Helpdesk,1.62,6,0,39.03,4,Resolved
ADM02625,Finance,Password Reset,Medium,Phone,7.29,4,1,25.12,3,Resolved
ADM02626,Academic Affairs,Portal Access,Low,Phone,17.17,3,0,21.88,5,Pending
ADM02627,Registrar,Exam or Assessment Issue,High,Email,0.67,4,0,30.06,3,Resolved
ADM02628,IT,Exam or Assessment Issue,Low,Portal,22.95,6,0,47.02,3,Resolved
ADM02629,Admissions,Fee Statement,Low,Portal,11.24,5,0,37.94,3,Resolved
ADM02630,Finance,Library Issue,High,Portal,4.63,4,0,17.67,3,Resolved
ADM02631,IT,Password Reset,Medium,Email,6.67,3,0,13.28,3,Resolved
ADM02632,IT,Accommodation Request,Low,Email,17.05,4,1,56.32,1,Resolved
ADM02633,Registrar,Fee Statement,Medium,Phone,9.68,4,0,30.19,4,Resolved
ADM02634,Registrar,Course Registration,Low,Helpdesk,20.44,5,0,38.08,2,Resolved
ADM02635,IT,Transcript Request,Medium,Phone,3.12,2,1,29.35,4,Resolved
ADM02636,IT,Graduation Clearance,Medium,Phone,2.04,12,0,46.44,3,Resolved
ADM02637,Academic Affairs,Exam or Assessment Issue,High,Helpdesk,1.89,3,0,31.06,4,Resolved
ADM02638,Library,Graduation Clearance,Medium,Email,5.91,3,1,49.11,2,Resolved
ADM02639,Academic Affairs,Course Registration,Medium,Email,7.86,4,0,22.44,5,Pending
ADM02640,IT,Exam or Assessment Issue,Low,Phone,17.22,2,0,41.18,3,Resolved
ADM02641,Finance,Application Issue,Medium,Portal,4.5,4,0,32.69,2,Resolved
ADM02642,Registrar,Student ID Issue,High,Portal,2.94,5,0,13.86,5,Resolved
ADM02643,Library,Transcript Request,High,Email,3.43,4,0,31.05,2,Resolved
ADM02644,IT,Fee Statement,Medium,Portal,6.11,1,0,27.04,4,Pending
ADM02645,Registrar,Library Issue,Medium,Portal,7.51,5,0,24.76,2,Resolved
ADM02646,Finance,Student ID Issue,High,Portal,2.68,4,1,24.97,3,Resolved
ADM02647,Academic Affairs,Application Issue,Medium,Portal,6.24,6,0,36.12,3,Resolved
ADM02648,Admissions,Payment Issue,Low,Portal,22.82,6,0,59.62,3,Resolved
ADM02649,Admissions,Application Issue,Medium,Helpdesk,5.11,4,0,30.63,2,Resolved
ADM02650,Admissions,Student ID Issue,Medium,Helpdesk,8.05,4,1,29.44,4,Resolved
ADM02651,Registrar,Portal Access,Low,Walk-in,10.69,4,0,23.84,3,Resolved
ADM02652,Finance,Graduation Clearance,Medium,Helpdesk,4.65,5,0,44.75,3,Pending
ADM02653,Finance,Password Reset,Medium,Email,9.41,6,0,25.06,4,Resolved
ADM02654,Registrar,Accommodation Request,Critical,Walk-in,1.46,4,0,31.22,2,Resolved
ADM02655,Library,Course Registration,Medium,Portal,9.43,3,0,24.86,4,Resolved
ADM02656,Admissions,Payment Issue,Low,Phone,23.89,4,0,60.36,1,Resolved
ADM02657,Student Affairs,Graduation Clearance,Medium,Email,2.0,3,1,41.03,2,Resolved
ADM02658,Student Affairs,Graduation Clearance,Medium,Walk-in,9.87,3,0,47.12,4,Resolved
ADM02659,Registrar,Accommodation Request,Medium,Email,2.81,2,1,45.92,2,Escalated
ADM02660,IT,Application Issue,Medium,Email,2.56,1,1,26.55,4,Escalated
ADM02661,Admissions,Library Issue,High,Walk-in,3.96,8,0,22.1,3,Resolved
ADM02662,Student Affairs,Graduation Clearance,High,Phone,2.08,7,0,34.68,2,Resolved
ADM02663,Registrar,Course Registration,Low,Portal,22.36,9,0,45.83,3,Pending
ADM02664,IT,Payment Issue,High,Phone,2.95,2,0,36.23,3,Resolved
ADM02665,IT,Graduation Clearance,Medium,Email,5.09,4,1,43.45,4,Resolved
ADM02666,Finance,Graduation Clearance,Medium,Phone,2.59,1,0,34.8,2,Resolved
ADM02667,Registrar,Accommodation Request,High,Email,2.59,4,0,27.87,4,Resolved
ADM02668,IT,Course Registration,High,Walk-in,1.75,5,0,27.5,3,Resolved
ADM02669,Library,Course Registration,Low,Portal,5.53,7,0,27.22,3,Resolved
ADM02670,Finance,Payment Issue,Low,Helpdesk,17.41,6,0,59.3,2,Resolved
ADM02671,IT,Fee Statement,Medium,Portal,9.82,4,1,41.59,3,Escalated
ADM02672,Finance,Password Reset,Medium,Portal,5.03,4,0,13.65,3,Resolved
ADM02673,IT,Exam or Assessment Issue,High,Portal,1.84,4,0,34.76,3,Resolved
ADM02674,Registrar,Fee Statement,Low,Portal,5.8,8,1,43.69,3,Escalated
ADM02675,Student Affairs,Course Registration,Medium,Email,3.79,5,0,23.46,4,Resolved
ADM02676,Finance,Graduation Clearance,Medium,Walk-in,4.28,5,0,41.2,3,Resolved
ADM02677,Finance,Exam or Assessment Issue,Low,Portal,10.88,5,0,37.04,3,Resolved
ADM02678,Registrar,Student ID Issue,High,Portal,3.35,6,0,13.16,3,Resolved
ADM02679,Registrar,Transcript Request,High,Email,1.02,4,1,31.48,4,Resolved
ADM02680,Admissions,Student ID Issue,Medium,Email,2.47,3,1,22.97,5,Escalated
ADM02681,Finance,Payment Issue,Low,Portal,22.61,2,0,58.28,1,Pending
ADM02682,Student Affairs,Course Registration,Low,Helpdesk,19.98,7,0,46.32,4,Resolved
ADM02683,Registrar,Course Registration,Medium,Portal,4.23,5,0,19.51,4,Resolved
ADM02684,Finance,Graduation Clearance,Medium,Email,7.11,6,0,41.53,3,Resolved
ADM02685,Finance,Library Issue,Medium,Email,6.74,3,1,27.53,2,Escalated
ADM02686,Registrar,Password Reset,Medium,Helpdesk,7.94,2,1,17.69,4,Escalated
ADM02687,Registrar,Library Issue,Medium,Phone,8.87,2,0,22.98,4,Resolved
ADM02688,Admissions,Payment Issue,High,Helpdesk,2.11,1,0,37.19,2,Pending
ADM02689,Admissions,Portal Access,Low,Email,17.22,3,0,31.0,2,Resolved
ADM02690,Admissions,Fee Statement,High,Helpdesk,4.11,5,0,25.7,2,Resolved
ADM02691,Admissions,Exam or Assessment Issue,Medium,Walk-in,7.59,3,0,31.52,2,Resolved
ADM02692,IT,Library Issue,High,Helpdesk,4.65,3,0,16.78,3,Resolved
ADM02693,Registrar,Payment Issue,Low,Email,13.89,3,0,52.74,2,Resolved
ADM02694,Admissions,Fee Statement,High,Phone,4.11,3,1,33.97,3,Resolved
ADM02695,Academic Affairs,Payment Issue,Low,Portal,22.19,4,0,58.71,3,Resolved
ADM02696,Admissions,Portal Access,Critical,Portal,1.2,7,0,15.08,5,Resolved
ADM02697,IT,Exam or Assessment Issue,High,Portal,0.58,4,1,37.15,2,Escalated
ADM02698,Finance,Password Reset,Medium,Phone,8.54,5,0,18.75,4,Resolved
ADM02699,Library,Password Reset,Medium,Helpdesk,8.77,4,0,15.88,3,Pending
ADM02700,Library,Graduation Clearance,High,Phone,2.3,3,0,33.7,4,Pending
ADM02701,Admissions,Payment Issue,High,Phone,1.53,2,0,36.03,3,Pending
ADM02702,Academic Affairs,Library Issue,High,Phone,4.9,7,1,34.14,2,Escalated
ADM02703,Registrar,Password Reset,High,Phone,2.98,6,1,25.93,2,Escalated
ADM02704,Registrar,Transcript Request,High,Portal,2.82,6,0,25.64,2,Resolved
ADM02705,Library,Library Issue,Medium,Portal,9.57,5,0,24.61,4,Resolved
ADM02706,Library,Accommodation Request,Low,Walk-in,12.16,6,0,42.34,3,Resolved
ADM02707,Registrar,Application Issue,Low,Email,20.96,5,0,49.47,2,Resolved
ADM02708,Finance,Payment Issue,Medium,Walk-in,7.61,2,0,41.53,3,Resolved
ADM02709,Registrar,Payment Issue,Medium,Walk-in,9.74,3,0,42.98,3,Resolved
ADM02710,Finance,Payment Issue,Medium,Portal,5.43,4,1,53.57,2,Escalated
ADM02711,Library,Portal Access,Medium,Helpdesk,9.26,4,0,15.89,5,Resolved
ADM02712,Admissions,Exam or Assessment Issue,Medium,Portal,6.55,8,0,42.42,3,Resolved
ADM02713,Finance,Payment Issue,Medium,Email,5.81,2,0,42.42,2,Resolved
ADM02714,Finance,Password Reset,Medium,Portal,4.45,4,0,12.39,3,Resolved
ADM02715,Registrar,Password Reset,Medium,Helpdesk,6.42,4,0,11.66,4,Resolved
ADM02716,Finance,Application Issue,Low,Helpdesk,15.45,8,0,46.81,3,Resolved
ADM02717,IT,Application Issue,High,Portal,4.54,8,0,35.91,4,Resolved
ADM02718,Academic Affairs,Student ID Issue,Medium,Email,7.63,4,0,18.64,5,Resolved
ADM02719,Student Affairs,Library Issue,High,Email,4.22,4,1,25.87,3,Resolved
ADM02720,Registrar,Password Reset,Medium,Portal,8.15,3,0,16.3,5,Resolved
ADM02721,Student Affairs,Password Reset,Low,Portal,9.53,5,0,18.19,5,Pending
ADM02722,Library,Portal Access,Low,Phone,8.12,3,0,17.79,5,Resolved
ADM02723,Library,Password Reset,Low,Walk-in,9.17,4,0,19.99,3,Resolved
ADM02724,Admissions,Password Reset,Low,Phone,6.93,5,0,15.42,3,Resolved
ADM02725,Finance,Student ID Issue,Low,Email,11.72,7,0,31.2,3,Resolved
ADM02726,Finance,Transcript Request,High,Portal,3.44,3,0,17.66,4,Resolved
ADM02727,Registrar,Student ID Issue,High,Walk-in,2.92,4,1,24.18,3,Escalated
ADM02728,Finance,Transcript Request,High,Phone,3.56,2,1,25.5,2,Resolved
ADM02729,Finance,Student ID Issue,Critical,Email,0.84,2,0,3.72,5,Resolved
ADM02730,Admissions,Password Reset,Medium,Portal,3.64,2,0,1.22,4,Resolved
ADM02731,Library,Student ID Issue,Medium,Walk-in,3.62,5,0,21.29,3,Resolved
ADM02732,Admissions,Password Reset,Low,Email,16.02,4,0,21.52,3,Resolved
ADM02733,Registrar,Password Reset,Low,Phone,7.29,3,0,11.13,3,Resolved
ADM02734,Academic Affairs,Application Issue,High,Portal,2.29,5,0,28.64,4,Resolved
ADM02735,Academic Affairs,Course Registration,High,Email,1.46,4,0,14.78,3,Resolved
ADM02736,Library,Transcript Request,High,Phone,3.48,4,0,26.53,4,Resolved
ADM02737,Academic Affairs,Accommodation Request,High,Email,3.27,2,1,41.8,4,Resolved
ADM02738,Admissions,Library Issue,Medium,Portal,5.05,1,1,24.51,4,Resolved
ADM02739,Academic Affairs,Library Issue,Medium,Portal,3.03,6,0,19.34,4,Resolved
ADM02740,Registrar,Student ID Issue,Medium,Phone,3.69,4,0,13.97,5,Pending
ADM02741,Finance,Course Registration,Critical,Walk-in,1.05,5,0,20.89,5,Resolved
ADM02742,Finance,Portal Access,High,Email,4.87,4,0,13.68,3,Resolved
ADM02743,Registrar,Accommodation Request,Medium,Walk-in,4.17,6,0,32.2,3,Resolved
ADM02744,Registrar,Library Issue,Low,Email,7.82,3,0,22.12,4,Resolved
ADM02745,IT,Fee Statement,Medium,Portal,3.77,3,0,26.48,3,Resolved
ADM02746,Library,Payment Issue,Medium,Portal,7.67,2,0,34.3,3,Resolved
ADM02747,IT,Fee Statement,High,Phone,4.62,2,1,32.6,4,Escalated
ADM02748,Registrar,Portal Access,Low,Email,5.5,9,0,19.57,3,Resolved
ADM02749,Student Affairs,Accommodation Request,Medium,Email,7.99,4,1,43.45,4,Resolved
ADM02750,IT,Library Issue,Medium,Portal,5.96,1,0,16.75,4,Pending
ADM02751,Finance,Student ID Issue,High,Email,4.21,3,0,16.24,4,Resolved
ADM02752,IT,Payment Issue,Medium,Helpdesk,5.37,2,0,37.52,2,Resolved
ADM02753,Finance,Transcript Request,Medium,Email,2.04,2,0,20.15,3,Resolved
ADM02754,Finance,Library Issue,Medium,Portal,7.46,8,1,42.78,4,Resolved
ADM02755,Academic Affairs,Library Issue,Low,Portal,20.16,5,0,34.12,4,Resolved
ADM02756,Finance,Graduation Clearance,Medium,Portal,9.22,3,0,47.06,4,Resolved
ADM02757,Admissions,Exam or Assessment Issue,High,Walk-in,3.06,4,1,39.47,3,Resolved
ADM02758,Student Affairs,Portal Access,High,Portal,1.05,6,0,12.23,5,Resolved
ADM02759,IT,Library Issue,Medium,Email,4.96,4,0,19.04,4,Resolved
ADM02760,Registrar,Accommodation Request,Medium,Walk-in,8.27,3,0,40.2,2,Resolved
ADM02761,Registrar,Course Registration,High,Email,2.72,7,0,26.58,4,Resolved
ADM02762,Registrar,Accommodation Request,High,Phone,3.65,5,1,44.02,4,Resolved
ADM02763,IT,Transcript Request,Low,Walk-in,4.09,4,0,24.48,3,Resolved
ADM02764,Admissions,Course Registration,Medium,Email,2.58,1,0,14.89,5,Resolved
ADM02765,Registrar,Library Issue,High,Portal,3.57,4,1,31.11,3,Resolved
ADM02766,Academic Affairs,Library Issue,Medium,Email,4.32,6,0,19.81,4,Resolved
ADM02767,Admissions,Exam or Assessment Issue,Critical,Walk-in,0.9,4,1,40.72,2,Resolved
ADM02768,Finance,Payment Issue,High,Phone,3.39,2,0,39.76,4,Resolved
ADM02769,Admissions,Library Issue,Low,Email,6.24,5,1,32.41,3,Escalated
ADM02770,IT,Password Reset,High,Portal,4.25,5,0,17.37,5,Resolved
ADM02771,Registrar,Transcript Request,Medium,Phone,3.16,4,0,27.82,2,Resolved
ADM02772,Finance,Application Issue,High,Portal,3.8,5,0,27.59,4,Pending
ADM02773,Library,Student ID Issue,Medium,Email,4.34,3,0,17.48,4,Resolved
ADM02774,Admissions,Payment Issue,Medium,Portal,4.08,2,0,42.5,4,Resolved
ADM02775,Admissions,Fee Statement,High,Phone,4.2,6,1,44.31,3,Resolved
ADM02776,Admissions,Course Registration,High,Portal,2.98,3,0,25.1,3,Resolved
ADM02777,Registrar,Application Issue,High,Email,1.42,3,0,25.64,2,Resolved
ADM02778,Registrar,Student ID Issue,Medium,Walk-in,2.02,4,0,13.83,5,Resolved
ADM02779,Admissions,Library Issue,Medium,Email,9.78,6,0,21.79,5,Resolved
ADM02780,Registrar,Graduation Clearance,Medium,Portal,5.45,4,1,48.84,2,Resolved
ADM02781,Registrar,Accommodation Request,Critical,Phone,0.92,4,0,30.76,2,Resolved
ADM02782,Student Affairs,Password Reset,Medium,Portal,2.4,3,1,23.57,4,Resolved
ADM02783,Academic Affairs,Graduation Clearance,Low,Phone,21.89,3,1,65.29,1,Resolved
ADM02784,Library,Exam or Assessment Issue,Medium,Portal,3.12,5,0,35.26,4,Resolved
ADM02785,Student Affairs,Course Registration,Medium,Portal,4.68,4,0,18.62,4,Resolved
ADM02786,Finance,Course Registration,High,Portal,2.39,1,0,17.31,4,Pending
ADM02787,Academic Affairs,Course Registration,High,Walk-in,4.15,4,0,23.52,4,Resolved
ADM02788,Registrar,Transcript Request,Critical,Phone,0.85,3,0,21.07,5,Pending
ADM02789,Academic Affairs,Course Registration,High,Email,2.89,3,0,22.01,5,Resolved
ADM02790,Academic Affairs,Payment Issue,Medium,Email,5.43,3,0,38.51,2,Resolved
ADM02791,IT,Student ID Issue,Medium,Email,4.49,4,0,18.11,3,Resolved
ADM02792,Academic Affairs,Accommodation Request,High,Helpdesk,4.76,6,0,37.44,4,Resolved
ADM02793,IT,Graduation Clearance,Critical,Helpdesk,1.63,3,1,48.27,2,Resolved
ADM02794,Finance,Payment Issue,Low,Email,7.49,8,1,57.95,3,Escalated
ADM02795,Admissions,Payment Issue,Low,Portal,15.09,4,0,52.9,1,Resolved
ADM02796,IT,Password Reset,Low,Email,19.93,2,0,27.59,4,Pending
ADM02797,Registrar,Exam or Assessment Issue,Medium,Helpdesk,6.64,5,1,42.93,2,Escalated
ADM02798,IT,Accommodation Request,Low,Email,13.88,2,0,39.78,4,Resolved
ADM02799,Academic Affairs,Password Reset,High,Portal,0.82,4,0,7.06,4,Resolved
ADM02800,Registrar,Course Registration,High,Email,0.98,4,1,32.97,4,Escalated
ADM02801,Library,Course Registration,Medium,Portal,3.96,5,0,19.76,5,Resolved
ADM02802,Student Affairs,Payment Issue,Medium,Email,6.11,1,0,36.12,4,Resolved
ADM02803,Academic Affairs,Payment Issue,High,Portal,4.94,1,0,34.84,4,Resolved
ADM02804,Academic Affairs,Course Registration,Medium,Portal,8.42,3,0,21.08,4,Resolved
ADM02805,Admissions,Portal Access,Medium,Portal,2.88,3,0,13.09,5,Pending
ADM02806,Academic Affairs,Student ID Issue,Medium,Email,7.74,2,0,13.08,5,Resolved
ADM02807,Library,Transcript Request,Medium,Portal,8.48,3,0,29.31,3,Resolved
ADM02808,Registrar,Exam or Assessment Issue,Low,Helpdesk,12.29,3,0,41.4,2,Resolved
ADM02809,Admissions,Application Issue,Medium,Phone,4.64,3,0,26.04,4,Resolved
ADM02810,IT,Library Issue,Critical,Phone,1.25,3,0,10.21,5,Resolved
ADM02811,Finance,Fee Statement,High,Portal,2.84,1,0,26.84,4,Resolved
ADM02812,IT,Accommodation Request,Medium,Phone,4.12,5,0,40.04,2,Resolved
ADM02813,IT,Password Reset,Medium,Portal,5.18,4,0,10.96,3,Resolved
ADM02814,Registrar,Accommodation Request,High,Email,2.95,1,1,35.55,2,Resolved
ADM02815,IT,Course Registration,High,Portal,3.11,6,0,22.24,3,Pending
ADM02816,Library,Application Issue,Medium,Email,6.25,3,1,41.84,4,Escalated
ADM02817,Admissions,Graduation Clearance,Medium,Email,8.77,3,1,48.93,1,Resolved
ADM02818,Registrar,Fee Statement,High,Email,0.64,4,0,22.4,3,Resolved
ADM02819,Registrar,Payment Issue,Medium,Email,4.66,2,0,39.72,2,Resolved
ADM02820,Finance,Payment Issue,Low,Portal,19.0,3,0,50.61,3,Resolved
ADM02821,Academic Affairs,Exam or Assessment Issue,Medium,Phone,7.21,2,0,33.28,3,Resolved
ADM02822,Finance,Graduation Clearance,Medium,Portal,9.35,5,1,53.93,3,Escalated
ADM02823,IT,Password Reset,Medium,Helpdesk,6.7,4,0,17.19,4,Resolved
ADM02824,Finance,Student ID Issue,Medium,Email,7.11,6,0,30.32,3,Resolved
ADM02825,Finance,Exam or Assessment Issue,Low,Email,18.1,4,0,41.99,3,Resolved
ADM02826,Student Affairs,Library Issue,Medium,Helpdesk,3.49,5,0,17.26,4,Resolved
ADM02827,IT,Exam or Assessment Issue,Medium,Portal,8.03,1,0,30.31,2,Resolved
ADM02828,Registrar,Student ID Issue,Low,Walk-in,10.0,6,0,23.63,3,Pending
ADM02829,Admissions,Application Issue,High,Portal,2.41,3,0,27.41,3,Resolved
ADM02830,Registrar,Graduation Clearance,Medium,Portal,2.11,3,0,36.43,2,Resolved
ADM02831,Admissions,Student ID Issue,Low,Email,20.87,7,0,36.0,4,Resolved
ADM02832,IT,Password Reset,Medium,Helpdesk,9.63,3,0,16.09,5,Resolved
ADM02833,Registrar,Fee Statement,High,Email,0.77,4,0,23.71,3,Resolved
ADM02834,Finance,Fee Statement,Medium,Portal,7.08,10,0,36.31,4,Resolved
ADM02835,Finance,Fee Statement,Low,Phone,23.22,4,0,43.9,3,Resolved
ADM02836,Academic Affairs,Graduation Clearance,Medium,Portal,6.86,4,0,42.2,3,Resolved
ADM02837,Academic Affairs,Payment Issue,Medium,Helpdesk,8.38,6,0,52.94,1,Resolved
ADM02838,Registrar,Portal Access,High,Email,1.03,4,0,10.69,4,Resolved
ADM02839,Library,Application Issue,High,Phone,1.6,4,0,26.26,3,Resolved
ADM02840,Finance,Library Issue,Critical,Portal,0.82,6,0,15.94,3,Resolved
ADM02841,Finance,Graduation Clearance,Low,Email,23.62,7,1,77.9,1,Resolved
ADM02842,Library,Application Issue,Low,Phone,19.64,6,0,48.42,2,Pending
ADM02843,Academic Affairs,Exam or Assessment Issue,Critical,Portal,1.79,6,0,28.52,4,Resolved
ADM02844,Academic Affairs,Graduation Clearance,Medium,Portal,5.9,7,0,45.31,2,Resolved
ADM02845,IT,Application Issue,High,Helpdesk,3.73,2,1,36.98,2,Escalated
ADM02846,Finance,Student ID Issue,Low,Portal,18.63,5,0,36.07,2,Resolved
ADM02847,Library,Transcript Request,Low,Walk-in,15.38,3,0,34.1,2,Pending
ADM02848,Finance,Graduation Clearance,Low,Walk-in,21.56,3,0,52.95,3,Resolved
ADM02849,IT,Exam or Assessment Issue,Medium,Phone,3.27,7,0,32.25,4,Resolved
ADM02850,Finance,Exam or Assessment Issue,Low,Helpdesk,5.15,2,0,27.86,2,Resolved
ADM02851,IT,Application Issue,Medium,Email,4.43,7,0,31.24,2,Resolved
ADM02852,Finance,Graduation Clearance,Medium,Walk-in,2.71,3,1,44.83,3,Resolved
ADM02853,Registrar,Password Reset,Low,Portal,5.21,5,0,16.99,3,Resolved
ADM02854,Academic Affairs,Transcript Request,Low,Walk-in,12.38,7,0,34.78,2,Resolved
ADM02855,Registrar,Portal Access,Medium,Portal,3.6,4,1,28.53,3,Escalated
ADM02856,Admissions,Password Reset,Low,Helpdesk,19.8,2,0,29.65,4,Resolved
ADM02857,Finance,Application Issue,Low,Helpdesk,15.6,2,0,42.46,3,Resolved
ADM02858,Registrar,Accommodation Request,Medium,Portal,4.88,10,0,42.29,2,Resolved
ADM02859,Registrar,Payment Issue,Medium,Portal,4.29,5,0,38.31,4,Resolved
ADM02860,Registrar,Student ID Issue,High,Walk-in,3.03,5,0,16.53,3,Pending
ADM02861,Student Affairs,Course Registration,Low,Email,12.68,4,0,34.58,4,Resolved
ADM02862,Finance,Library Issue,High,Email,0.75,5,0,21.26,4,Resolved
ADM02863,Academic Affairs,Library Issue,High,Portal,3.49,4,0,21.42,4,Resolved
ADM02864,IT,Password Reset,High,Portal,2.75,5,0,18.03,3,Resolved
ADM02865,Admissions,Library Issue,Low,Email,9.54,5,1,38.4,2,Resolved
ADM02866,IT,Transcript Request,Medium,Portal,4.32,4,0,23.08,4,Resolved
ADM02867,Admissions,Fee Statement,High,Email,2.54,4,0,30.97,2,Resolved
ADM02868,Library,Accommodation Request,Critical,Email,1.69,1,0,23.64,5,Resolved
ADM02869,Finance,Course Registration,Critical,Email,0.96,2,0,19.85,4,Resolved
ADM02870,Finance,Library Issue,Medium,Portal,8.72,4,0,21.33,4,Resolved
ADM02871,Student Affairs,Library Issue,Medium,Email,5.4,2,0,17.37,4,Resolved
ADM02872,Academic Affairs,Password Reset,High,Portal,4.23,6,0,12.24,4,Resolved
ADM02873,Student Affairs,Exam or Assessment Issue,High,Email,4.69,1,0,29.21,4,Resolved
ADM02874,Admissions,Application Issue,Medium,Helpdesk,2.16,5,0,32.53,3,Resolved
ADM02875,Library,Payment Issue,Medium,Portal,2.5,3,0,38.07,2,Resolved
ADM02876,Admissions,Student ID Issue,Low,Email,6.68,6,1,33.62,4,Escalated
ADM02877,Admissions,Student ID Issue,Medium,Email,2.98,2,0,13.67,5,Resolved
ADM02878,Registrar,Student ID Issue,High,Phone,2.55,6,0,17.33,5,Resolved
ADM02879,IT,Student ID Issue,Critical,Email,1.58,2,1,21.4,3,Resolved
ADM02880,Registrar,Portal Access,High,Helpdesk,4.83,2,0,8.32,3,Resolved
ADM02881,Finance,Graduation Clearance,Medium,Portal,5.34,4,0,41.79,2,Resolved
ADM02882,Student Affairs,Exam or Assessment Issue,High,Portal,3.6,5,0,33.83,3,Resolved
ADM02883,Registrar,Course Registration,Medium,Helpdesk,7.08,4,0,23.96,5,Resolved
ADM02884,Registrar,Application Issue,High,Portal,2.27,2,1,32.11,2,Resolved
ADM02885,Registrar,Payment Issue,High,Helpdesk,3.75,8,1,55.16,3,Escalated
ADM02886,Academic Affairs,Payment Issue,Medium,Helpdesk,6.74,6,0,41.24,3,Resolved
ADM02887,Admissions,Password Reset,Medium,Helpdesk,8.08,4,1,25.63,4,Escalated
ADM02888,Admissions,Accommodation Request,Low,Walk-in,7.87,5,0,42.52,4,Resolved
ADM02889,Student Affairs,Library Issue,Low,Email,11.21,3,1,34.81,3,Resolved
ADM02890,Student Affairs,Exam or Assessment Issue,High,Portal,3.52,2,0,25.23,4,Resolved
ADM02891,Finance,Graduation Clearance,Low,Portal,6.5,2,0,38.71,2,Resolved
ADM02892,IT,Library Issue,Low,Helpdesk,19.41,3,1,41.9,2,Escalated
ADM02893,Library,Application Issue,Medium,Portal,3.07,5,0,30.07,2,Resolved
ADM02894,IT,Portal Access,High,Email,1.96,3,0,8.28,5,Resolved
ADM02895,Registrar,Transcript Request,Medium,Walk-in,3.9,3,0,22.31,4,Resolved
ADM02896,Student Affairs,Exam or Assessment Issue,Low,Portal,5.22,3,0,30.92,3,Resolved
ADM02897,Admissions,Fee Statement,High,Phone,1.72,4,0,24.97,2,Resolved
ADM02898,Finance,Application Issue,Medium,Helpdesk,9.29,4,0,35.67,3,Resolved
ADM02899,Admissions,Transcript Request,Medium,Portal,2.22,5,0,30.26,2,Resolved
ADM02900,Registrar,Fee Statement,High,Phone,0.58,2,0,25.31,4,Resolved
ADM02901,Registrar,Payment Issue,Medium,Phone,7.63,4,1,54.08,3,Resolved
ADM02902,Library,Portal Access,High,Phone,2.15,2,0,11.71,5,Resolved
ADM02903,Registrar,Application Issue,Medium,Email,3.84,6,0,31.12,4,Resolved
ADM02904,Admissions,Student ID Issue,Medium,Portal,6.07,1,0,10.02,4,Resolved
ADM02905,Admissions,Payment Issue,Medium,Email,4.13,7,0,50.26,3,Resolved
ADM02906,Registrar,Transcript Request,High,Phone,2.26,4,1,32.96,2,Resolved
ADM02907,Academic Affairs,Graduation Clearance,Medium,Portal,7.72,4,1,53.68,1,Escalated
ADM02908,Finance,Exam or Assessment Issue,Low,Portal,6.34,5,1,45.69,3,Escalated
ADM02909,Finance,Application Issue,Medium,Portal,9.68,1,0,34.13,2,Resolved
ADM02910,Finance,Application Issue,Medium,Portal,2.34,4,0,35.22,2,Resolved
ADM02911,Finance,Exam or Assessment Issue,High,Email,4.13,5,1,41.6,3,Resolved
ADM02912,Registrar,Password Reset,High,Email,3.76,5,0,15.16,4,Resolved
ADM02913,IT,Course Registration,High,Walk-in,1.77,4,0,18.65,4,Resolved
ADM02914,Academic Affairs,Payment Issue,Medium,Walk-in,2.95,2,0,35.97,3,Resolved
ADM02915,Finance,Exam or Assessment Issue,Medium,Portal,8.82,3,0,31.81,3,Resolved
ADM02916,IT,Application Issue,High,Phone,3.56,3,0,27.47,2,Resolved
ADM02917,Library,Library Issue,Critical,Portal,0.72,1,0,8.72,4,Resolved
ADM02918,Student Affairs,Graduation Clearance,Medium,Helpdesk,2.14,3,1,48.31,3,Escalated
ADM02919,Admissions,Graduation Clearance,Low,Portal,22.77,1,0,50.76,2,Resolved
ADM02920,Finance,Library Issue,Low,Helpdesk,12.09,8,0,31.99,3,Resolved
ADM02921,Finance,Course Registration,Medium,Portal,3.41,1,0,20.02,5,Resolved
ADM02922,IT,Application Issue,Medium,Portal,9.29,4,1,47.73,4,Resolved
ADM02923,Student Affairs,Student ID Issue,High,Phone,2.12,7,0,22.68,5,Resolved
ADM02924,Registrar,Course Registration,Medium,Portal,5.71,6,0,29.66,4,Resolved
ADM02925,Finance,Course Registration,Medium,Phone,7.59,2,0,23.91,4,Resolved
ADM02926,Student Affairs,Transcript Request,Medium,Portal,8.56,3,0,27.78,4,Resolved
ADM02927,Library,Transcript Request,High,Portal,0.95,6,0,24.37,2,Resolved
ADM02928,Academic Affairs,Accommodation Request,Medium,Phone,9.19,4,0,39.33,2,Resolved
ADM02929,Library,Payment Issue,Medium,Portal,9.46,4,0,42.7,3,Resolved
ADM02930,Finance,Fee Statement,Low,Email,9.19,5,1,43.52,4,Resolved
ADM02931,IT,Exam or Assessment Issue,Medium,Helpdesk,5.98,4,0,35.11,4,Resolved
ADM02932,IT,Course Registration,High,Helpdesk,4.36,4,0,17.82,3,Resolved
ADM02933,Registrar,Graduation Clearance,Medium,Phone,5.9,4,0,34.73,4,Resolved
ADM02934,Admissions,Transcript Request,Medium,Walk-in,5.86,3,0,19.01,5,Resolved
ADM02935,IT,Portal Access,Medium,Helpdesk,6.95,5,0,14.38,3,Resolved
ADM02936,Registrar,Accommodation Request,Medium,Phone,8.14,6,1,50.21,3,Resolved
ADM02937,Library,Application Issue,Low,Helpdesk,17.31,4,1,52.84,1,Escalated
ADM02938,IT,Payment Issue,High,Portal,3.32,4,0,36.51,3,Resolved
ADM02939,Academic Affairs,Application Issue,Medium,Phone,4.97,3,1,36.73,4,Resolved
ADM02940,Registrar,Accommodation Request,High,Email,3.34,3,0,28.54,3,Resolved
ADM02941,Finance,Graduation Clearance,Medium,Walk-in,2.83,2,1,44.5,2,Escalated
ADM02942,IT,Password Reset,Critical,Walk-in,0.94,7,0,12.49,4,Resolved
ADM02943,Finance,Library Issue,Medium,Portal,3.51,5,0,19.48,3,Resolved
ADM02944,IT,Payment Issue,Medium,Phone,6.3,3,1,49.78,2,Resolved
ADM02945,Library,Exam or Assessment Issue,Medium,Helpdesk,4.1,6,0,33.75,3,Resolved
ADM02946,Registrar,Library Issue,Medium,Helpdesk,6.05,6,0,23.44,5,Resolved
ADM02947,Admissions,Portal Access,Medium,Email,8.22,5,0,20.55,3,Resolved
ADM02948,Admissions,Application Issue,Critical,Walk-in,0.98,6,0,33.65,4,Resolved
ADM02949,Finance,Graduation Clearance,High,Email,1.48,4,0,37.38,2,Resolved
ADM02950,Academic Affairs,Password Reset,Medium,Phone,3.78,4,1,26.62,3,Resolved
ADM02951,Student Affairs,Portal Access,Medium,Portal,9.25,7,0,21.34,4,Pending
ADM02952,IT,Fee Statement,Low,Email,19.62,2,0,37.47,2,Resolved
ADM02953,IT,Application Issue,High,Email,0.66,2,0,22.16,3,Resolved
ADM02954,Admissions,Accommodation Request,Medium,Portal,9.54,2,0,38.64,2,Resolved
ADM02955,Academic Affairs,Password Reset,Medium,Phone,2.9,2,0,5.97,4,Pending
ADM02956,IT,Graduation Clearance,High,Email,3.44,4,0,40.91,4,Pending
ADM02957,IT,Payment Issue,Medium,Walk-in,6.41,6,0,41.75,2,Resolved
ADM02958,Student Affairs,Password Reset,High,Helpdesk,0.71,1,0,0.86,4,Resolved
ADM02959,Finance,Application Issue,Medium,Walk-in,4.36,4,0,30.56,2,Resolved
ADM02960,Library,Exam or Assessment Issue,High,Portal,3.99,3,1,46.34,3,Escalated
ADM02961,Registrar,Transcript Request,Medium,Portal,4.46,5,0,28.64,4,Resolved
ADM02962,Finance,Portal Access,Medium,Email,5.84,5,0,19.17,4,Resolved
ADM02963,Finance,Password Reset,Critical,Email,1.46,2,0,3.83,4,Resolved
ADM02964,Academic Affairs,Library Issue,Medium,Helpdesk,2.57,3,0,13.95,5,Pending
ADM02965,Student Affairs,Portal Access,Medium,Email,8.66,3,0,18.25,4,Resolved
ADM02966,IT,Library Issue,Medium,Helpdesk,2.33,4,1,21.1,5,Escalated
ADM02967,IT,Password Reset,Low,Email,9.25,1,1,22.01,4,Escalated
ADM02968,IT,Transcript Request,High,Email,3.93,2,1,36.07,2,Resolved
ADM02969,Academic Affairs,Portal Access,Medium,Email,9.3,5,0,24.48,2,Resolved
ADM02970,Admissions,Accommodation Request,High,Walk-in,3.92,3,0,38.87,2,Resolved
ADM02971,Finance,Graduation Clearance,Medium,Portal,3.82,4,1,46.9,4,Escalated
ADM02972,Registrar,Portal Access,Medium,Email,9.89,2,1,22.58,3,Resolved
ADM02973,Library,Payment Issue,High,Phone,2.36,2,0,34.19,2,Pending
ADM02974,Library,Password Reset,Medium,Helpdesk,5.01,3,0,11.94,4,Resolved
ADM02975,Finance,Fee Statement,High,Portal,4.39,4,0,30.95,2,Resolved
ADM02976,Registrar,Application Issue,Medium,Email,2.53,5,0,30.68,4,Resolved
ADM02977,Student Affairs,Course Registration,Medium,Email,6.45,4,1,35.9,4,Escalated
ADM02978,Registrar,Student ID Issue,Medium,Walk-in,9.73,4,0,20.6,4,Resolved
ADM02979,IT,Fee Statement,Low,Phone,6.0,3,1,37.51,2,Resolved
ADM02980,Academic Affairs,Library Issue,Medium,Helpdesk,6.33,5,0,19.67,4,Pending
ADM02981,Admissions,Accommodation Request,Medium,Portal,3.06,2,1,36.16,2,Resolved
ADM02982,Finance,Accommodation Request,High,Email,4.5,3,0,31.64,3,Pending
ADM02983,IT,Student ID Issue,Low,Portal,15.75,3,0,27.37,3,Resolved
ADM02984,Student Affairs,Transcript Request,Medium,Phone,3.88,6,0,29.66,2,Resolved
ADM02985,Admissions,Payment Issue,Medium,Portal,4.46,7,0,46.09,3,Resolved
ADM02986,Academic Affairs,Application Issue,Low,Helpdesk,14.33,5,0,42.4,2,Resolved
ADM02987,Registrar,Fee Statement,Low,Portal,18.51,4,0,41.26,3,Resolved
ADM02988,Admissions,Exam or Assessment Issue,Medium,Portal,5.9,2,1,45.43,3,Resolved
ADM02989,IT,Course Registration,Medium,Email,3.51,4,0,22.01,5,Resolved
ADM02990,Student Affairs,Portal Access,Low,Email,18.16,3,0,26.1,4,Pending
ADM02991,Registrar,Student ID Issue,Low,Phone,6.37,3,0,19.16,5,Pending
ADM02992,Library,Transcript Request,High,Portal,4.14,2,0,26.77,3,Resolved
ADM02993,IT,Accommodation Request,High,Email,2.28,5,0,36.32,2,Resolved
ADM02994,Finance,Course Registration,Medium,Email,7.22,6,0,30.67,3,Resolved
ADM02995,Registrar,Exam or Assessment Issue,High,Phone,2.05,2,0,26.11,4,Resolved
ADM02996,Student Affairs,Accommodation Request,Low,Walk-in,17.38,4,0,52.33,2,Resolved
ADM02997,Registrar,Password Reset,Medium,Portal,9.11,3,0,19.8,3,Resolved
ADM02998,Finance,Exam or Assessment Issue,High,Phone,3.66,5,0,33.64,3,Resolved
ADM02999,Finance,Student ID Issue,Medium,Email,7.37,2,0,16.46,4,Resolved
ADM03000,Student Affairs,Transcript Request,Critical,Phone,1.56,5,1,36.4,3,Escalated
ADM03001,IT,Portal Access,High,Phone,2.75,1,0,8.47,3,Pending
ADM03002,Library,Library Issue,Low,Email,8.41,6,0,31.26,2,Resolved
ADM03003,Finance,Transcript Request,Critical,Phone,1.67,5,0,28.38,4,Resolved
ADM03004,IT,Application Issue,High,Portal,3.42,4,0,28.17,2,Resolved
ADM03005,IT,Graduation Clearance,Medium,Email,4.51,4,0,37.97,3,Resolved
ADM03006,Student Affairs,Exam or Assessment Issue,Critical,Portal,0.7,4,0,25.25,2,Resolved
ADM03007,Student Affairs,Portal Access,Low,Portal,14.0,4,0,28.92,4,Resolved
ADM03008,Registrar,Fee Statement,High,Walk-in,1.43,4,1,37.52,2,Resolved
ADM03009,IT,Graduation Clearance,Medium,Email,9.03,3,0,37.25,4,Resolved
ADM03010,Registrar,Transcript Request,Low,Walk-in,19.77,4,0,39.43,2,Resolved
ADM03011,Admissions,Exam or Assessment Issue,Medium,Email,4.47,4,0,28.23,3,Pending
ADM03012,Finance,Portal Access,Medium,Email,2.4,5,0,14.59,4,Resolved
ADM03013,Finance,Fee Statement,High,Portal,0.73,3,0,21.79,4,Resolved
ADM03014,Finance,Transcript Request,Medium,Portal,4.38,6,1,37.39,2,Escalated
ADM03015,IT,Course Registration,Medium,Helpdesk,3.18,2,0,22.26,4,Resolved
ADM03016,Finance,Library Issue,Low,Portal,21.47,3,1,44.85,3,Escalated
ADM03017,Library,Course Registration,Medium,Portal,5.37,2,0,21.19,3,Resolved
ADM03018,Admissions,Graduation Clearance,High,Helpdesk,2.07,8,0,41.02,4,Resolved
ADM03019,Registrar,Application Issue,Medium,Portal,3.74,2,0,26.66,4,Resolved
ADM03020,Library,Exam or Assessment Issue,Medium,Email,8.73,7,1,52.83,2,Escalated
ADM03021,Finance,Portal Access,Medium,Portal,8.34,3,1,31.59,3,Resolved
ADM03022,Admissions,Exam or Assessment Issue,Medium,Helpdesk,5.07,4,1,43.7,4,Resolved
ADM03023,IT,Graduation Clearance,Medium,Phone,3.35,4,0,36.0,3,Resolved
ADM03024,Finance,Graduation Clearance,Critical,Phone,1.91,5,0,38.28,4,Pending
ADM03025,Registrar,Fee Statement,High,Phone,1.92,4,0,26.26,3,Resolved
ADM03026,Finance,Password Reset,Medium,Phone,8.17,3,0,23.19,4,Pending
ADM03027,Academic Affairs,Transcript Request,Medium,Walk-in,5.7,5,0,27.56,3,Resolved
ADM03028,IT,Password Reset,Medium,Email,8.25,4,0,16.83,3,Resolved
ADM03029,IT,Transcript Request,High,Email,2.67,2,0,23.01,5,Resolved
ADM03030,IT,Application Issue,Medium,Portal,9.4,2,0,33.26,2,Resolved
ADM03031,Registrar,Password Reset,High,Helpdesk,4.1,6,0,18.36,4,Resolved
ADM03032,Admissions,Exam or Assessment Issue,Medium,Phone,4.08,4,0,32.55,4,Resolved
ADM03033,Library,Exam or Assessment Issue,Medium,Portal,5.44,6,0,35.46,2,Resolved
ADM03034,Registrar,Fee Statement,High,Email,0.95,2,0,23.48,5,Resolved
ADM03035,Finance,Exam or Assessment Issue,Medium,Email,9.23,2,0,35.3,3,Resolved
ADM03036,Finance,Payment Issue,Critical,Walk-in,0.32,6,0,41.56,3,Resolved
ADM03037,Admissions,Course Registration,Low,Email,4.36,2,0,18.09,4,Resolved
ADM03038,Academic Affairs,Fee Statement,Medium,Phone,5.97,5,0,33.41,2,Resolved
ADM03039,Registrar,Accommodation Request,Medium,Email,6.83,3,0,39.48,3,Resolved
ADM03040,Admissions,Student ID Issue,High,Phone,1.5,9,0,16.1,4,Resolved
ADM03041,Registrar,Application Issue,High,Phone,3.07,4,0,29.29,4,Pending
ADM03042,Academic Affairs,Library Issue,Low,Walk-in,21.91,4,0,33.66,3,Resolved
ADM03043,Registrar,Transcript Request,Medium,Portal,7.01,7,0,35.18,2,Pending
ADM03044,Admissions,Fee Statement,Medium,Phone,5.65,3,0,28.47,4,Resolved
ADM03045,Library,Password Reset,Medium,Portal,3.16,5,0,10.83,4,Resolved
ADM03046,IT,Student ID Issue,Medium,Helpdesk,3.35,4,0,13.93,3,Resolved
ADM03047,Admissions,Payment Issue,Medium,Portal,5.87,6,0,50.19,3,Resolved
ADM03048,Finance,Accommodation Request,Medium,Email,5.7,2,0,32.29,3,Resolved
ADM03049,Finance,Password Reset,Medium,Phone,6.18,4,0,14.37,3,Resolved
ADM03050,Finance,Exam or Assessment Issue,Low,Portal,14.16,6,0,46.44,4,Resolved
ADM03051,Registrar,Graduation Clearance,Medium,Walk-in,4.73,3,0,34.38,3,Resolved
ADM03052,Admissions,Course Registration,Low,Email,17.92,5,0,40.32,2,Resolved
ADM03053,Finance,Payment Issue,Medium,Email,3.7,5,0,37.8,3,Resolved
ADM03054,Finance,Student ID Issue,High,Helpdesk,4.34,2,0,15.67,5,Resolved
ADM03055,IT,Exam or Assessment Issue,Low,Helpdesk,7.89,4,0,34.01,3,Resolved
ADM03056,Academic Affairs,Portal Access,Low,Portal,12.32,7,1,36.8,2,Resolved
ADM03057,IT,Portal Access,Low,Email,8.21,5,0,22.96,4,Resolved
ADM03058,Registrar,Student ID Issue,High,Portal,3.28,3,0,11.75,3,Resolved
ADM03059,Registrar,Portal Access,Low,Email,13.55,6,1,35.96,4,Resolved
ADM03060,Academic Affairs,Application Issue,Critical,Portal,0.87,3,0,23.96,4,Resolved
ADM03061,Finance,Fee Statement,Medium,Portal,5.8,8,0,37.08,3,Resolved
ADM03062,Registrar,Transcript Request,Medium,Walk-in,5.37,5,0,24.57,2,Resolved
ADM03063,IT,Fee Statement,Low,Email,21.1,7,0,48.13,3,Resolved
ADM03064,IT,Accommodation Request,Medium,Phone,2.99,2,1,40.91,3,Resolved
ADM03065,IT,Fee Statement,Medium,Phone,8.35,2,0,35.32,2,Resolved
ADM03066,Finance,Fee Statement,Medium,Phone,7.24,3,0,30.5,2,Resolved
ADM03067,Registrar,Course Registration,Medium,Portal,4.79,1,1,27.88,2,Resolved
ADM03068,Academic Affairs,Transcript Request,Medium,Phone,9.35,3,1,38.12,3,Escalated
ADM03069,Finance,Exam or Assessment Issue,Medium,Walk-in,3.42,3,1,45.97,4,Escalated
ADM03070,IT,Graduation Clearance,Medium,Walk-in,4.48,2,0,38.24,4,Resolved
ADM03071,IT,Fee Statement,Medium,Email,5.0,4,0,25.75,3,Resolved
ADM03072,IT,Transcript Request,High,Email,3.42,5,1,29.94,4,Escalated
ADM03073,Finance,Library Issue,Medium,Walk-in,9.57,1,0,15.49,4,Resolved
ADM03074,Finance,Portal Access,Medium,Portal,6.75,6,1,30.25,2,Resolved
ADM03075,IT,Password Reset,Medium,Helpdesk,8.85,6,0,20.09,3,Resolved
ADM03076,Student Affairs,Course Registration,Low,Portal,22.1,8,0,46.75,3,Pending
ADM03077,Academic Affairs,Portal Access,Medium,Email,5.73,3,0,19.45,4,Pending
ADM03078,Registrar,Transcript Request,Medium,Portal,5.78,4,0,27.26,2,Resolved
ADM03079,Registrar,Portal Access,Low,Portal,9.0,2,0,16.42,3,Resolved
ADM03080,Academic Affairs,Fee Statement,High,Portal,3.21,4,0,26.63,2,Pending
ADM03081,Library,Password Reset,Medium,Walk-in,2.96,4,0,12.01,5,Resolved
ADM03082,Student Affairs,Fee Statement,Medium,Phone,7.07,3,1,41.56,4,Resolved
ADM03083,Registrar,Accommodation Request,High,Email,4.52,7,1,49.18,2,Resolved
ADM03084,IT,Fee Statement,Low,Phone,19.22,3,0,38.2,3,Resolved
ADM03085,IT,Password Reset,High,Portal,3.42,6,1,21.44,4,Escalated
ADM03086,IT,Graduation Clearance,Medium,Portal,8.71,3,0,42.89,2,Resolved
ADM03087,Admissions,Payment Issue,Medium,Phone,7.84,3,0,39.72,3,Resolved
ADM03088,Registrar,Library Issue,High,Portal,2.88,6,0,19.13,3,Resolved
ADM03089,IT,Transcript Request,High,Portal,2.84,2,0,15.39,4,Pending
ADM03090,Finance,Library Issue,Medium,Phone,2.86,4,0,19.67,3,Resolved
ADM03091,Admissions,Accommodation Request,Medium,Phone,5.48,3,0,32.26,4,Resolved
ADM03092,Academic Affairs,Library Issue,Medium,Email,6.18,4,1,23.87,3,Escalated
ADM03093,Finance,Portal Access,Medium,Portal,5.76,6,1,30.75,2,Resolved
ADM03094,Student Affairs,Student ID Issue,High,Portal,3.99,2,0,8.77,5,Resolved
ADM03095,Registrar,Course Registration,Low,Email,7.22,1,0,17.22,4,Pending
ADM03096,IT,Password Reset,Medium,Walk-in,8.36,6,0,21.78,5,Resolved
ADM03097,Academic Affairs,Course Registration,Medium,Portal,7.93,5,0,25.59,2,Resolved
ADM03098,Registrar,Password Reset,High,Email,4.55,7,0,22.45,4,Pending
ADM03099,Registrar,Transcript Request,Medium,Portal,4.99,5,1,33.36,3,Resolved
ADM03100,Admissions,Library Issue,High,Email,1.29,4,0,20.22,4,Pending
ADM03101,Registrar,Transcript Request,Low,Phone,19.17,8,0,43.15,2,Resolved
ADM03102,Library,Fee Statement,Low,Portal,15.77,1,0,34.23,3,Resolved
ADM03103,Academic Affairs,Graduation Clearance,Medium,Email,7.7,2,0,35.69,3,Resolved
ADM03104,Admissions,Fee Statement,Medium,Helpdesk,9.97,2,0,34.18,4,Pending
ADM03105,Finance,Course Registration,Medium,Email,3.56,5,0,27.64,4,Resolved
ADM03106,Admissions,Application Issue,High,Portal,2.35,1,1,32.61,3,Escalated
ADM03107,IT,Application Issue,Medium,Walk-in,3.54,4,0,28.71,3,Pending
ADM03108,Registrar,Student ID Issue,Medium,Portal,8.88,2,0,13.31,5,Resolved
ADM03109,IT,Application Issue,Low,Helpdesk,4.34,4,0,33.83,4,Resolved
ADM03110,IT,Accommodation Request,Medium,Walk-in,3.08,4,0,30.15,3,Pending
ADM03111,IT,Portal Access,Low,Helpdesk,8.96,2,1,22.11,3,Escalated
ADM03112,Finance,Portal Access,High,Portal,3.97,4,0,13.94,3,Resolved
ADM03113,IT,Fee Statement,Medium,Portal,7.03,4,0,29.55,4,Resolved
ADM03114,Registrar,Application Issue,Medium,Walk-in,5.11,3,0,27.38,2,Resolved
ADM03115,Registrar,Student ID Issue,Medium,Helpdesk,3.27,4,0,14.77,3,Resolved
ADM03116,Student Affairs,Password Reset,Medium,Helpdesk,4.57,5,0,12.03,3,Resolved
ADM03117,Library,Fee Statement,High,Helpdesk,3.85,2,1,35.32,2,Resolved
ADM03118,Registrar,Transcript Request,Medium,Phone,5.06,6,0,32.75,2,Resolved
ADM03119,Finance,Application Issue,Low,Email,13.25,4,0,32.11,3,Resolved
ADM03120,Registrar,Fee Statement,Critical,Portal,1.3,9,1,43.8,3,Resolved
ADM03121,Finance,Application Issue,Low,Email,22.26,2,0,49.25,1,Resolved
ADM03122,Finance,Accommodation Request,High,Email,1.63,4,0,32.65,4,Resolved
ADM03123,Registrar,Exam or Assessment Issue,Medium,Email,5.58,5,1,48.83,1,Escalated
ADM03124,Admissions,Student ID Issue,Medium,Email,4.48,4,0,18.6,5,Resolved
ADM03125,Library,Course Registration,High,Email,2.6,8,0,27.49,2,Pending
ADM03126,IT,Payment Issue,Low,Helpdesk,17.93,5,0,51.24,2,Resolved
ADM03127,IT,Student ID Issue,High,Portal,2.67,4,0,10.26,4,Resolved
ADM03128,Registrar,Application Issue,Medium,Email,8.68,2,0,28.25,4,Pending
ADM03129,Academic Affairs,Transcript Request,Medium,Phone,6.43,5,1,42.03,4,Resolved
ADM03130,Student Affairs,Graduation Clearance,Medium,Walk-in,5.09,6,0,41.46,4,Resolved
ADM03131,Library,Transcript Request,Low,Portal,19.65,5,0,42.86,2,Resolved
ADM03132,Student Affairs,Course Registration,Medium,Email,5.45,4,0,24.39,2,Resolved
ADM03133,Academic Affairs,Library Issue,High,Email,2.82,5,0,17.56,5,Resolved
ADM03134,Admissions,Transcript Request,High,Portal,4.98,2,0,22.78,5,Resolved
ADM03135,Registrar,Fee Statement,Medium,Email,8.29,5,0,37.09,4,Resolved
ADM03136,IT,Graduation Clearance,High,Phone,4.35,4,0,37.0,3,Resolved
ADM03137,Library,Transcript Request,High,Walk-in,3.17,5,1,36.53,2,Resolved
ADM03138,Library,Payment Issue,Low,Phone,10.96,3,0,43.41,4,Resolved
ADM03139,Admissions,Course Registration,Medium,Portal,9.93,2,0,24.62,3,Resolved
ADM03140,Registrar,Fee Statement,Medium,Email,3.95,1,0,26.87,4,Resolved
ADM03141,Finance,Application Issue,High,Portal,4.43,3,0,28.94,3,Resolved
ADM03142,Academic Affairs,Student ID Issue,High,Portal,4.6,6,0,17.82,5,Resolved
ADM03143,IT,Course Registration,High,Phone,4.18,4,0,25.35,3,Resolved
ADM03144,Admissions,Payment Issue,High,Helpdesk,1.01,4,1,50.91,2,Resolved
ADM03145,Finance,Portal Access,Medium,Email,8.83,2,1,33.31,3,Resolved
ADM03146,Finance,Payment Issue,Low,Helpdesk,17.28,2,0,51.15,1,Resolved
ADM03147,Student Affairs,Password Reset,Medium,Helpdesk,7.45,6,1,25.78,2,Resolved
ADM03148,IT,Password Reset,Medium,Email,8.29,7,0,18.72,4,Resolved
ADM03149,Library,Portal Access,Medium,Email,5.92,3,0,13.4,3,Resolved
ADM03150,Admissions,Accommodation Request,High,Portal,1.7,2,0,30.57,4,Resolved
ADM03151,IT,Transcript Request,Medium,Portal,6.6,8,1,40.79,2,Resolved
ADM03152,Finance,Student ID Issue,Medium,Email,2.87,3,0,15.08,5,Resolved
ADM03153,IT,Library Issue,High,Email,3.54,4,0,14.24,4,Pending
ADM03154,Admissions,Library Issue,Medium,Helpdesk,5.86,4,0,19.22,5,Resolved
ADM03155,Admissions,Exam or Assessment Issue,Medium,Email,6.02,2,0,28.38,4,Resolved
ADM03156,IT,Student ID Issue,Medium,Portal,3.49,5,0,15.3,5,Resolved
ADM03157,Academic Affairs,Exam or Assessment Issue,Medium,Walk-in,2.33,3,0,32.55,2,Resolved
ADM03158,Registrar,Payment Issue,High,Helpdesk,3.25,5,0,36.37,4,Resolved
ADM03159,Student Affairs,Portal Access,Medium,Portal,7.27,3,1,27.99,4,Resolved
ADM03160,Finance,Exam or Assessment Issue,High,Email,2.74,4,1,41.32,2,Resolved
ADM03161,Admissions,Portal Access,Medium,Phone,8.13,4,0,18.29,4,Resolved
ADM03162,Registrar,Application Issue,Low,Walk-in,15.27,5,0,44.71,4,Resolved
ADM03163,Finance,Course Registration,Low,Helpdesk,20.96,3,0,37.47,4,Pending
ADM03164,Admissions,Fee Statement,Medium,Email,4.3,6,0,28.22,2,Resolved
ADM03165,Registrar,Password Reset,Low,Phone,8.86,4,0,25.47,3,Resolved
ADM03166,Admissions,Library Issue,Medium,Portal,4.09,3,0,13.72,5,Resolved
ADM03167,Academic Affairs,Transcript Request,Medium,Helpdesk,2.24,5,1,38.79,3,Resolved
ADM03168,Registrar,Fee Statement,Medium,Portal,9.2,3,0,28.16,4,Resolved
ADM03169,Library,Payment Issue,Medium,Portal,9.99,7,0,57.79,2,Resolved
ADM03170,Admissions,Exam or Assessment Issue,Low,Email,20.33,1,1,50.23,3,Escalated
ADM03171,IT,Application Issue,Medium,Portal,5.3,5,1,41.17,2,Escalated
ADM03172,Finance,Fee Statement,Medium,Portal,4.83,5,0,24.94,2,Resolved
ADM03173,Registrar,Application Issue,High,Email,3.99,2,0,25.22,2,Resolved
ADM03174,Registrar,Library Issue,High,Portal,2.79,4,1,27.75,2,Resolved
ADM03175,Registrar,Library Issue,High,Portal,4.73,2,0,14.71,4,Resolved
ADM03176,Registrar,Transcript Request,High,Walk-in,1.76,6,1,39.77,3,Escalated
ADM03177,IT,Portal Access,Low,Email,10.48,4,1,30.57,3,Escalated
ADM03178,Student Affairs,Payment Issue,Low,Walk-in,23.98,3,0,59.8,2,Resolved
ADM03179,Student Affairs,Accommodation Request,High,Phone,4.9,3,0,33.45,2,Resolved
ADM03180,IT,Student ID Issue,Medium,Email,9.08,5,0,20.5,5,Resolved
ADM03181,Registrar,Transcript Request,Medium,Email,5.24,6,1,45.4,3,Resolved
ADM03182,Finance,Library Issue,High,Walk-in,4.27,5,0,20.85,5,Resolved
ADM03183,Finance,Course Registration,Medium,Email,4.27,3,0,20.51,3,Pending
ADM03184,Finance,Exam or Assessment Issue,Low,Email,9.1,4,0,33.33,3,Resolved
ADM03185,Admissions,Portal Access,Medium,Portal,6.37,1,0,14.08,4,Pending
ADM03186,Admissions,Exam or Assessment Issue,Low,Portal,21.21,8,0,54.61,2,Resolved
ADM03187,Finance,Exam or Assessment Issue,High,Portal,0.94,4,0,30.61,4,Resolved
ADM03188,Finance,Graduation Clearance,Medium,Helpdesk,6.52,1,1,46.01,2,Resolved
ADM03189,Student Affairs,Student ID Issue,High,Helpdesk,3.24,3,0,17.3,5,Resolved
ADM03190,Library,Course Registration,High,Helpdesk,3.11,7,1,40.63,2,Resolved
ADM03191,Finance,Transcript Request,Low,Portal,8.37,4,0,28.47,4,Resolved
ADM03192,Academic Affairs,Fee Statement,Low,Helpdesk,5.28,7,0,34.64,3,Resolved
ADM03193,Academic Affairs,Accommodation Request,Medium,Phone,9.16,3,0,34.16,3,Resolved
ADM03194,Finance,Application Issue,High,Walk-in,3.09,2,0,24.33,3,Resolved
ADM03195,Finance,Student ID Issue,Medium,Portal,8.14,1,0,13.93,4,Resolved
ADM03196,Admissions,Student ID Issue,High,Email,2.14,8,0,19.7,3,Pending
ADM03197,Academic Affairs,Graduation Clearance,Medium,Helpdesk,2.34,3,0,31.55,4,Resolved
ADM03198,Student Affairs,Transcript Request,Medium,Portal,4.08,3,1,32.74,2,Resolved
ADM03199,Registrar,Student ID Issue,High,Helpdesk,0.83,6,0,14.69,5,Resolved
ADM03200,Finance,Application Issue,Low,Email,5.56,2,1,45.59,2,Resolved
ADM03201,IT,Application Issue,High,Helpdesk,1.47,3,0,23.96,4,Resolved
ADM03202,Admissions,Course Registration,Low,Email,16.67,4,0,40.44,3,Resolved
ADM03203,Registrar,Fee Statement,High,Portal,4.18,3,0,24.28,3,Resolved
ADM03204,Student Affairs,Application Issue,High,Portal,4.2,6,1,43.96,4,Escalated
ADM03205,IT,Accommodation Request,High,Phone,4.72,3,0,33.84,2,Resolved
ADM03206,Student Affairs,Student ID Issue,Low,Phone,17.13,5,0,34.23,2,Resolved
ADM03207,Student Affairs,Course Registration,Low,Portal,4.4,8,0,31.59,3,Resolved
ADM03208,Library,Library Issue,Medium,Email,5.02,7,0,28.97,3,Resolved
ADM03209,Admissions,Course Registration,Medium,Portal,2.89,2,0,18.56,5,Resolved
ADM03210,IT,Accommodation Request,Medium,Portal,8.22,2,0,38.22,2,Resolved
ADM03211,Registrar,Portal Access,Medium,Phone,2.96,1,0,6.42,4,Resolved
ADM03212,IT,Course Registration,Low,Email,6.12,5,0,23.62,4,Resolved
ADM03213,Registrar,Library Issue,High,Portal,0.63,3,1,25.35,4,Escalated
ADM03214,IT,Application Issue,High,Helpdesk,4.8,5,0,33.85,2,Resolved
ADM03215,Finance,Password Reset,Critical,Email,1.61,6,0,16.8,5,Resolved
ADM03216,Registrar,Password Reset,Medium,Phone,4.67,5,0,13.98,5,Resolved
ADM03217,Registrar,Password Reset,Medium,Email,5.01,2,0,10.35,5,Resolved
ADM03218,Registrar,Portal Access,Low,Email,5.19,6,1,24.55,4,Resolved
ADM03219,IT,Exam or Assessment Issue,Low,Phone,7.16,3,0,37.52,4,Resolved
ADM03220,Library,Library Issue,Medium,Portal,4.49,2,0,15.23,4,Resolved
ADM03221,Admissions,Accommodation Request,Critical,Portal,0.9,3,0,24.26,2,Resolved
ADM03222,Registrar,Graduation Clearance,Low,Helpdesk,16.4,2,0,52.46,2,Pending
ADM03223,Registrar,Transcript Request,Medium,Walk-in,4.8,3,0,28.09,3,Resolved
ADM03224,Registrar,Password Reset,Low,Helpdesk,23.09,4,0,30.83,4,Resolved
ADM03225,Registrar,Transcript Request,Medium,Phone,4.74,4,0,26.03,2,Resolved
ADM03226,Student Affairs,Portal Access,Low,Portal,22.83,4,0,39.04,2,Resolved
ADM03227,Finance,Transcript Request,Medium,Portal,7.84,5,0,33.73,3,Resolved
ADM03228,Finance,Student ID Issue,Medium,Phone,9.2,4,0,21.79,4,Resolved
ADM03229,Registrar,Portal Access,Low,Portal,18.06,5,0,28.18,2,Resolved
ADM03230,Finance,Transcript Request,Low,Email,15.37,4,0,39.32,4,Pending
ADM03231,Admissions,Course Registration,Medium,Email,6.07,3,0,22.91,4,Resolved
ADM03232,IT,Password Reset,Medium,Portal,4.33,3,0,10.7,4,Resolved
ADM03233,Finance,Fee Statement,Low,Email,9.96,4,1,43.68,2,Resolved
ADM03234,Registrar,Graduation Clearance,High,Email,1.5,4,0,44.11,4,Resolved
ADM03235,Finance,Payment Issue,Medium,Phone,5.08,4,0,43.5,4,Resolved
ADM03236,Finance,Portal Access,Medium,Email,3.02,9,1,27.12,4,Resolved
ADM03237,Registrar,Application Issue,High,Phone,2.24,4,1,35.88,4,Resolved
ADM03238,Academic Affairs,Payment Issue,Medium,Walk-in,8.67,6,1,60.07,3,Resolved
ADM03239,IT,Accommodation Request,High,Email,4.42,5,0,31.59,2,Pending
ADM03240,IT,Portal Access,High,Email,3.39,3,0,13.09,4,Resolved
ADM03241,Admissions,Portal Access,Low,Email,9.14,6,0,19.39,4,Resolved
ADM03242,Admissions,Transcript Request,High,Portal,1.58,5,0,22.04,5,Resolved
ADM03243,Admissions,Portal Access,Low,Phone,9.56,4,0,20.07,3,Resolved
ADM03244,IT,Password Reset,Medium,Portal,6.0,4,0,13.14,4,Resolved
ADM03245,IT,Library Issue,High,Portal,4.89,6,1,26.6,2,Resolved
ADM03246,Registrar,Library Issue,High,Portal,0.99,3,0,12.97,5,Resolved
ADM03247,Admissions,Accommodation Request,High,Walk-in,2.75,2,0,31.71,4,Resolved
ADM03248,Admissions,Student ID Issue,Low,Email,17.64,1,0,26.37,3,Resolved
ADM03249,Student Affairs,Exam or Assessment Issue,Medium,Walk-in,3.97,6,1,49.0,3,Resolved
ADM03250,IT,Graduation Clearance,Medium,Phone,9.75,7,0,44.99,4,Resolved
ADM03251,Admissions,Fee Statement,Medium,Email,4.79,2,0,27.48,2,Resolved
ADM03252,Registrar,Student ID Issue,Critical,Portal,1.88,4,0,13.5,4,Resolved
ADM03253,IT,Password Reset,Medium,Email,6.78,3,0,12.65,5,Pending
ADM03254,Registrar,Password Reset,Medium,Portal,2.03,5,1,22.7,3,Resolved
ADM03255,Finance,Course Registration,Low,Email,10.22,6,0,29.62,3,Resolved
ADM03256,Registrar,Library Issue,Medium,Email,2.17,3,0,12.73,5,Resolved
ADM03257,IT,Payment Issue,High,Portal,2.22,4,0,35.96,3,Resolved
ADM03258,Registrar,Application Issue,Medium,Phone,9.46,6,0,38.65,4,Resolved
ADM03259,Finance,Portal Access,High,Helpdesk,4.01,4,0,14.22,5,Resolved
ADM03260,Student Affairs,Fee Statement,Low,Phone,16.4,6,0,42.25,4,Resolved
ADM03261,Registrar,Application Issue,Medium,Portal,6.31,5,0,36.54,2,Resolved
ADM03262,Admissions,Student ID Issue,High,Helpdesk,2.18,3,0,12.25,3,Resolved
ADM03263,Admissions,Application Issue,Low,Email,8.23,2,0,37.4,2,Resolved
ADM03264,Registrar,Course Registration,Medium,Email,2.5,2,0,21.93,5,Resolved
ADM03265,Library,Fee Statement,High,Portal,1.36,4,0,18.49,5,Resolved
ADM03266,Registrar,Fee Statement,Medium,Portal,4.81,3,1,34.37,3,Escalated
ADM03267,Admissions,Course Registration,Medium,Portal,6.16,4,0,22.96,3,Resolved
ADM03268,IT,Password Reset,High,Phone,1.42,3,1,22.15,5,Resolved
ADM03269,IT,Course Registration,Critical,Email,1.95,3,0,9.83,4,Pending
ADM03270,IT,Password Reset,Low,Portal,5.54,4,1,18.66,3,Escalated
ADM03271,Finance,Payment Issue,High,Portal,0.93,4,0,38.84,4,Resolved
ADM03272,Registrar,Accommodation Request,Low,Walk-in,17.65,4,0,50.87,1,Resolved
ADM03273,IT,Password Reset,Low,Helpdesk,19.1,4,0,24.89,3,Resolved
ADM03274,Admissions,Application Issue,Medium,Phone,9.78,8,0,41.4,4,Resolved
ADM03275,Student Affairs,Password Reset,Critical,Portal,1.15,5,0,9.33,4,Resolved
ADM03276,Student Affairs,Accommodation Request,Medium,Phone,3.33,9,0,45.61,3,Resolved
ADM03277,Student Affairs,Student ID Issue,Medium,Email,9.5,5,0,27.52,4,Resolved
ADM03278,Admissions,Portal Access,Low,Helpdesk,23.6,5,0,30.17,3,Resolved
ADM03279,Finance,Course Registration,High,Walk-in,4.66,7,1,35.62,4,Resolved
ADM03280,Library,Portal Access,Medium,Portal,8.97,3,0,16.18,4,Resolved
ADM03281,Admissions,Course Registration,Medium,Walk-in,2.62,4,0,22.67,4,Resolved
ADM03282,Registrar,Graduation Clearance,High,Portal,4.35,2,0,41.25,3,Resolved
ADM03283,Student Affairs,Payment Issue,Medium,Email,9.63,5,0,46.1,3,Pending
ADM03284,Student Affairs,Library Issue,Low,Phone,15.05,6,0,34.35,4,Resolved
ADM03285,Admissions,Application Issue,Medium,Portal,8.18,8,0,36.73,4,Resolved
ADM03286,Registrar,Application Issue,High,Helpdesk,3.47,5,0,31.06,4,Pending
ADM03287,Finance,Student ID Issue,High,Portal,1.8,4,0,16.35,4,Resolved
ADM03288,Library,Exam or Assessment Issue,Low,Walk-in,15.75,6,0,47.43,3,Resolved
ADM03289,Student Affairs,Library Issue,Medium,Phone,9.11,4,1,34.5,2,Resolved
ADM03290,Registrar,Library Issue,Low,Helpdesk,13.93,2,0,29.62,2,Resolved
ADM03291,Registrar,Course Registration,Medium,Email,6.72,3,0,30.59,2,Resolved
ADM03292,Student Affairs,Application Issue,High,Portal,2.89,3,0,28.88,2,Resolved
ADM03293,Finance,Graduation Clearance,Medium,Walk-in,4.26,5,0,43.85,4,Resolved
ADM03294,Admissions,Application Issue,High,Phone,3.4,3,0,32.58,3,Resolved
ADM03295,Academic Affairs,Library Issue,High,Portal,2.79,3,0,22.02,3,Resolved
ADM03296,Registrar,Course Registration,High,Portal,1.55,4,1,27.78,4,Escalated
ADM03297,IT,Password Reset,High,Helpdesk,4.53,2,1,11.7,4,Resolved
ADM03298,Registrar,Password Reset,Medium,Phone,9.6,7,0,24.2,4,Resolved
ADM03299,Finance,Accommodation Request,Medium,Phone,2.44,6,0,39.42,2,Resolved
ADM03300,Library,Transcript Request,High,Walk-in,3.3,2,0,21.57,4,Resolved
ADM03301,Admissions,Fee Statement,High,Portal,2.37,4,0,27.12,2,Resolved
ADM03302,Academic Affairs,Payment Issue,Low,Helpdesk,14.52,6,0,55.72,2,Resolved
ADM03303,IT,Course Registration,High,Portal,2.18,5,0,20.37,3,Resolved
ADM03304,Finance,Password Reset,Low,Portal,13.49,2,0,14.61,4,Resolved
ADM03305,Finance,Student ID Issue,Low,Email,10.47,5,0,17.97,3,Resolved
ADM03306,Finance,Fee Statement,Low,Portal,6.35,7,0,29.68,2,Resolved
ADM03307,Finance,Fee Statement,Critical,Portal,0.74,4,0,23.87,4,Resolved
ADM03308,Registrar,Fee Statement,Medium,Phone,7.36,5,0,33.01,2,Resolved
ADM03309,Finance,Library Issue,Low,Helpdesk,5.01,3,0,16.26,5,Resolved
ADM03310,Admissions,Accommodation Request,Critical,Helpdesk,0.89,4,0,26.75,3,Resolved
ADM03311,IT,Student ID Issue,High,Email,0.69,3,0,10.2,3,Resolved
ADM03312,IT,Transcript Request,High,Phone,2.1,5,0,23.66,4,Pending
ADM03313,IT,Student ID Issue,Medium,Phone,2.7,3,1,26.08,4,Resolved
ADM03314,Registrar,Student ID Issue,Low,Email,10.79,4,0,23.76,5,Pending
ADM03315,Registrar,Course Registration,Medium,Portal,8.7,6,0,29.35,4,Pending
ADM03316,IT,Accommodation Request,High,Portal,3.26,4,0,33.21,4,Pending
ADM03317,Admissions,Portal Access,Medium,Email,7.46,2,0,10.9,5,Resolved
ADM03318,Registrar,Accommodation Request,Medium,Email,6.03,4,0,36.92,4,Resolved
ADM03319,Library,Portal Access,High,Walk-in,4.65,7,0,21.94,3,Resolved
ADM03320,Library,Transcript Request,Medium,Phone,6.33,2,0,24.87,4,Pending
ADM03321,Admissions,Course Registration,High,Phone,0.97,4,0,16.45,4,Resolved
ADM03322,Registrar,Library Issue,Medium,Phone,9.46,4,0,26.06,3,Resolved
ADM03323,Library,Fee Statement,Low,Email,6.66,5,0,33.98,4,Resolved
ADM03324,IT,Course Registration,Medium,Email,9.99,3,0,29.15,2,Pending
ADM03325,Library,Library Issue,High,Email,2.46,3,0,15.47,3,Resolved
ADM03326,Library,Graduation Clearance,High,Portal,0.83,4,0,36.67,3,Resolved
ADM03327,Library,Course Registration,Medium,Helpdesk,8.91,3,0,25.48,2,Resolved
ADM03328,Admissions,Library Issue,Low,Phone,5.86,7,0,25.52,4,Pending
ADM03329,Registrar,Course Registration,Low,Email,7.49,3,0,22.83,4,Resolved
ADM03330,IT,Accommodation Request,High,Email,2.38,2,1,39.44,2,Resolved
ADM03331,IT,Accommodation Request,High,Phone,3.54,2,0,30.21,4,Resolved
ADM03332,Library,Graduation Clearance,Critical,Phone,0.42,4,0,36.5,4,Resolved
ADM03333,Registrar,Accommodation Request,High,Phone,3.3,4,0,32.39,3,Resolved
ADM03334,Registrar,Fee Statement,Medium,Email,8.24,3,0,33.66,2,Resolved
ADM03335,Student Affairs,Payment Issue,Low,Portal,6.47,4,0,38.86,4,Resolved
ADM03336,Library,Application Issue,Medium,Portal,7.18,1,0,22.0,4,Resolved
ADM03337,Student Affairs,Portal Access,Low,Walk-in,23.18,3,0,28.05,3,Resolved
ADM03338,Library,Accommodation Request,Low,Email,23.35,4,0,53.02,2,Resolved
ADM03339,IT,Exam or Assessment Issue,Medium,Email,3.29,4,1,44.0,3,Escalated
ADM03340,IT,Graduation Clearance,High,Phone,3.92,4,0,35.44,4,Resolved
ADM03341,Student Affairs,Payment Issue,Medium,Email,8.77,5,1,52.43,1,Resolved
ADM03342,IT,Portal Access,Medium,Phone,9.11,2,0,13.7,4,Resolved
ADM03343,IT,Course Registration,Medium,Email,4.59,7,0,29.3,4,Resolved
ADM03344,Registrar,Transcript Request,Low,Email,9.4,3,1,37.99,4,Escalated
ADM03345,Admissions,Library Issue,High,Helpdesk,0.72,3,1,22.77,5,Resolved
ADM03346,IT,Payment Issue,High,Portal,2.3,3,1,49.66,1,Resolved
ADM03347,Finance,Student ID Issue,Medium,Email,2.99,5,0,15.41,3,Resolved
ADM03348,Registrar,Password Reset,Medium,Email,8.29,4,1,29.21,2,Resolved
ADM03349,Finance,Payment Issue,Medium,Helpdesk,3.14,5,0,40.37,2,Resolved
ADM03350,Finance,Accommodation Request,Low,Phone,20.38,3,0,46.46,2,Resolved
ADM03351,Registrar,Accommodation Request,Medium,Helpdesk,2.86,7,1,49.47,2,Resolved
ADM03352,Admissions,Payment Issue,Critical,Walk-in,1.07,4,0,38.83,2,Resolved
ADM03353,Student Affairs,Library Issue,Low,Walk-in,11.69,3,0,25.32,3,Resolved
ADM03354,Admissions,Portal Access,Medium,Portal,6.81,3,0,21.7,4,Resolved
ADM03355,Registrar,Course Registration,High,Walk-in,2.83,3,0,21.88,5,Resolved
ADM03356,Registrar,Password Reset,Medium,Portal,6.79,8,0,17.34,4,Resolved
ADM03357,IT,Course Registration,Medium,Walk-in,2.01,3,1,29.22,3,Resolved
ADM03358,Finance,Fee Statement,High,Walk-in,1.07,4,0,27.18,2,Resolved
ADM03359,Student Affairs,Library Issue,Medium,Phone,6.14,2,0,18.06,3,Resolved
ADM03360,IT,Accommodation Request,High,Portal,1.53,1,0,24.74,2,Resolved
ADM03361,Library,Fee Statement,High,Phone,0.84,2,0,19.4,3,Resolved
ADM03362,Finance,Course Registration,High,Portal,1.48,1,0,11.33,3,Resolved
ADM03363,IT,Course Registration,Critical,Portal,1.6,5,1,32.06,3,Resolved
ADM03364,Finance,Password Reset,High,Helpdesk,2.94,3,1,17.79,5,Escalated
ADM03365,Academic Affairs,Application Issue,High,Portal,1.36,4,0,25.0,2,Resolved
ADM03366,IT,Course Registration,High,Email,0.57,5,0,18.62,3,Resolved
ADM03367,Finance,Portal Access,High,Phone,2.11,6,0,12.29,3,Resolved
ADM03368,Finance,Portal Access,Critical,Phone,0.84,6,0,14.79,4,Resolved
ADM03369,Registrar,Payment Issue,High,Helpdesk,3.81,4,0,39.65,3,Pending
ADM03370,IT,Password Reset,Low,Phone,22.39,2,0,29.14,4,Resolved
ADM03371,Registrar,Password Reset,High,Email,2.17,4,1,18.42,3,Resolved
ADM03372,IT,Graduation Clearance,Low,Email,17.76,3,0,50.68,2,Resolved
ADM03373,Finance,Accommodation Request,Medium,Email,7.08,4,1,47.55,2,Escalated
ADM03374,IT,Graduation Clearance,Low,Email,12.44,2,1,54.73,2,Resolved
ADM03375,Student Affairs,Course Registration,High,Walk-in,0.8,4,0,19.05,4,Pending
ADM03376,Library,Application Issue,Medium,Portal,5.79,5,1,39.86,2,Resolved
ADM03377,Library,Student ID Issue,High,Portal,2.09,1,0,11.12,4,Resolved
ADM03378,Registrar,Fee Statement,Medium,Walk-in,6.4,3,0,30.96,2,Resolved
ADM03379,Registrar,Password Reset,Low,Portal,6.51,1,0,10.28,5,Resolved
ADM03380,IT,Payment Issue,Medium,Email,7.79,3,0,41.38,2,Resolved
ADM03381,Finance,Payment Issue,High,Portal,4.04,3,0,42.39,2,Pending
ADM03382,Admissions,Graduation Clearance,High,Email,2.25,5,0,39.26,4,Resolved
ADM03383,Registrar,Course Registration,Low,Portal,7.51,2,0,23.84,5,Resolved
ADM03384,Finance,Course Registration,Medium,Walk-in,6.99,6,1,38.51,2,Escalated
ADM03385,Registrar,Student ID Issue,High,Helpdesk,4.8,3,0,13.95,4,Resolved
ADM03386,Student Affairs,Transcript Request,Low,Email,18.01,5,0,42.69,2,Resolved
ADM03387,Finance,Transcript Request,Medium,Portal,2.99,6,0,25.87,4,Resolved
ADM03388,IT,Course Registration,Medium,Phone,5.18,6,0,28.08,2,Resolved
ADM03389,Registrar,Library Issue,High,Portal,4.62,7,0,19.49,5,Resolved
ADM03390,IT,Portal Access,Medium,Portal,7.08,3,0,17.85,4,Resolved
ADM03391,Finance,Portal Access,Medium,Email,3.18,1,0,9.14,3,Resolved
ADM03392,Student Affairs,Student ID Issue,Critical,Phone,1.5,3,0,12.98,4,Resolved
ADM03393,Student Affairs,Student ID Issue,High,Helpdesk,2.09,2,0,15.32,5,Resolved
ADM03394,Finance,Accommodation Request,Medium,Helpdesk,5.92,4,0,35.63,2,Resolved
ADM03395,Student Affairs,Application Issue,Medium,Walk-in,5.32,3,0,30.03,4,Resolved
ADM03396,Academic Affairs,Payment Issue,Medium,Email,7.81,5,0,44.58,4,Resolved
ADM03397,Student Affairs,Exam or Assessment Issue,Low,Phone,8.36,2,0,36.65,2,Pending
ADM03398,Student Affairs,Portal Access,Medium,Portal,5.11,7,0,17.15,4,Resolved
ADM03399,Finance,Library Issue,Medium,Helpdesk,7.96,6,0,24.31,2,Resolved
ADM03400,IT,Course Registration,Medium,Helpdesk,7.64,4,0,27.71,4,Resolved
ADM03401,Registrar,Password Reset,High,Helpdesk,1.41,1,0,8.84,3,Resolved
ADM03402,Registrar,Library Issue,High,Helpdesk,2.08,7,0,22.25,5,Resolved
ADM03403,Academic Affairs,Accommodation Request,Low,Portal,4.29,6,0,36.02,2,Resolved
ADM03404,Finance,Exam or Assessment Issue,Medium,Phone,6.24,3,1,42.07,3,Resolved
ADM03405,Library,Library Issue,Low,Helpdesk,9.62,4,0,23.26,3,Resolved
ADM03406,Library,Password Reset,Medium,Portal,2.09,5,0,12.95,4,Resolved
ADM03407,Student Affairs,Fee Statement,Low,Walk-in,12.49,3,0,32.42,3,Resolved
ADM03408,Academic Affairs,Transcript Request,High,Helpdesk,4.67,7,0,29.28,2,Resolved
ADM03409,Finance,Fee Statement,High,Portal,4.66,6,0,31.09,4,Resolved
ADM03410,Registrar,Payment Issue,Low,Email,11.44,4,0,51.28,2,Pending
ADM03411,Admissions,Payment Issue,High,Email,2.52,4,0,41.18,3,Resolved
ADM03412,Registrar,Portal Access,Medium,Email,3.94,7,0,16.83,3,Resolved
ADM03413,Registrar,Graduation Clearance,Medium,Portal,2.55,1,0,33.4,3,Resolved
ADM03414,Finance,Password Reset,Medium,Portal,7.55,3,1,26.29,4,Resolved
ADM03415,Library,Graduation Clearance,High,Phone,4.1,7,0,37.42,3,Resolved
ADM03416,IT,Payment Issue,High,Portal,4.46,6,0,41.53,4,Resolved
ADM03417,Finance,Student ID Issue,High,Helpdesk,4.71,3,0,23.67,3,Resolved
ADM03418,IT,Portal Access,Medium,Email,9.33,4,0,21.5,3,Resolved
ADM03419,Finance,Accommodation Request,High,Helpdesk,0.62,5,1,46.86,3,Resolved
ADM03420,Registrar,Portal Access,Critical,Email,1.96,3,1,21.74,4,Resolved
ADM03421,Library,Fee Statement,Medium,Phone,5.04,4,0,29.56,3,Resolved
ADM03422,IT,Course Registration,Low,Phone,21.72,5,0,39.68,2,Resolved
ADM03423,Library,Exam or Assessment Issue,High,Walk-in,2.48,7,1,50.57,1,Resolved
ADM03424,Registrar,Student ID Issue,Critical,Portal,0.96,4,0,14.56,5,Resolved
ADM03425,Student Affairs,Student ID Issue,Low,Email,4.22,4,0,17.98,5,Resolved
ADM03426,IT,Application Issue,Medium,Portal,2.42,4,1,43.23,3,Escalated
ADM03427,IT,Student ID Issue,Low,Email,17.43,2,1,35.19,2,Resolved
ADM03428,IT,Student ID Issue,High,Portal,4.72,5,0,17.78,4,Resolved
ADM03429,Student Affairs,Fee Statement,High,Portal,1.51,5,0,29.95,2,Resolved
ADM03430,IT,Library Issue,Medium,Phone,2.75,4,0,15.21,4,Resolved
ADM03431,IT,Student ID Issue,Medium,Walk-in,3.71,4,0,11.91,3,Resolved
ADM03432,Academic Affairs,Course Registration,High,Helpdesk,1.46,4,1,31.34,4,Escalated
ADM03433,Library,Exam or Assessment Issue,Low,Portal,9.86,2,0,36.55,3,Resolved
ADM03434,Admissions,Transcript Request,High,Email,0.93,2,0,17.06,5,Resolved
ADM03435,IT,Fee Statement,Medium,Walk-in,3.88,4,0,28.22,3,Resolved
ADM03436,Finance,Fee Statement,Medium,Portal,9.37,7,0,38.18,3,Resolved
ADM03437,Finance,Graduation Clearance,Medium,Portal,9.12,3,0,40.66,3,Resolved
ADM03438,IT,Library Issue,Medium,Portal,4.53,5,1,30.58,3,Escalated
ADM03439,Academic Affairs,Application Issue,High,Phone,4.99,5,1,47.33,2,Escalated
ADM03440,Academic Affairs,Library Issue,Critical,Helpdesk,0.74,6,0,17.73,3,Resolved
ADM03441,Finance,Exam or Assessment Issue,High,Helpdesk,3.75,4,1,48.5,1,Resolved
ADM03442,Admissions,Exam or Assessment Issue,Low,Helpdesk,16.88,3,0,43.58,4,Resolved
ADM03443,Registrar,Portal Access,Medium,Walk-in,2.52,6,1,23.53,3,Resolved
ADM03444,Academic Affairs,Graduation Clearance,Medium,Helpdesk,4.74,5,1,56.43,3,Resolved
ADM03445,Academic Affairs,Transcript Request,High,Email,4.78,1,0,18.69,5,Resolved
ADM03446,IT,Exam or Assessment Issue,Medium,Walk-in,2.41,5,0,26.03,2,Resolved
ADM03447,Library,Payment Issue,Critical,Email,0.51,4,0,39.04,3,Resolved
ADM03448,IT,Accommodation Request,Critical,Phone,1.95,5,0,41.01,4,Resolved
ADM03449,IT,Payment Issue,Medium,Email,2.32,1,1,42.53,3,Escalated
ADM03450,Registrar,Application Issue,High,Portal,2.51,5,1,40.41,3,Resolved
ADM03451,Admissions,Application Issue,Critical,Email,1.85,2,0,22.55,5,Resolved
ADM03452,IT,Student ID Issue,High,Portal,4.75,2,0,13.54,4,Resolved
ADM03453,IT,Library Issue,High,Portal,4.91,6,1,29.45,2,Resolved
ADM03454,Finance,Portal Access,High,Email,2.67,3,0,13.87,4,Resolved
ADM03455,Academic Affairs,Student ID Issue,Low,Walk-in,5.73,9,0,29.1,2,Resolved
ADM03456,Registrar,Password Reset,Medium,Helpdesk,8.18,6,0,15.32,5,Resolved
ADM03457,Admissions,Portal Access,Medium,Walk-in,7.67,4,0,21.51,4,Resolved
ADM03458,IT,Application Issue,Low,Walk-in,15.59,7,0,43.52,4,Resolved
ADM03459,IT,Application Issue,High,Walk-in,4.5,5,0,33.07,2,Resolved
ADM03460,IT,Fee Statement,Medium,Helpdesk,9.29,3,0,34.63,4,Resolved
ADM03461,Finance,Password Reset,Medium,Portal,7.47,6,0,17.94,3,Resolved
ADM03462,Registrar,Student ID Issue,Medium,Portal,2.9,3,0,9.82,3,Resolved
ADM03463,IT,Application Issue,Critical,Helpdesk,0.37,3,0,22.12,4,Resolved
ADM03464,IT,Password Reset,High,Portal,2.34,3,0,11.65,5,Resolved
ADM03465,Registrar,Transcript Request,Low,Email,9.85,3,0,32.68,2,Resolved
ADM03466,IT,Accommodation Request,Critical,Phone,0.44,4,0,25.72,3,Resolved
ADM03467,Admissions,Library Issue,Medium,Email,6.89,4,0,25.34,3,Resolved
ADM03468,IT,Application Issue,High,Portal,3.58,6,0,30.38,4,Resolved
ADM03469,Student Affairs,Transcript Request,High,Email,3.64,3,0,21.58,4,Pending
ADM03470,Registrar,Portal Access,High,Walk-in,1.29,4,0,12.66,5,Resolved
ADM03471,Registrar,Library Issue,High,Helpdesk,1.88,3,0,7.95,4,Resolved
ADM03472,Library,Password Reset,Medium,Email,3.59,6,0,15.45,3,Resolved
ADM03473,IT,Library Issue,Medium,Email,6.81,3,0,18.98,5,Resolved
ADM03474,IT,Payment Issue,Medium,Email,6.54,6,0,47.38,3,Resolved
ADM03475,Student Affairs,Fee Statement,Medium,Phone,6.03,2,0,26.72,2,Resolved
ADM03476,Library,Password Reset,Medium,Portal,4.37,2,0,12.57,5,Resolved
ADM03477,Academic Affairs,Transcript Request,Medium,Portal,3.9,5,0,23.93,3,Resolved
ADM03478,Admissions,Application Issue,Medium,Email,9.12,3,0,35.49,4,Resolved
ADM03479,Admissions,Password Reset,Medium,Portal,2.39,3,0,8.1,3,Resolved
ADM03480,Admissions,Course Registration,Medium,Portal,7.25,4,0,20.16,4,Pending
ADM03481,Registrar,Payment Issue,High,Phone,0.59,5,1,46.12,4,Resolved
ADM03482,IT,Transcript Request,Medium,Email,3.55,5,0,26.44,2,Resolved
ADM03483,Finance,Portal Access,Critical,Phone,0.72,4,0,10.56,5,Resolved
ADM03484,Academic Affairs,Graduation Clearance,Low,Portal,21.73,7,0,58.47,1,Resolved
ADM03485,IT,Course Registration,Medium,Portal,3.1,4,0,18.61,5,Resolved
ADM03486,IT,Password Reset,Medium,Portal,9.5,2,0,14.64,4,Resolved
ADM03487,Finance,Fee Statement,Low,Phone,20.31,1,0,44.34,3,Pending
ADM03488,Registrar,Graduation Clearance,Medium,Portal,7.43,7,0,45.53,2,Pending
ADM03489,Registrar,Course Registration,High,Helpdesk,2.35,6,1,29.65,2,Escalated
ADM03490,Admissions,Library Issue,Medium,Email,9.24,4,0,31.4,2,Resolved
ADM03491,Registrar,Password Reset,Medium,Email,6.22,2,0,4.58,4,Resolved
ADM03492,IT,Transcript Request,Medium,Email,4.97,2,1,38.38,3,Resolved
ADM03493,Student Affairs,Password Reset,High,Portal,3.14,2,0,8.6,5,Resolved
ADM03494,Student Affairs,Fee Statement,Medium,Email,3.86,2,1,34.03,2,Escalated
ADM03495,IT,Accommodation Request,High,Email,1.73,4,0,30.56,2,Resolved
ADM03496,Registrar,Library Issue,Medium,Portal,9.35,2,0,19.72,5,Resolved
ADM03497,Student Affairs,Application Issue,Medium,Phone,8.35,3,0,32.38,2,Resolved
ADM03498,Student Affairs,Password Reset,Low,Walk-in,14.27,8,0,33.67,2,Resolved
ADM03499,Registrar,Fee Statement,High,Portal,2.37,5,0,24.47,3,Resolved
ADM03500,Library,Course Registration,High,Portal,4.13,3,1,30.13,3,Resolved
ADM03501,Finance,Course Registration,Medium,Walk-in,6.57,4,0,24.22,2,Resolved
ADM03502,Library,Exam or Assessment Issue,Low,Portal,12.3,3,0,38.68,3,Resolved
ADM03503,Academic Affairs,Transcript Request,Medium,Walk-in,6.12,3,0,31.05,4,Resolved
ADM03504,Registrar,Library Issue,Medium,Helpdesk,3.86,4,0,17.27,3,Resolved
ADM03505,Student Affairs,Course Registration,Medium,Helpdesk,3.62,4,0,18.97,5,Resolved
ADM03506,IT,Exam or Assessment Issue,High,Portal,4.95,3,0,37.53,4,Resolved
ADM03507,Academic Affairs,Graduation Clearance,High,Portal,4.86,2,0,34.12,2,Resolved
ADM03508,Admissions,Application Issue,Medium,Phone,5.37,6,0,34.55,4,Resolved
ADM03509,Student Affairs,Accommodation Request,Critical,Portal,1.13,6,0,32.01,2,Resolved
ADM03510,Registrar,Graduation Clearance,High,Walk-in,4.22,4,0,37.26,4,Resolved
ADM03511,Finance,Accommodation Request,Medium,Portal,7.81,3,0,38.43,2,Resolved
ADM03512,Registrar,Transcript Request,Medium,Walk-in,2.8,4,0,24.46,3,Resolved
ADM03513,Academic Affairs,Password Reset,High,Email,2.19,5,0,10.31,5,Resolved
ADM03514,Student Affairs,Exam or Assessment Issue,Medium,Email,4.0,4,1,42.59,2,Resolved
ADM03515,Student Affairs,Course Registration,Medium,Phone,9.94,2,0,29.32,2,Resolved
ADM03516,Academic Affairs,Fee Statement,High,Portal,3.87,3,0,23.95,4,Pending
ADM03517,Registrar,Portal Access,Medium,Email,2.38,5,0,15.99,5,Resolved
ADM03518,Finance,Accommodation Request,High,Portal,4.55,5,0,32.24,3,Resolved
ADM03519,Registrar,Student ID Issue,Medium,Email,9.42,3,0,17.34,5,Resolved
ADM03520,Registrar,Transcript Request,Medium,Phone,4.67,2,1,33.21,4,Resolved
ADM03521,Finance,Password Reset,Low,Portal,16.84,2,0,20.55,4,Resolved
ADM03522,Admissions,Payment Issue,Medium,Email,7.46,3,1,56.86,2,Resolved
ADM03523,Finance,Transcript Request,Medium,Portal,7.84,4,1,41.43,4,Resolved
ADM03524,Registrar,Fee Statement,Medium,Email,7.55,7,0,38.89,4,Resolved
ADM03525,Registrar,Portal Access,High,Phone,3.02,5,0,20.64,5,Resolved
ADM03526,Registrar,Student ID Issue,Medium,Email,9.63,4,0,19.37,4,Pending
ADM03527,Academic Affairs,Accommodation Request,Low,Walk-in,14.25,5,0,42.95,3,Resolved
ADM03528,Library,Library Issue,Medium,Email,2.89,6,1,30.97,2,Resolved
ADM03529,Academic Affairs,Student ID Issue,Medium,Portal,2.64,4,0,15.03,4,Resolved
ADM03530,Admissions,Exam or Assessment Issue,Low,Phone,4.37,8,0,38.83,2,Resolved
ADM03531,Finance,Accommodation Request,Low,Email,12.56,6,0,44.34,2,Resolved
ADM03532,Library,Payment Issue,High,Email,1.73,4,0,35.24,3,Resolved
ADM03533,Finance,Graduation Clearance,Low,Portal,21.9,7,0,59.8,3,Pending
ADM03534,Finance,Payment Issue,High,Email,4.4,3,0,37.23,3,Resolved
ADM03535,Finance,Accommodation Request,Medium,Portal,8.7,2,0,39.03,3,Pending
ADM03536,Registrar,Library Issue,High,Phone,4.4,4,0,18.46,3,Pending
ADM03537,Finance,Graduation Clearance,Low,Email,9.95,2,0,44.3,2,Resolved
ADM03538,Finance,Transcript Request,High,Portal,2.42,4,0,20.6,4,Pending
ADM03539,IT,Library Issue,Low,Helpdesk,10.23,3,0,22.98,5,Resolved
ADM03540,Registrar,Course Registration,Medium,Helpdesk,2.69,4,1,28.74,4,Resolved
ADM03541,Registrar,Accommodation Request,Medium,Email,9.39,5,1,50.17,2,Resolved
ADM03542,Library,Accommodation Request,High,Email,3.27,4,0,36.2,4,Resolved
ADM03543,Registrar,Library Issue,High,Portal,1.1,3,1,28.05,4,Resolved
ADM03544,Finance,Exam or Assessment Issue,Medium,Email,3.65,5,1,47.22,2,Escalated
ADM03545,Student Affairs,Application Issue,Medium,Email,5.61,3,0,27.46,3,Pending
ADM03546,Registrar,Application Issue,High,Email,0.73,4,1,38.99,4,Resolved
ADM03547,Registrar,Fee Statement,High,Email,1.72,5,0,24.73,3,Resolved
ADM03548,Admissions,Application Issue,Medium,Portal,7.63,4,0,35.98,2,Resolved
ADM03549,Finance,Payment Issue,High,Portal,4.64,6,1,50.25,2,Resolved
ADM03550,IT,Course Registration,Medium,Email,9.43,6,0,31.41,4,Resolved
ADM03551,Library,Accommodation Request,Low,Portal,14.4,5,0,43.2,2,Resolved
ADM03552,Registrar,Student ID Issue,Low,Portal,10.24,3,0,23.74,4,Resolved
ADM03553,IT,Payment Issue,High,Phone,4.64,4,0,37.7,2,Pending
ADM03554,Admissions,Fee Statement,Medium,Helpdesk,8.29,4,0,33.58,2,Resolved
ADM03555,Registrar,Portal Access,Low,Helpdesk,15.74,2,0,24.7,3,Resolved
ADM03556,IT,Course Registration,Medium,Portal,8.68,4,0,25.01,3,Resolved
ADM03557,Finance,Application Issue,Medium,Walk-in,5.67,3,1,38.88,2,Resolved
ADM03558,Admissions,Password Reset,Low,Email,6.24,4,0,15.18,5,Pending
ADM03559,Registrar,Transcript Request,Low,Portal,22.76,7,1,60.95,3,Resolved
ADM03560,Admissions,Student ID Issue,High,Phone,2.9,6,1,32.86,2,Resolved
ADM03561,Finance,Accommodation Request,Medium,Portal,7.56,6,0,43.35,2,Pending
ADM03562,Student Affairs,Graduation Clearance,Medium,Email,5.14,5,0,43.9,2,Resolved
ADM03563,Registrar,Portal Access,High,Email,1.11,11,1,33.14,3,Resolved
ADM03564,Admissions,Transcript Request,High,Portal,1.72,5,0,23.76,5,Resolved
ADM03565,Admissions,Library Issue,Medium,Phone,2.35,3,0,16.29,4,Resolved
ADM03566,IT,Library Issue,Medium,Helpdesk,2.7,3,0,15.23,4,Resolved
ADM03567,IT,Course Registration,High,Email,1.42,5,1,32.51,2,Escalated
ADM03568,IT,Graduation Clearance,Medium,Helpdesk,6.49,7,0,38.04,4,Resolved
ADM03569,Library,Course Registration,Medium,Email,9.94,3,0,30.94,2,Resolved
ADM03570,Student Affairs,Course Registration,Medium,Helpdesk,8.75,9,1,50.24,3,Escalated
ADM03571,Finance,Graduation Clearance,High,Walk-in,0.89,2,0,28.11,3,Resolved
ADM03572,Admissions,Payment Issue,Medium,Email,8.74,5,1,59.1,2,Resolved
ADM03573,Student Affairs,Payment Issue,High,Email,2.91,3,0,40.76,2,Resolved
ADM03574,Academic Affairs,Library Issue,Medium,Email,7.28,5,0,23.34,5,Resolved
ADM03575,Student Affairs,Course Registration,High,Helpdesk,1.08,3,0,11.58,3,Resolved
ADM03576,Finance,Student ID Issue,Medium,Portal,5.16,4,0,16.32,4,Resolved
ADM03577,Registrar,Fee Statement,Medium,Phone,9.07,4,0,31.03,2,Resolved
ADM03578,Admissions,Exam or Assessment Issue,Medium,Email,5.4,2,0,34.9,3,Resolved
ADM03579,Library,Course Registration,Low,Helpdesk,6.54,2,0,21.5,4,Resolved
ADM03580,Admissions,Accommodation Request,Medium,Email,4.49,3,0,33.95,4,Resolved
ADM03581,Admissions,Student ID Issue,High,Email,1.5,4,1,26.0,2,Resolved
ADM03582,Student Affairs,Graduation Clearance,High,Portal,3.59,4,0,37.12,2,Resolved
ADM03583,Finance,Accommodation Request,Low,Portal,22.22,5,1,61.73,2,Resolved
ADM03584,Student Affairs,Password Reset,Medium,Email,7.87,7,0,22.94,4,Resolved
ADM03585,Admissions,Graduation Clearance,Low,Portal,20.87,2,0,52.74,1,Resolved
ADM03586,Finance,Library Issue,High,Email,4.13,5,0,18.98,5,Resolved
ADM03587,Admissions,Course Registration,Low,Portal,4.29,5,0,22.18,5,Pending
ADM03588,Library,Application Issue,High,Portal,1.06,5,0,21.79,4,Resolved
ADM03589,Registrar,Transcript Request,Medium,Email,5.39,11,1,50.95,3,Resolved
ADM03590,Registrar,Course Registration,Medium,Portal,2.9,4,0,23.98,4,Resolved
ADM03591,Academic Affairs,Fee Statement,Medium,Phone,7.88,5,0,39.28,3,Resolved
ADM03592,Registrar,Password Reset,Medium,Email,2.56,4,0,14.63,5,Resolved
ADM03593,IT,Course Registration,High,Portal,2.37,3,0,21.79,4,Resolved
ADM03594,IT,Exam or Assessment Issue,High,Phone,2.27,3,0,29.93,4,Resolved
ADM03595,Admissions,Transcript Request,High,Email,2.95,3,0,20.39,5,Pending
ADM03596,IT,Transcript Request,High,Portal,3.33,3,0,24.92,4,Pending
ADM03597,Finance,Payment Issue,Low,Email,22.94,2,0,56.0,1,Resolved
ADM03598,IT,Graduation Clearance,Low,Email,9.42,6,0,50.72,3,Resolved
ADM03599,Finance,Fee Statement,High,Walk-in,3.5,4,0,27.85,2,Resolved
ADM03600,IT,Fee Statement,High,Email,0.66,6,1,37.71,2,Resolved
ADM03601,Registrar,Student ID Issue,High,Portal,0.5,4,0,9.89,3,Resolved
ADM03602,IT,Application Issue,Medium,Phone,2.2,2,1,39.09,2,Resolved
ADM03603,Registrar,Fee Statement,Medium,Email,5.59,5,0,28.55,4,Resolved
ADM03604,Finance,Exam or Assessment Issue,Medium,Portal,6.44,5,0,37.9,2,Resolved
ADM03605,Registrar,Password Reset,High,Helpdesk,0.53,2,1,19.59,3,Resolved
ADM03606,Registrar,Application Issue,High,Portal,2.28,7,0,32.95,3,Resolved
ADM03607,Student Affairs,Payment Issue,Medium,Email,2.33,4,0,39.21,3,Pending
ADM03608,Finance,Graduation Clearance,Medium,Portal,7.23,4,1,46.99,2,Escalated
ADM03609,Academic Affairs,Fee Statement,Medium,Email,7.05,6,0,30.04,2,Resolved
ADM03610,Academic Affairs,Graduation Clearance,Low,Email,19.68,3,0,48.7,3,Resolved
ADM03611,IT,Payment Issue,Medium,Walk-in,6.37,4,1,54.98,3,Escalated
ADM03612,Registrar,Graduation Clearance,Critical,Email,1.32,3,0,30.92,3,Resolved
ADM03613,Finance,Transcript Request,High,Email,1.76,4,0,25.51,4,Resolved
ADM03614,Library,Course Registration,High,Portal,0.88,6,1,28.14,3,Resolved
ADM03615,Finance,Fee Statement,Medium,Helpdesk,7.9,3,0,30.11,4,Resolved
ADM03616,Registrar,Exam or Assessment Issue,Medium,Email,6.89,6,0,36.08,4,Resolved
ADM03617,IT,Transcript Request,Critical,Email,1.89,4,0,21.95,3,Resolved
ADM03618,Student Affairs,Course Registration,Medium,Portal,9.91,3,0,30.37,3,Resolved
ADM03619,Library,Course Registration,High,Portal,4.31,4,0,15.93,5,Pending
ADM03620,Registrar,Transcript Request,High,Portal,4.94,4,1,40.55,4,Resolved
ADM03621,IT,Accommodation Request,Medium,Helpdesk,7.18,4,0,38.57,3,Resolved
ADM03622,Finance,Application Issue,Medium,Email,2.74,2,0,22.16,5,Resolved
ADM03623,Registrar,Accommodation Request,Medium,Email,2.72,4,1,45.1,3,Escalated
ADM03624,Student Affairs,Library Issue,Low,Email,20.14,5,0,33.97,2,Resolved
ADM03625,Finance,Exam or Assessment Issue,Medium,Phone,3.89,3,0,29.75,3,Resolved
ADM03626,Finance,Portal Access,High,Portal,0.77,4,0,15.05,4,Resolved
ADM03627,Registrar,Course Registration,High,Walk-in,2.63,5,0,18.37,3,Resolved
ADM03628,Student Affairs,Student ID Issue,Medium,Helpdesk,4.52,4,1,26.26,3,Resolved
ADM03629,Library,Application Issue,Medium,Email,6.71,4,0,34.98,3,Resolved
ADM03630,IT,Graduation Clearance,Medium,Helpdesk,6.8,4,1,48.56,3,Resolved
ADM03631,Library,Course Registration,Medium,Email,7.45,4,0,19.65,4,Resolved
ADM03632,Registrar,Password Reset,Medium,Portal,6.61,1,0,7.3,4,Resolved
ADM03633,Admissions,Student ID Issue,High,Walk-in,2.21,5,0,17.13,5,Resolved
ADM03634,Finance,Exam or Assessment Issue,Medium,Phone,2.19,1,0,19.08,3,Resolved
ADM03635,Registrar,Library Issue,Low,Walk-in,22.1,2,0,27.14,4,Resolved
ADM03636,Admissions,Library Issue,Medium,Portal,4.62,2,0,16.81,4,Resolved
ADM03637,Academic Affairs,Password Reset,Medium,Helpdesk,6.06,3,0,9.27,3,Resolved
ADM03638,Registrar,Transcript Request,Medium,Walk-in,6.46,3,0,28.95,2,Resolved
ADM03639,Finance,Application Issue,Medium,Portal,4.52,3,0,30.61,3,Resolved
ADM03640,Registrar,Payment Issue,Medium,Helpdesk,4.47,5,0,40.85,2,Resolved
ADM03641,Finance,Application Issue,High,Helpdesk,1.67,3,0,28.43,2,Resolved
ADM03642,Student Affairs,Student ID Issue,High,Portal,1.6,4,1,23.95,4,Resolved
ADM03643,Admissions,Accommodation Request,High,Phone,0.64,4,0,30.49,3,Resolved
ADM03644,Admissions,Payment Issue,Medium,Walk-in,9.66,3,1,55.03,3,Resolved
ADM03645,Library,Graduation Clearance,Low,Walk-in,15.91,2,0,45.97,3,Pending
ADM03646,Registrar,Library Issue,Medium,Email,2.86,2,1,24.89,4,Resolved
ADM03647,Admissions,Library Issue,High,Phone,3.16,5,0,14.68,4,Resolved
ADM03648,Admissions,Transcript Request,Medium,Helpdesk,3.86,3,0,30.11,3,Resolved
ADM03649,IT,Portal Access,Medium,Email,4.49,3,1,26.25,2,Escalated
ADM03650,Academic Affairs,Application Issue,Medium,Walk-in,8.41,2,0,32.62,3,Pending
ADM03651,Library,Transcript Request,High,Portal,4.49,2,0,25.92,2,Pending
ADM03652,Finance,Graduation Clearance,High,Email,3.65,3,0,39.66,3,Resolved
ADM03653,Student Affairs,Student ID Issue,Low,Email,22.65,2,0,31.53,3,Resolved
ADM03654,Registrar,Payment Issue,High,Walk-in,4.57,2,0,35.09,3,Resolved
ADM03655,Registrar,Password Reset,Low,Portal,15.02,7,0,23.8,3,Resolved
ADM03656,Registrar,Course Registration,Medium,Portal,9.26,2,1,36.7,4,Escalated
ADM03657,Finance,Accommodation Request,Low,Portal,14.9,3,0,47.77,2,Pending
ADM03658,Admissions,Student ID Issue,Low,Portal,6.09,5,0,18.02,5,Resolved
ADM03659,IT,Graduation Clearance,Low,Email,20.59,2,0,52.65,1,Resolved
ADM03660,Academic Affairs,Course Registration,High,Phone,1.09,4,0,22.54,4,Resolved
ADM03661,Admissions,Graduation Clearance,High,Phone,1.92,7,0,42.68,2,Resolved
ADM03662,Admissions,Application Issue,Low,Email,11.6,3,0,37.89,4,Resolved
ADM03663,Registrar,Password Reset,Medium,Portal,8.46,4,0,23.47,4,Resolved
ADM03664,Registrar,Library Issue,Medium,Phone,2.67,4,0,15.58,5,Resolved
ADM03665,IT,Transcript Request,Medium,Email,5.56,5,1,37.91,4,Resolved
ADM03666,Admissions,Payment Issue,High,Helpdesk,2.47,3,0,34.42,3,Resolved
ADM03667,Student Affairs,Transcript Request,Low,Portal,15.64,3,0,31.84,2,Resolved
ADM03668,Registrar,Payment Issue,Medium,Email,4.83,6,0,44.57,3,Resolved
ADM03669,Registrar,Portal Access,Medium,Portal,6.62,5,0,14.56,5,Resolved
ADM03670,Admissions,Portal Access,Low,Portal,23.72,3,0,25.5,4,Resolved
ADM03671,Finance,Graduation Clearance,Medium,Email,2.57,2,0,32.17,2,Resolved
ADM03672,Registrar,Transcript Request,High,Email,4.44,5,0,26.18,4,Resolved
ADM03673,IT,Exam or Assessment Issue,High,Email,1.89,5,1,44.91,2,Escalated
ADM03674,Registrar,Payment Issue,Low,Portal,13.31,2,0,41.53,4,Resolved
ADM03675,IT,Payment Issue,High,Portal,3.84,5,0,37.41,4,Resolved
ADM03676,Finance,Course Registration,High,Helpdesk,4.6,2,0,17.69,4,Resolved
ADM03677,Registrar,Transcript Request,Medium,Portal,2.07,2,0,18.87,3,Pending
ADM03678,Finance,Fee Statement,Medium,Walk-in,7.3,6,0,30.41,4,Pending
ADM03679,Library,Exam or Assessment Issue,Low,Phone,5.39,2,0,30.66,3,Resolved
ADM03680,Finance,Application Issue,Medium,Portal,6.21,4,0,33.18,4,Resolved
ADM03681,Library,Exam or Assessment Issue,High,Phone,3.87,5,0,28.96,2,Resolved
ADM03682,Registrar,Library Issue,Medium,Portal,3.36,3,0,17.53,3,Resolved
ADM03683,Library,Portal Access,Low,Portal,19.28,3,0,29.76,3,Resolved
ADM03684,Finance,Fee Statement,Medium,Portal,4.48,3,0,23.11,3,Pending
ADM03685,IT,Portal Access,Medium,Walk-in,6.88,3,0,19.24,3,Resolved
ADM03686,IT,Password Reset,Medium,Portal,7.26,4,0,18.09,5,Resolved
ADM03687,Academic Affairs,Portal Access,High,Portal,3.42,3,0,9.99,5,Resolved
ADM03688,Finance,Student ID Issue,Low,Email,4.37,1,0,9.47,4,Resolved
ADM03689,Registrar,Portal Access,Medium,Portal,3.22,3,0,6.93,5,Resolved
ADM03690,Registrar,Course Registration,Medium,Email,8.85,5,1,34.04,2,Resolved
ADM03691,Student Affairs,Fee Statement,High,Helpdesk,4.73,6,1,40.12,2,Resolved
ADM03692,Admissions,Password Reset,Medium,Portal,6.51,5,0,15.47,4,Pending
ADM03693,Library,Payment Issue,Low,Email,15.94,5,0,54.62,3,Resolved
ADM03694,Finance,Graduation Clearance,Low,Email,19.1,5,0,57.21,1,Resolved
ADM03695,Finance,Payment Issue,Medium,Email,5.25,8,0,43.92,2,Resolved
ADM03696,Registrar,Password Reset,Low,Email,10.56,2,0,15.46,5,Resolved
ADM03697,Academic Affairs,Accommodation Request,Medium,Helpdesk,8.15,3,0,38.2,4,Resolved
ADM03698,IT,Exam or Assessment Issue,High,Helpdesk,0.63,2,0,27.76,3,Resolved
ADM03699,Academic Affairs,Transcript Request,Medium,Helpdesk,9.08,5,0,29.78,4,Resolved
ADM03700,Finance,Accommodation Request,Medium,Phone,5.53,4,0,36.95,2,Resolved
ADM03701,IT,Fee Statement,High,Phone,2.77,7,0,32.87,3,Resolved
ADM03702,IT,Portal Access,Medium,Helpdesk,7.07,5,0,22.98,5,Resolved
ADM03703,Finance,Payment Issue,Low,Helpdesk,9.49,5,0,46.74,3,Resolved
ADM03704,Student Affairs,Course Registration,Medium,Helpdesk,6.78,5,0,25.74,4,Resolved
ADM03705,Academic Affairs,Accommodation Request,High,Helpdesk,3.62,2,0,28.47,2,Resolved
ADM03706,Student Affairs,Exam or Assessment Issue,High,Phone,1.03,7,0,30.65,2,Resolved
ADM03707,Library,Portal Access,Low,Email,14.41,4,1,33.11,3,Resolved
ADM03708,Finance,Library Issue,Medium,Portal,4.64,3,0,13.31,4,Resolved
ADM03709,Finance,Transcript Request,High,Phone,3.01,4,1,32.54,3,Resolved
ADM03710,Academic Affairs,Password Reset,Medium,Portal,2.17,3,0,4.66,5,Resolved
ADM03711,Registrar,Portal Access,High,Walk-in,3.84,3,0,8.42,5,Resolved
ADM03712,IT,Transcript Request,Medium,Walk-in,3.35,3,0,20.03,4,Resolved
ADM03713,IT,Transcript Request,Critical,Portal,1.44,3,0,22.2,5,Resolved
ADM03714,IT,Payment Issue,High,Email,3.96,3,0,40.28,3,Resolved
ADM03715,Academic Affairs,Payment Issue,Low,Portal,19.05,7,0,59.26,3,Pending
ADM03716,Finance,Fee Statement,Medium,Email,8.54,7,0,37.19,4,Resolved
ADM03717,Finance,Library Issue,Low,Portal,10.15,5,0,27.37,3,Resolved
ADM03718,Registrar,Password Reset,Medium,Phone,9.74,2,1,23.55,4,Resolved
ADM03719,Admissions,Transcript Request,High,Email,0.61,7,1,36.71,4,Escalated
ADM03720,Finance,Fee Statement,Medium,Email,5.85,6,0,29.93,4,Resolved
ADM03721,Finance,Student ID Issue,High,Portal,1.72,7,1,29.44,2,Escalated
ADM03722,Student Affairs,Accommodation Request,Medium,Walk-in,7.92,5,0,38.92,4,Resolved
ADM03723,Academic Affairs,Application Issue,High,Email,4.12,4,1,40.99,3,Resolved
ADM03724,Registrar,Transcript Request,Medium,Walk-in,8.58,4,0,28.54,2,Resolved
ADM03725,Finance,Fee Statement,High,Portal,1.84,3,1,38.39,4,Escalated
ADM03726,Academic Affairs,Library Issue,Low,Email,9.48,3,0,25.81,2,Resolved
ADM03727,Registrar,Payment Issue,Medium,Portal,7.42,3,0,45.71,3,Resolved
ADM03728,Registrar,Transcript Request,Medium,Helpdesk,9.43,4,0,25.43,3,Resolved
ADM03729,Registrar,Transcript Request,Medium,Portal,4.03,1,0,21.64,5,Resolved
ADM03730,IT,Portal Access,Medium,Phone,9.28,4,0,24.25,3,Resolved
ADM03731,Registrar,Library Issue,Medium,Walk-in,6.73,8,1,36.89,2,Resolved
ADM03732,Academic Affairs,Password Reset,Critical,Walk-in,1.53,3,0,8.92,3,Resolved
ADM03733,Admissions,Payment Issue,Low,Email,12.8,5,0,51.02,3,Resolved
ADM03734,Admissions,Transcript Request,High,Phone,4.13,3,1,40.11,4,Resolved
ADM03735,Finance,Accommodation Request,Medium,Helpdesk,9.76,2,0,38.88,3,Resolved
ADM03736,Admissions,Payment Issue,Medium,Phone,3.36,3,0,40.96,2,Resolved
ADM03737,IT,Accommodation Request,Medium,Walk-in,5.08,5,1,46.43,2,Resolved
ADM03738,Library,Application Issue,High,Portal,4.38,5,0,33.82,4,Resolved
ADM03739,Library,Graduation Clearance,Medium,Portal,3.41,4,0,36.36,3,Pending
ADM03740,IT,Graduation Clearance,High,Phone,2.36,4,0,41.78,4,Resolved
ADM03741,Student Affairs,Exam or Assessment Issue,Low,Portal,7.32,5,0,33.99,2,Pending
ADM03742,Student Affairs,Exam or Assessment Issue,High,Helpdesk,3.42,4,0,27.94,3,Pending
ADM03743,Library,Password Reset,Medium,Helpdesk,3.91,6,0,11.23,3,Resolved
ADM03744,Registrar,Graduation Clearance,Medium,Walk-in,5.05,8,1,56.11,2,Escalated
ADM03745,Registrar,Application Issue,Medium,Helpdesk,5.93,6,0,40.77,2,Resolved
ADM03746,Registrar,Transcript Request,Medium,Portal,4.38,3,1,34.04,4,Resolved
ADM03747,IT,Portal Access,Medium,Helpdesk,7.44,3,0,23.15,4,Resolved
ADM03748,Admissions,Password Reset,Medium,Portal,2.89,4,0,15.09,5,Resolved
ADM03749,Admissions,Exam or Assessment Issue,Medium,Email,9.04,2,0,35.91,3,Resolved
ADM03750,Student Affairs,Portal Access,Medium,Phone,5.85,4,0,12.43,5,Resolved
ADM03751,Student Affairs,Fee Statement,Medium,Portal,6.58,3,0,31.53,4,Resolved
ADM03752,Student Affairs,Student ID Issue,Medium,Helpdesk,6.98,5,0,27.61,3,Pending
ADM03753,Finance,Library Issue,High,Portal,0.77,4,0,18.03,5,Resolved
ADM03754,IT,Fee Statement,High,Helpdesk,3.91,5,0,32.59,3,Resolved
ADM03755,Finance,Application Issue,Medium,Email,9.57,5,0,34.68,2,Resolved
ADM03756,Registrar,Accommodation Request,Medium,Walk-in,6.16,3,0,35.94,3,Resolved
ADM03757,Registrar,Exam or Assessment Issue,Medium,Walk-in,5.13,2,0,35.12,2,Resolved
ADM03758,Finance,Application Issue,High,Phone,4.03,4,0,32.27,2,Pending
ADM03759,Admissions,Password Reset,High,Portal,3.74,4,0,8.04,4,Resolved
ADM03760,Student Affairs,Exam or Assessment Issue,Low,Walk-in,17.02,4,0,46.33,2,Resolved
ADM03761,Registrar,Password Reset,High,Portal,4.84,1,0,8.54,5,Resolved
ADM03762,Library,Application Issue,Low,Phone,15.64,8,0,46.74,2,Pending
ADM03763,Admissions,Transcript Request,Medium,Portal,3.99,2,1,33.75,3,Escalated
ADM03764,Finance,Application Issue,High,Email,0.61,5,0,26.61,4,Resolved
ADM03765,Admissions,Password Reset,High,Email,2.54,7,1,26.27,4,Resolved
ADM03766,Finance,Password Reset,High,Portal,3.44,3,0,8.67,4,Resolved
ADM03767,IT,Payment Issue,Medium,Helpdesk,3.38,5,0,39.21,3,Pending
ADM03768,Admissions,Course Registration,Medium,Portal,2.21,3,0,16.04,3,Resolved
ADM03769,Registrar,Portal Access,High,Walk-in,4.59,4,0,13.78,5,Resolved
ADM03770,Registrar,Fee Statement,High,Portal,1.86,1,0,22.11,3,Resolved
ADM03771,Admissions,Exam or Assessment Issue,Medium,Helpdesk,5.73,4,0,34.92,3,Resolved
ADM03772,Student Affairs,Application Issue,Medium,Portal,2.73,5,0,29.15,2,Resolved
ADM03773,Finance,Payment Issue,High,Email,2.22,3,0,39.03,4,Resolved
ADM03774,Library,Transcript Request,High,Walk-in,2.41,5,1,41.6,2,Resolved
ADM03775,IT,Graduation Clearance,High,Phone,4.56,4,0,42.1,3,Pending
ADM03776,Academic Affairs,Password Reset,High,Portal,4.39,1,0,7.38,5,Resolved
ADM03777,Student Affairs,Application Issue,Low,Portal,7.78,7,0,38.32,3,Resolved
ADM03778,IT,Password Reset,Medium,Email,6.45,3,0,15.96,3,Resolved
ADM03779,IT,Accommodation Request,High,Portal,3.79,6,1,47.09,2,Escalated
ADM03780,Student Affairs,Payment Issue,Low,Phone,9.84,4,0,47.88,2,Resolved
ADM03781,Finance,Application Issue,High,Portal,2.27,2,0,24.23,3,Resolved
ADM03782,Finance,Accommodation Request,High,Portal,4.93,4,1,49.58,2,Resolved
ADM03783,Registrar,Student ID Issue,Medium,Portal,8.08,1,0,15.81,5,Resolved
ADM03784,Student Affairs,Exam or Assessment Issue,High,Email,2.47,2,0,27.93,3,Resolved
ADM03785,Library,Payment Issue,High,Phone,2.9,4,1,52.07,1,Escalated
ADM03786,Registrar,Application Issue,Medium,Phone,7.01,7,0,36.71,4,Resolved
ADM03787,IT,Application Issue,High,Email,2.74,6,0,31.55,2,Resolved
ADM03788,Admissions,Library Issue,Medium,Email,5.29,3,0,19.99,4,Resolved
ADM03789,Registrar,Payment Issue,High,Email,2.12,2,0,33.83,4,Resolved
ADM03790,Academic Affairs,Payment Issue,Medium,Helpdesk,3.35,7,0,42.52,2,Resolved
ADM03791,Registrar,Password Reset,High,Portal,4.88,2,0,8.87,4,Resolved
ADM03792,Registrar,Exam or Assessment Issue,Medium,Portal,2.73,5,1,41.88,2,Resolved
ADM03793,IT,Application Issue,Low,Portal,16.02,6,0,43.31,2,Resolved
ADM03794,Library,Portal Access,Medium,Helpdesk,9.68,4,0,18.87,3,Resolved
ADM03795,Registrar,Portal Access,Medium,Phone,5.0,2,0,14.24,5,Resolved
ADM03796,IT,Graduation Clearance,Low,Email,9.05,4,0,48.41,1,Resolved
ADM03797,Admissions,Portal Access,Low,Portal,23.11,6,0,36.53,4,Resolved
ADM03798,Registrar,Student ID Issue,High,Walk-in,4.11,1,1,20.98,3,Resolved
ADM03799,Registrar,Application Issue,High,Portal,3.45,3,1,35.37,2,Escalated
ADM03800,IT,Application Issue,High,Portal,3.25,4,0,30.65,4,Resolved
ADM03801,Finance,Accommodation Request,High,Helpdesk,2.12,3,0,31.41,3,Resolved
ADM03802,Academic Affairs,Library Issue,High,Helpdesk,3.39,5,0,16.15,5,Resolved
ADM03803,Student Affairs,Payment Issue,Low,Helpdesk,18.5,6,0,57.12,1,Resolved
ADM03804,Academic Affairs,Password Reset,High,Email,0.64,4,0,7.74,5,Resolved
ADM03805,Finance,Library Issue,High,Email,1.03,4,0,12.96,3,Resolved
ADM03806,Academic Affairs,Graduation Clearance,Low,Portal,10.3,3,0,42.09,4,Resolved
ADM03807,Admissions,Accommodation Request,High,Walk-in,1.95,4,0,34.37,3,Pending
ADM03808,Finance,Application Issue,Medium,Phone,9.2,5,0,30.96,4,Resolved
ADM03809,Registrar,Fee Statement,High,Walk-in,3.58,3,0,27.55,4,Pending
ADM03810,Registrar,Payment Issue,High,Helpdesk,2.18,4,1,47.57,2,Resolved
ADM03811,IT,Student ID Issue,Critical,Walk-in,1.66,3,0,14.94,3,Resolved
ADM03812,Admissions,Portal Access,Low,Email,10.46,4,0,16.52,5,Resolved
ADM03813,Finance,Student ID Issue,Low,Email,23.82,4,1,39.18,2,Escalated
ADM03814,IT,Exam or Assessment Issue,Critical,Portal,1.61,3,0,30.17,4,Resolved
ADM03815,Finance,Application Issue,Low,Portal,20.17,8,0,51.38,3,Resolved
ADM03816,IT,Accommodation Request,Medium,Email,4.09,6,0,34.89,3,Resolved
ADM03817,Finance,Exam or Assessment Issue,Medium,Walk-in,3.16,2,0,26.6,3,Resolved
ADM03818,Student Affairs,Exam or Assessment Issue,High,Email,2.25,3,0,28.27,4,Resolved
ADM03819,Student Affairs,Fee Statement,Medium,Phone,4.67,4,0,26.14,3,Resolved
ADM03820,Admissions,Transcript Request,Low,Walk-in,19.4,4,0,43.83,4,Resolved
ADM03821,Finance,Portal Access,Medium,Email,3.39,3,0,9.79,4,Resolved
ADM03822,Finance,Password Reset,Medium,Email,6.22,5,1,26.76,3,Escalated
ADM03823,Library,Application Issue,Medium,Email,7.03,4,1,47.52,4,Resolved
ADM03824,Finance,Course Registration,High,Email,2.23,4,0,20.5,4,Resolved
ADM03825,Registrar,Fee Statement,High,Portal,1.4,2,0,21.98,3,Resolved
ADM03826,Registrar,Fee Statement,High,Phone,4.53,5,0,32.42,4,Resolved
ADM03827,Admissions,Graduation Clearance,Low,Phone,6.78,3,0,36.43,2,Resolved
ADM03828,Admissions,Payment Issue,High,Portal,1.87,4,0,38.4,3,Resolved
ADM03829,Student Affairs,Student ID Issue,Critical,Portal,1.56,2,1,23.09,5,Resolved
ADM03830,Finance,Portal Access,Medium,Phone,6.84,4,0,22.74,3,Resolved
ADM03831,Finance,Application Issue,Low,Email,18.61,4,0,52.75,1,Resolved
ADM03832,Library,Course Registration,Critical,Email,1.66,3,0,13.89,4,Resolved
ADM03833,Student Affairs,Portal Access,Medium,Helpdesk,9.16,4,1,26.29,4,Resolved
ADM03834,Finance,Accommodation Request,High,Portal,1.87,4,0,33.78,4,Resolved
ADM03835,Admissions,Exam or Assessment Issue,Low,Walk-in,13.49,5,1,52.45,3,Escalated
ADM03836,Finance,Course Registration,High,Email,3.6,2,0,16.46,5,Pending
ADM03837,Academic Affairs,Library Issue,High,Email,4.08,5,0,17.85,4,Resolved
ADM03838,Registrar,Library Issue,Medium,Portal,6.62,3,0,23.38,4,Resolved
ADM03839,Academic Affairs,Fee Statement,Medium,Helpdesk,6.11,3,0,31.35,3,Resolved
ADM03840,IT,Accommodation Request,Low,Walk-in,17.84,1,0,45.54,3,Resolved
ADM03841,Admissions,Exam or Assessment Issue,Medium,Email,5.06,8,1,48.7,2,Escalated
ADM03842,Registrar,Exam or Assessment Issue,Medium,Helpdesk,9.15,5,0,37.1,4,Resolved
ADM03843,Admissions,Library Issue,High,Portal,1.45,6,0,20.06,5,Pending
ADM03844,Admissions,Fee Statement,Low,Email,21.68,3,0,44.58,4,Resolved
ADM03845,Registrar,Student ID Issue,Low,Email,16.87,1,0,20.76,5,Pending
ADM03846,IT,Application Issue,Medium,Portal,6.81,3,0,32.66,4,Resolved
ADM03847,Academic Affairs,Fee Statement,Medium,Portal,5.76,5,0,34.44,4,Resolved
ADM03848,IT,Application Issue,Medium,Email,3.24,1,0,19.33,3,Resolved
ADM03849,IT,Accommodation Request,High,Helpdesk,4.39,4,0,35.42,4,Resolved
ADM03850,Registrar,Graduation Clearance,High,Phone,0.74,6,1,51.6,1,Escalated
ADM03851,Admissions,Payment Issue,Medium,Walk-in,4.16,2,0,37.94,4,Resolved
ADM03852,Registrar,Portal Access,Medium,Portal,2.88,4,0,14.56,3,Resolved
ADM03853,IT,Fee Statement,Medium,Phone,2.85,5,0,24.11,4,Resolved
ADM03854,Academic Affairs,Fee Statement,Low,Portal,11.81,4,0,36.57,2,Resolved
ADM03855,IT,Application Issue,Medium,Phone,3.28,4,0,27.21,2,Resolved
ADM03856,Registrar,Library Issue,High,Helpdesk,3.12,3,0,18.61,4,Resolved
ADM03857,Finance,Library Issue,Low,Phone,16.54,3,1,36.96,3,Resolved
ADM03858,IT,Fee Statement,Low,Portal,21.64,8,0,50.7,2,Pending
ADM03859,Admissions,Library Issue,High,Email,1.85,4,0,15.66,4,Resolved
ADM03860,Student Affairs,Exam or Assessment Issue,High,Helpdesk,1.89,3,0,26.48,2,Resolved
ADM03861,Student Affairs,Library Issue,Medium,Email,3.97,5,0,18.42,4,Resolved
ADM03862,IT,Fee Statement,High,Walk-in,4.02,4,0,25.57,2,Resolved
ADM03863,Finance,Student ID Issue,Critical,Portal,0.97,4,0,11.54,5,Resolved
ADM03864,Finance,Student ID Issue,Medium,Portal,6.42,7,1,35.75,4,Resolved
ADM03865,Registrar,Transcript Request,Medium,Phone,5.0,3,0,27.6,2,Resolved
ADM03866,Finance,Student ID Issue,Low,Email,7.14,1,0,15.7,4,Resolved
ADM03867,Admissions,Transcript Request,High,Portal,0.96,2,0,23.9,5,Resolved
ADM03868,IT,Accommodation Request,Medium,Email,8.95,2,0,37.21,4,Pending
ADM03869,IT,Password Reset,Critical,Phone,0.68,6,0,12.82,4,Resolved
ADM03870,Registrar,Portal Access,High,Email,4.74,4,0,16.21,3,Resolved
ADM03871,Finance,Password Reset,Medium,Email,9.58,7,0,19.69,3,Resolved
ADM03872,Registrar,Library Issue,Low,Walk-in,13.58,8,0,31.09,3,Resolved
ADM03873,Registrar,Graduation Clearance,Medium,Portal,9.67,3,0,40.73,2,Resolved
ADM03874,Student Affairs,Course Registration,Medium,Email,2.23,2,1,25.72,2,Resolved
ADM03875,Registrar,Library Issue,High,Portal,0.91,5,0,17.22,5,Resolved
ADM03876,Admissions,Fee Statement,Medium,Portal,3.95,3,0,30.51,3,Resolved
ADM03877,Registrar,Fee Statement,Medium,Portal,3.67,5,1,38.01,3,Escalated
ADM03878,Student Affairs,Portal Access,Medium,Helpdesk,4.02,6,0,14.76,5,Pending
ADM03879,IT,Payment Issue,Low,Phone,13.05,4,0,45.73,4,Resolved
ADM03880,Finance,Payment Issue,Medium,Email,2.5,6,0,42.64,3,Resolved
ADM03881,Admissions,Payment Issue,Low,Portal,15.11,6,0,54.04,1,Resolved
ADM03882,Library,Student ID Issue,Medium,Email,4.48,5,0,23.64,3,Resolved
ADM03883,Academic Affairs,Accommodation Request,Medium,Email,2.57,5,0,32.36,3,Resolved
ADM03884,Finance,Library Issue,Medium,Helpdesk,8.03,5,0,27.52,3,Resolved
ADM03885,Student Affairs,Fee Statement,High,Portal,3.44,4,0,21.11,5,Resolved
ADM03886,Academic Affairs,Course Registration,Low,Helpdesk,19.87,2,0,30.14,4,Resolved
ADM03887,Academic Affairs,Course Registration,Medium,Email,9.51,5,1,42.06,2,Escalated
ADM03888,IT,Course Registration,Medium,Email,6.69,2,1,31.66,4,Resolved
ADM03889,IT,Payment Issue,Medium,Portal,8.29,3,0,42.06,4,Resolved
ADM03890,Admissions,Portal Access,Critical,Portal,0.56,7,0,13.62,5,Resolved
ADM03891,Library,Payment Issue,Low,Phone,12.21,6,0,53.71,3,Resolved
ADM03892,Admissions,Exam or Assessment Issue,High,Portal,2.89,4,0,33.53,3,Resolved
ADM03893,IT,Exam or Assessment Issue,Medium,Portal,6.33,5,1,51.3,2,Resolved
ADM03894,Admissions,Fee Statement,Medium,Phone,7.75,7,0,37.85,4,Resolved
ADM03895,Library,Library Issue,High,Phone,4.08,8,1,36.8,4,Resolved
ADM03896,Student Affairs,Library Issue,Low,Helpdesk,17.34,1,0,22.86,3,Resolved
ADM03897,Registrar,Portal Access,High,Portal,0.71,5,0,8.93,5,Resolved
ADM03898,Student Affairs,Accommodation Request,Low,Walk-in,11.02,2,1,49.46,3,Resolved
ADM03899,Admissions,Graduation Clearance,Medium,Portal,6.58,5,0,44.65,2,Resolved
ADM03900,Student Affairs,Student ID Issue,High,Phone,2.79,3,0,17.38,5,Resolved
ADM03901,Admissions,Course Registration,Low,Helpdesk,4.9,5,0,19.96,5,Resolved
ADM03902,Finance,Library Issue,High,Email,4.91,3,0,16.04,4,Resolved
ADM03903,Academic Affairs,Portal Access,Low,Portal,23.12,4,0,31.96,4,Resolved
ADM03904,Finance,Course Registration,High,Helpdesk,3.98,2,0,16.72,3,Pending
ADM03905,Student Affairs,Payment Issue,Medium,Portal,2.44,8,0,39.17,3,Resolved
ADM03906,Admissions,Application Issue,High,Helpdesk,2.44,3,0,28.47,3,Resolved
ADM03907,Admissions,Password Reset,High,Email,2.34,3,0,3.36,5,Resolved
ADM03908,Finance,Library Issue,Medium,Phone,6.46,6,0,25.25,2,Resolved
ADM03909,IT,Accommodation Request,Medium,Helpdesk,2.45,4,0,34.84,2,Pending
ADM03910,Finance,Graduation Clearance,High,Portal,2.41,5,0,40.48,3,Resolved
ADM03911,Registrar,Graduation Clearance,Low,Portal,19.16,6,0,57.34,1,Resolved
ADM03912,Finance,Portal Access,Medium,Email,9.98,7,0,25.65,4,Resolved
ADM03913,Registrar,Student ID Issue,High,Email,3.18,1,0,6.12,5,Resolved
ADM03914,Academic Affairs,Accommodation Request,High,Portal,4.73,4,0,31.86,4,Resolved
ADM03915,Academic Affairs,Payment Issue,Low,Walk-in,23.97,6,0,62.07,1,Resolved
ADM03916,Finance,Library Issue,Low,Helpdesk,12.7,6,0,25.27,3,Resolved
ADM03917,IT,Fee Statement,Medium,Phone,7.35,5,0,28.99,3,Resolved
ADM03918,Finance,Payment Issue,Medium,Walk-in,3.71,3,1,46.5,4,Resolved
ADM03919,IT,Student ID Issue,Low,Phone,13.51,6,0,28.51,4,Resolved
ADM03920,Library,Payment Issue,High,Phone,0.85,4,0,39.0,3,Pending
ADM03921,Academic Affairs,Portal Access,Medium,Walk-in,2.23,7,0,11.78,5,Resolved
ADM03922,Admissions,Accommodation Request,High,Portal,4.52,3,0,34.11,3,Resolved
ADM03923,Library,Portal Access,High,Portal,4.36,2,0,8.96,5,Resolved
ADM03924,Finance,Course Registration,High,Email,1.9,5,0,21.84,4,Resolved
ADM03925,Academic Affairs,Application Issue,Medium,Walk-in,5.66,9,0,42.32,4,Resolved
ADM03926,Registrar,Accommodation Request,Medium,Email,5.95,4,0,34.71,4,Resolved
ADM03927,IT,Application Issue,Medium,Email,6.17,3,0,32.06,2,Resolved
ADM03928,IT,Portal Access,Medium,Portal,3.08,5,0,17.22,3,Resolved
ADM03929,IT,Fee Statement,Medium,Helpdesk,8.2,8,0,38.95,3,Resolved
ADM03930,Registrar,Library Issue,High,Walk-in,2.07,3,0,15.75,5,Resolved
ADM03931,Academic Affairs,Student ID Issue,Low,Portal,4.63,5,0,12.11,4,Resolved
ADM03932,Registrar,Exam or Assessment Issue,Medium,Phone,7.41,3,0,34.34,4,Resolved
ADM03933,IT,Payment Issue,Medium,Helpdesk,8.64,8,0,46.1,3,Resolved
ADM03934,Finance,Payment Issue,High,Portal,4.63,3,1,51.49,2,Resolved
ADM03935,Finance,Exam or Assessment Issue,High,Portal,3.53,3,0,29.9,3,Resolved
ADM03936,Admissions,Graduation Clearance,Low,Portal,7.83,3,0,36.87,4,Resolved
ADM03937,Admissions,Application Issue,Medium,Portal,6.72,3,1,42.62,3,Resolved
ADM03938,Registrar,Student ID Issue,High,Helpdesk,4.6,1,0,14.71,4,Resolved
ADM03939,Registrar,Accommodation Request,Medium,Walk-in,4.8,4,0,33.05,2,Resolved
ADM03940,Admissions,Library Issue,High,Phone,4.79,2,0,17.34,5,Pending
ADM03941,Library,Password Reset,Low,Portal,5.95,7,0,11.47,3,Resolved
ADM03942,Student Affairs,Application Issue,Medium,Helpdesk,7.82,5,1,45.89,2,Resolved
ADM03943,Registrar,Accommodation Request,Medium,Email,2.96,3,0,33.36,2,Resolved
ADM03944,Finance,Accommodation Request,High,Email,4.09,3,0,32.99,3,Resolved
ADM03945,Registrar,Student ID Issue,Medium,Email,2.78,2,1,25.34,3,Escalated
ADM03946,Registrar,Student ID Issue,Medium,Phone,4.61,7,0,16.95,5,Resolved
ADM03947,IT,Transcript Request,Medium,Walk-in,8.21,3,1,39.55,4,Escalated
ADM03948,IT,Payment Issue,Medium,Portal,5.68,4,0,43.5,4,Resolved
ADM03949,Registrar,Library Issue,High,Phone,4.47,6,0,18.93,5,Resolved
ADM03950,Finance,Course Registration,High,Portal,2.31,5,0,26.93,4,Resolved
ADM03951,Registrar,Application Issue,Low,Email,23.9,2,0,52.65,1,Pending
ADM03952,Student Affairs,Library Issue,High,Email,0.58,5,0,19.77,5,Resolved
ADM03953,Academic Affairs,Transcript Request,Low,Portal,17.92,3,1,44.11,4,Resolved
ADM03954,Registrar,Transcript Request,Medium,Walk-in,9.33,6,0,35.56,3,Resolved
ADM03955,Finance,Library Issue,High,Walk-in,2.91,3,0,15.74,4,Resolved
ADM03956,Student Affairs,Student ID Issue,Low,Email,23.77,3,0,34.28,2,Resolved
ADM03957,Academic Affairs,Graduation Clearance,Low,Email,18.16,8,0,58.77,2,Pending
ADM03958,Admissions,Accommodation Request,Medium,Helpdesk,5.44,4,0,33.87,3,Pending
ADM03959,Registrar,Password Reset,High,Email,2.82,4,0,9.11,4,Resolved
ADM03960,Registrar,Library Issue,Medium,Portal,9.02,7,0,29.57,2,Resolved
ADM03961,IT,Application Issue,Medium,Email,9.66,3,0,31.61,2,Resolved
ADM03962,Finance,Course Registration,High,Portal,3.0,7,0,28.17,2,Resolved
ADM03963,Registrar,Payment Issue,High,Portal,1.88,7,0,43.33,3,Resolved
ADM03964,IT,Transcript Request,High,Email,1.58,3,0,14.39,4,Resolved
ADM03965,Registrar,Fee Statement,Medium,Portal,5.82,3,1,38.03,2,Resolved
ADM03966,Library,Graduation Clearance,Low,Portal,9.93,5,0,45.83,4,Resolved
ADM03967,Finance,Fee Statement,Low,Email,12.42,3,0,35.61,2,Resolved
ADM03968,Registrar,Accommodation Request,High,Phone,4.26,1,1,36.67,2,Escalated
ADM03969,IT,Student ID Issue,High,Walk-in,2.62,3,0,10.0,3,Resolved
ADM03970,Finance,Payment Issue,Critical,Email,1.35,4,0,42.22,2,Resolved
ADM03971,Academic Affairs,Transcript Request,Low,Email,5.8,3,1,32.7,2,Resolved
ADM03972,Admissions,Fee Statement,Low,Email,19.24,4,0,41.08,2,Resolved
ADM03973,Finance,Fee Statement,Low,Portal,13.66,2,0,35.87,2,Resolved
ADM03974,IT,Password Reset,Low,Walk-in,11.22,3,1,21.93,4,Resolved
ADM03975,Finance,Library Issue,Medium,Email,6.89,4,0,19.4,3,Pending
ADM03976,Student Affairs,Exam or Assessment Issue,Critical,Portal,0.38,6,0,32.72,2,Resolved
ADM03977,Finance,Portal Access,Medium,Email,5.31,6,1,27.13,2,Resolved
ADM03978,Admissions,Payment Issue,Medium,Portal,8.49,10,0,47.95,4,Resolved
ADM03979,Registrar,Portal Access,High,Email,1.68,6,0,16.15,4,Resolved
ADM03980,Admissions,Exam or Assessment Issue,Low,Helpdesk,22.28,4,0,48.37,3,Resolved
ADM03981,Student Affairs,Course Registration,High,Phone,3.22,3,0,19.53,3,Resolved
ADM03982,Library,Student ID Issue,Medium,Portal,6.33,2,0,14.05,3,Resolved
ADM03983,Finance,Library Issue,Low,Helpdesk,11.99,3,1,31.35,3,Resolved
ADM03984,Finance,Course Registration,Medium,Email,7.94,5,0,27.83,2,Resolved
ADM03985,Student Affairs,Application Issue,Medium,Email,6.52,2,0,27.65,3,Resolved
ADM03986,Academic Affairs,Transcript Request,Low,Helpdesk,19.93,3,0,40.3,4,Pending
ADM03987,Registrar,Portal Access,Medium,Portal,4.65,6,1,30.44,4,Resolved
ADM03988,Admissions,Accommodation Request,Medium,Helpdesk,7.62,2,0,35.02,4,Resolved
ADM03989,Finance,Application Issue,Medium,Phone,9.55,2,0,33.32,4,Resolved
ADM03990,Student Affairs,Payment Issue,Medium,Helpdesk,4.24,8,0,42.63,2,Resolved
ADM03991,Registrar,Transcript Request,Medium,Walk-in,9.85,1,1,34.83,3,Resolved
ADM03992,Registrar,Graduation Clearance,Medium,Email,5.28,2,0,38.01,3,Resolved
ADM03993,Library,Fee Statement,High,Helpdesk,0.67,4,0,27.13,4,Resolved
ADM03994,Registrar,Portal Access,Critical,Email,0.84,4,0,7.93,5,Pending
ADM03995,Admissions,Library Issue,High,Phone,1.17,6,0,17.36,5,Resolved
ADM03996,Admissions,Library Issue,Medium,Portal,4.43,3,0,10.61,4,Resolved
ADM03997,Finance,Application Issue,High,Phone,0.93,3,0,29.5,3,Resolved
ADM03998,Finance,Application Issue,Medium,Walk-in,3.43,3,0,26.66,4,Resolved
ADM03999,Admissions,Student ID Issue,Low,Walk-in,6.53,4,1,23.39,3,Resolved
ADM04000,Registrar,Fee Statement,Medium,Walk-in,2.35,5,1,37.88,3,Resolved
ADM04001,IT,Password Reset,High,Walk-in,1.83,5,0,11.09,3,Resolved
ADM04002,Library,Portal Access,High,Portal,4.73,4,0,20.22,5,Resolved
ADM04003,Library,Course Registration,Critical,Helpdesk,1.91,5,0,25.92,2,Resolved
ADM04004,Registrar,Payment Issue,Medium,Phone,8.77,4,0,46.71,2,Resolved
ADM04005,Registrar,Portal Access,High,Walk-in,0.55,6,0,14.35,3,Resolved
ADM04006,Finance,Exam or Assessment Issue,Low,Helpdesk,4.56,4,0,30.83,2,Pending
ADM04007,Finance,Portal Access,Medium,Email,2.08,4,0,14.26,4,Resolved
ADM04008,Admissions,Exam or Assessment Issue,High,Portal,2.15,5,0,31.28,4,Resolved
ADM04009,IT,Graduation Clearance,Medium,Walk-in,9.84,5,0,46.36,3,Resolved
ADM04010,Registrar,Graduation Clearance,Low,Email,21.94,3,0,55.97,1,Resolved
ADM04011,Registrar,Fee Statement,Medium,Portal,4.0,4,0,29.67,2,Resolved
ADM04012,Finance,Portal Access,High,Helpdesk,2.35,7,0,17.86,3,Resolved
ADM04013,IT,Graduation Clearance,Low,Email,20.49,5,1,64.79,3,Escalated
ADM04014,Registrar,Student ID Issue,Medium,Helpdesk,8.07,3,0,21.12,5,Pending
ADM04015,IT,Portal Access,Low,Helpdesk,6.65,3,0,17.41,4,Resolved
ADM04016,Finance,Graduation Clearance,Medium,Portal,2.86,1,0,33.58,4,Resolved
ADM04017,Student Affairs,Accommodation Request,Critical,Walk-in,1.18,3,0,31.08,2,Resolved
ADM04018,Student Affairs,Accommodation Request,Low,Email,6.04,3,1,48.09,1,Escalated
ADM04019,Finance,Transcript Request,Low,Walk-in,20.5,4,0,38.94,2,Resolved
ADM04020,Finance,Payment Issue,Medium,Portal,4.03,1,0,35.55,2,Resolved
ADM04021,Admissions,Accommodation Request,Medium,Helpdesk,3.51,5,0,37.85,2,Resolved
ADM04022,Finance,Payment Issue,Medium,Email,3.49,3,0,33.14,4,Resolved
ADM04023,IT,Library Issue,Medium,Phone,2.36,8,0,26.97,3,Resolved
ADM04024,Student Affairs,Student ID Issue,Critical,Walk-in,1.36,5,0,16.3,5,Resolved
ADM04025,IT,Graduation Clearance,Medium,Email,3.32,8,1,53.83,1,Escalated
ADM04026,Student Affairs,Fee Statement,Medium,Walk-in,3.87,2,1,37.95,4,Escalated
ADM04027,Finance,Fee Statement,Medium,Helpdesk,8.01,5,0,30.56,3,Resolved
ADM04028,Registrar,Accommodation Request,Medium,Phone,2.46,2,0,35.13,3,Resolved
ADM04029,Library,Exam or Assessment Issue,Low,Walk-in,8.05,4,0,35.54,4,Resolved
ADM04030,Finance,Student ID Issue,Medium,Portal,3.19,3,0,12.4,3,Resolved
ADM04031,IT,Library Issue,Critical,Portal,0.21,3,0,11.04,3,Resolved
ADM04032,Finance,Course Registration,Medium,Email,6.31,3,1,42.19,4,Resolved
ADM04033,Registrar,Student ID Issue,Medium,Portal,3.52,1,0,17.06,4,Resolved
ADM04034,Academic Affairs,Transcript Request,Low,Portal,16.66,4,0,40.7,3,Resolved
ADM04035,Registrar,Fee Statement,Medium,Phone,6.01,5,0,32.15,4,Pending
ADM04036,Academic Affairs,Exam or Assessment Issue,Medium,Email,7.34,3,1,39.24,3,Resolved
ADM04037,Academic Affairs,Transcript Request,Medium,Email,9.85,4,0,33.61,4,Resolved
ADM04038,Library,Fee Statement,Medium,Walk-in,3.76,4,0,22.35,5,Pending
ADM04039,IT,Library Issue,Low,Email,17.32,3,0,26.56,4,Resolved
ADM04040,IT,Exam or Assessment Issue,High,Portal,4.25,9,0,41.13,3,Resolved
ADM04041,Student Affairs,Exam or Assessment Issue,Medium,Email,9.66,3,0,35.85,4,Resolved
ADM04042,Finance,Graduation Clearance,Medium,Portal,6.98,5,0,43.47,2,Resolved
ADM04043,Admissions,Portal Access,High,Helpdesk,1.09,6,0,11.65,4,Resolved
ADM04044,IT,Password Reset,Low,Helpdesk,5.08,3,0,13.91,4,Resolved
ADM04045,Admissions,Student ID Issue,High,Email,1.75,4,0,11.46,3,Resolved
ADM04046,Admissions,Student ID Issue,Medium,Portal,9.43,7,1,30.35,4,Escalated
ADM04047,Finance,Portal Access,Medium,Helpdesk,6.3,6,0,23.96,3,Resolved
ADM04048,IT,Course Registration,Medium,Helpdesk,6.63,5,0,21.7,4,Resolved
ADM04049,Student Affairs,Exam or Assessment Issue,Medium,Email,6.88,4,0,36.43,2,Resolved
ADM04050,Registrar,Fee Statement,Low,Walk-in,10.64,4,0,35.51,2,Resolved
ADM04051,Academic Affairs,Course Registration,High,Email,1.32,4,0,17.95,4,Pending
ADM04052,IT,Graduation Clearance,High,Portal,4.79,7,0,39.99,4,Resolved
ADM04053,Student Affairs,Student ID Issue,High,Email,3.9,6,0,21.4,5,Resolved
ADM04054,IT,Graduation Clearance,High,Helpdesk,2.8,5,0,41.48,4,Resolved
ADM04055,Library,Accommodation Request,High,Walk-in,2.2,3,0,31.6,2,Resolved
ADM04056,Registrar,Accommodation Request,Medium,Email,5.86,5,0,39.08,2,Pending
ADM04057,Student Affairs,Application Issue,High,Phone,0.65,4,0,27.69,3,Resolved
ADM04058,Registrar,Payment Issue,Low,Email,8.95,3,1,51.64,1,Resolved
ADM04059,Student Affairs,Graduation Clearance,High,Email,1.63,5,1,47.31,3,Resolved
ADM04060,Academic Affairs,Accommodation Request,High,Portal,2.5,6,0,34.13,2,Resolved
ADM04061,Finance,Accommodation Request,Low,Phone,8.73,2,0,38.69,2,Resolved
ADM04062,Registrar,Fee Statement,Medium,Email,3.48,4,0,29.03,2,Resolved
ADM04063,Library,Application Issue,High,Portal,3.94,6,0,37.96,3,Resolved
ADM04064,Finance,Fee Statement,Low,Portal,21.87,1,1,55.11,2,Resolved
ADM04065,Student Affairs,Student ID Issue,Medium,Phone,2.54,3,0,12.38,3,Resolved
ADM04066,Registrar,Transcript Request,Medium,Email,3.68,4,0,23.7,4,Resolved
ADM04067,Registrar,Course Registration,Medium,Email,8.19,4,0,19.76,5,Resolved
ADM04068,Academic Affairs,Graduation Clearance,Low,Portal,20.32,3,0,49.64,1,Resolved
ADM04069,IT,Student ID Issue,Medium,Portal,6.0,5,0,21.48,3,Resolved
ADM04070,Student Affairs,Transcript Request,Medium,Phone,7.56,2,1,34.55,4,Resolved
ADM04071,Finance,Library Issue,High,Helpdesk,0.85,3,0,10.2,4,Resolved
ADM04072,IT,Exam or Assessment Issue,Medium,Email,8.8,2,1,43.25,2,Escalated
ADM04073,IT,Library Issue,Medium,Phone,8.66,7,0,24.25,2,Resolved
ADM04074,IT,Fee Statement,Medium,Email,7.55,3,0,30.01,4,Resolved
ADM04075,IT,Password Reset,Low,Email,22.33,1,0,21.36,3,Resolved
ADM04076,IT,Password Reset,Critical,Portal,0.29,3,0,4.39,5,Resolved
ADM04077,Admissions,Transcript Request,High,Phone,1.54,3,1,34.43,2,Resolved
ADM04078,Finance,Accommodation Request,Medium,Helpdesk,4.9,2,0,35.1,2,Resolved
ADM04079,Library,Fee Statement,Medium,Phone,3.27,9,0,36.15,3,Resolved
ADM04080,Finance,Transcript Request,Medium,Email,8.52,1,0,24.59,2,Resolved
ADM04081,IT,Graduation Clearance,Medium,Phone,8.06,5,0,38.59,3,Resolved
ADM04082,Finance,Fee Statement,Low,Walk-in,19.47,5,0,40.84,2,Resolved
ADM04083,IT,Transcript Request,Medium,Portal,4.33,5,0,28.7,2,Resolved
ADM04084,Library,Library Issue,Critical,Helpdesk,1.57,2,1,24.22,2,Resolved
ADM04085,Registrar,Application Issue,Low,Email,6.46,5,0,36.95,3,Resolved
ADM04086,Registrar,Fee Statement,Medium,Walk-in,2.85,6,0,26.48,4,Resolved
ADM04087,Registrar,Application Issue,Low,Portal,15.68,2,0,37.74,2,Pending
ADM04088,IT,Exam or Assessment Issue,Low,Phone,4.97,8,0,39.25,2,Resolved
ADM04089,Student Affairs,Exam or Assessment Issue,Medium,Phone,9.51,3,0,34.4,2,Resolved
ADM04090,Registrar,Library Issue,Medium,Portal,4.63,3,0,19.9,5,Resolved
ADM04091,Library,Password Reset,High,Helpdesk,2.65,2,0,5.39,4,Pending
ADM04092,Finance,Portal Access,Medium,Email,8.51,4,1,29.62,2,Resolved
ADM04093,Admissions,Course Registration,Medium,Email,5.2,4,1,35.39,3,Escalated
ADM04094,Academic Affairs,Student ID Issue,Medium,Helpdesk,5.45,6,0,20.54,4,Pending
ADM04095,Finance,Course Registration,High,Email,2.07,3,0,17.03,5,Pending
ADM04096,Admissions,Course Registration,Low,Portal,11.03,2,0,25.75,3,Resolved
ADM04097,Registrar,Student ID Issue,Medium,Phone,5.74,2,0,18.3,4,Resolved
ADM04098,Registrar,Library Issue,High,Walk-in,4.76,4,1,29.78,2,Resolved
ADM04099,Finance,Library Issue,Low,Helpdesk,22.72,4,0,33.77,2,Resolved
ADM04100,Registrar,Password Reset,High,Walk-in,2.95,2,0,4.49,4,Resolved
ADM04101,IT,Portal Access,Medium,Walk-in,5.65,3,0,17.28,4,Resolved
ADM04102,Admissions,Payment Issue,Low,Helpdesk,20.16,2,1,64.92,2,Escalated
ADM04103,Admissions,Course Registration,Medium,Portal,7.45,1,0,18.41,3,Resolved
ADM04104,Registrar,Accommodation Request,Low,Portal,21.63,6,0,54.22,2,Pending
ADM04105,Finance,Course Registration,High,Walk-in,3.79,7,0,24.89,4,Resolved
ADM04106,IT,Payment Issue,Medium,Email,9.62,2,1,57.31,2,Resolved
ADM04107,Academic Affairs,Fee Statement,Low,Email,21.72,4,0,45.07,3,Pending
ADM04108,Registrar,Password Reset,High,Walk-in,4.35,4,1,23.42,5,Resolved
ADM04109,Student Affairs,Application Issue,High,Helpdesk,2.26,1,1,39.24,2,Resolved
ADM04110,IT,Application Issue,Medium,Portal,5.09,4,0,30.12,3,Resolved
ADM04111,IT,Payment Issue,Medium,Email,7.93,3,1,50.06,3,Resolved
ADM04112,Admissions,Course Registration,Low,Portal,5.67,5,1,32.96,4,Resolved
ADM04113,Registrar,Application Issue,High,Portal,1.95,6,0,28.56,3,Resolved
ADM04114,Registrar,Payment Issue,High,Portal,4.7,3,1,50.91,3,Resolved
ADM04115,IT,Student ID Issue,Low,Phone,13.0,6,0,26.97,2,Resolved
ADM04116,Finance,Library Issue,Medium,Email,4.16,5,0,18.03,3,Resolved
ADM04117,Academic Affairs,Transcript Request,Medium,Portal,5.81,4,1,37.6,3,Resolved
ADM04118,Admissions,Library Issue,Medium,Helpdesk,4.31,7,0,23.51,3,Resolved
ADM04119,Registrar,Course Registration,High,Phone,3.96,2,0,22.54,3,Resolved
ADM04120,IT,Payment Issue,Low,Email,21.01,8,0,62.81,3,Resolved
ADM04121,Finance,Fee Statement,Medium,Portal,8.26,2,1,38.38,4,Resolved
ADM04122,Admissions,Application Issue,Low,Email,6.98,6,0,38.44,4,Resolved
ADM04123,IT,Application Issue,Medium,Helpdesk,4.69,2,0,36.05,2,Resolved
ADM04124,Student Affairs,Application Issue,Medium,Email,3.71,6,0,33.25,4,Resolved
ADM04125,Library,Graduation Clearance,High,Helpdesk,0.69,8,0,40.02,2,Resolved
ADM04126,IT,Payment Issue,High,Walk-in,3.83,3,0,42.88,2,Resolved
ADM04127,IT,Library Issue,Low,Portal,12.57,4,1,34.16,4,Resolved
ADM04128,Academic Affairs,Fee Statement,High,Portal,1.74,5,0,27.28,2,Resolved
ADM04129,Finance,Graduation Clearance,High,Helpdesk,1.88,3,0,31.72,3,Resolved
ADM04130,Registrar,Payment Issue,Medium,Email,3.08,2,1,45.97,4,Resolved
ADM04131,Finance,Course Registration,Low,Email,20.54,2,0,37.85,3,Resolved
ADM04132,Registrar,Password Reset,Low,Email,6.88,3,0,10.0,3,Resolved
ADM04133,IT,Course Registration,Medium,Portal,4.71,7,1,41.58,4,Escalated
ADM04134,IT,Transcript Request,High,Portal,0.53,7,0,26.1,2,Resolved
ADM04135,IT,Exam or Assessment Issue,Medium,Helpdesk,5.49,5,0,32.25,4,Resolved
ADM04136,Registrar,Password Reset,High,Email,2.1,7,0,13.84,5,Resolved
ADM04137,IT,Course Registration,High,Walk-in,3.74,4,0,20.14,4,Resolved
ADM04138,Finance,Exam or Assessment Issue,Medium,Email,7.72,3,1,43.27,2,Resolved
ADM04139,IT,Fee Statement,High,Portal,0.67,2,1,23.75,4,Resolved
ADM04140,IT,Portal Access,Low,Email,6.32,5,0,11.83,4,Resolved
ADM04141,Finance,Portal Access,Low,Helpdesk,22.09,7,1,43.84,3,Resolved
ADM04142,Registrar,Portal Access,Medium,Email,8.33,4,0,17.11,4,Resolved
ADM04143,Registrar,Exam or Assessment Issue,Medium,Phone,5.12,3,0,37.08,3,Resolved
ADM04144,Student Affairs,Transcript Request,Medium,Email,3.33,3,0,22.07,3,Resolved
ADM04145,Academic Affairs,Transcript Request,High,Walk-in,1.67,3,1,30.33,2,Resolved
ADM04146,IT,Portal Access,High,Portal,3.46,4,1,20.0,4,Resolved
ADM04147,Registrar,Student ID Issue,Medium,Email,9.56,6,0,25.21,2,Resolved
ADM04148,Admissions,Application Issue,Medium,Phone,6.93,3,0,29.23,4,Resolved
ADM04149,IT,Password Reset,Medium,Email,2.21,3,1,22.79,3,Resolved
ADM04150,Library,Password Reset,High,Portal,3.43,4,0,10.49,5,Resolved
ADM04151,Registrar,Application Issue,Medium,Email,9.56,6,0,37.59,2,Resolved
ADM04152,Registrar,Library Issue,High,Phone,2.11,6,1,30.55,3,Escalated
ADM04153,IT,Student ID Issue,High,Portal,4.7,3,0,14.99,5,Resolved
ADM04154,Finance,Portal Access,Medium,Email,7.36,5,0,11.23,3,Pending
ADM04155,Finance,Application Issue,High,Phone,1.35,5,0,28.74,2,Resolved
ADM04156,Registrar,Payment Issue,High,Email,1.15,3,0,37.11,3,Resolved
ADM04157,Admissions,Password Reset,Low,Portal,7.53,2,0,12.42,3,Resolved
ADM04158,Student Affairs,Payment Issue,Low,Phone,17.98,4,0,55.16,1,Resolved
ADM04159,Academic Affairs,Application Issue,High,Helpdesk,3.15,4,1,41.69,2,Resolved
ADM04160,IT,Application Issue,Critical,Email,1.02,3,0,26.02,2,Resolved
ADM04161,Admissions,Course Registration,High,Phone,1.69,4,0,24.4,4,Resolved
ADM04162,Registrar,Course Registration,Medium,Portal,9.26,6,0,32.92,3,Resolved
ADM04163,Admissions,Fee Statement,High,Portal,1.46,6,0,25.63,3,Resolved
ADM04164,Finance,Exam or Assessment Issue,Medium,Portal,4.27,3,0,32.8,4,Resolved
ADM04165,IT,Fee Statement,Critical,Email,0.3,5,1,35.25,3,Resolved
ADM04166,Finance,Transcript Request,Medium,Portal,4.2,3,0,21.78,3,Pending
ADM04167,Finance,Graduation Clearance,High,Phone,4.65,6,0,44.17,2,Resolved
ADM04168,Registrar,Transcript Request,Medium,Portal,3.5,6,0,27.16,2,Pending
ADM04169,Finance,Portal Access,High,Email,1.42,3,0,8.1,5,Resolved
ADM04170,Registrar,Course Registration,Medium,Email,6.8,5,0,27.36,2,Pending
ADM04171,Registrar,Portal Access,High,Portal,3.05,7,0,21.3,3,Resolved
ADM04172,Academic Affairs,Application Issue,Critical,Portal,0.52,4,0,24.15,3,Resolved
ADM04173,Admissions,Portal Access,Medium,Email,3.23,2,1,26.22,2,Resolved
ADM04174,Admissions,Application Issue,High,Portal,1.03,5,0,26.5,4,Resolved
ADM04175,Student Affairs,Password Reset,Low,Phone,21.22,3,0,27.01,4,Resolved
ADM04176,Academic Affairs,Course Registration,Medium,Email,7.24,2,0,24.14,3,Resolved
ADM04177,IT,Fee Statement,High,Walk-in,4.79,5,0,28.78,4,Resolved
ADM04178,Student Affairs,Portal Access,Medium,Helpdesk,3.33,2,0,13.91,5,Resolved
ADM04179,Finance,Course Registration,High,Email,2.57,4,0,18.97,5,Resolved
ADM04180,Finance,Exam or Assessment Issue,High,Email,3.84,9,0,39.87,4,Resolved
ADM04181,Admissions,Exam or Assessment Issue,Medium,Portal,3.71,4,0,33.95,4,Resolved
ADM04182,IT,Password Reset,Medium,Email,7.48,5,0,17.18,5,Resolved
ADM04183,IT,Payment Issue,Medium,Walk-in,5.79,5,0,42.89,3,Resolved
ADM04184,Finance,Fee Statement,Low,Portal,12.62,3,0,32.57,2,Resolved
ADM04185,Registrar,Student ID Issue,High,Email,3.4,3,0,12.01,5,Resolved
ADM04186,IT,Accommodation Request,High,Email,2.6,3,0,26.55,4,Resolved
ADM04187,Registrar,Course Registration,Medium,Email,8.56,3,0,15.66,4,Resolved
ADM04188,IT,Library Issue,Medium,Email,9.44,6,0,30.89,3,Resolved
ADM04189,IT,Course Registration,High,Portal,3.15,3,1,28.96,4,Resolved
ADM04190,IT,Application Issue,Medium,Email,4.4,2,0,26.74,3,Resolved
ADM04191,Library,Student ID Issue,Medium,Portal,8.22,2,1,32.32,4,Resolved
ADM04192,Student Affairs,Library Issue,Medium,Email,3.36,6,0,18.05,3,Resolved
ADM04193,Admissions,Portal Access,High,Walk-in,0.93,3,0,7.05,4,Resolved
ADM04194,Library,Password Reset,Low,Email,14.37,1,0,18.39,3,Resolved
ADM04195,IT,Exam or Assessment Issue,Medium,Email,7.17,1,0,28.76,4,Resolved
ADM04196,Registrar,Library Issue,Critical,Email,1.7,2,0,7.83,4,Resolved
ADM04197,Registrar,Portal Access,Low,Phone,23.1,4,0,31.25,4,Resolved
ADM04198,Finance,Exam or Assessment Issue,High,Portal,4.43,4,0,26.58,2,Resolved
ADM04199,Admissions,Portal Access,Medium,Email,9.91,5,0,25.1,3,Resolved
ADM04200,IT,Exam or Assessment Issue,Low,Email,13.51,6,0,43.83,3,Resolved
ADM04201,Student Affairs,Portal Access,Low,Helpdesk,10.33,4,1,25.0,3,Escalated
ADM04202,Registrar,Application Issue,Low,Walk-in,13.19,6,0,42.75,3,Resolved
ADM04203,Registrar,Library Issue,Low,Portal,16.88,5,1,45.55,4,Resolved
ADM04204,Academic Affairs,Transcript Request,Low,Portal,14.15,3,0,35.95,3,Resolved
ADM04205,Registrar,Password Reset,Medium,Portal,7.07,3,0,16.71,3,Resolved
ADM04206,Admissions,Payment Issue,Low,Email,21.73,3,0,54.77,3,Resolved
ADM04207,IT,Course Registration,High,Walk-in,1.25,1,0,16.58,3,Resolved
ADM04208,Admissions,Application Issue,High,Phone,1.04,2,0,23.37,5,Resolved
ADM04209,Registrar,Fee Statement,High,Portal,2.74,3,0,27.9,2,Resolved
ADM04210,Registrar,Payment Issue,Medium,Walk-in,9.85,6,0,47.74,2,Resolved
ADM04211,Registrar,Password Reset,High,Portal,0.77,2,0,7.69,4,Resolved
ADM04212,IT,Application Issue,Low,Email,23.73,6,0,51.92,3,Resolved
ADM04213,Admissions,Payment Issue,Low,Email,23.35,4,0,59.21,2,Resolved
ADM04214,Finance,Course Registration,Medium,Portal,4.34,4,0,21.61,4,Pending
ADM04215,IT,Portal Access,High,Email,4.51,4,0,14.16,4,Resolved
ADM04216,Student Affairs,Exam or Assessment Issue,High,Portal,0.53,4,0,26.82,3,Resolved
ADM04217,Registrar,Student ID Issue,Medium,Email,5.63,4,1,30.17,4,Resolved
ADM04218,Admissions,Portal Access,Medium,Email,5.22,2,0,11.73,5,Resolved
ADM04219,IT,Password Reset,High,Helpdesk,4.56,5,1,22.13,5,Resolved
ADM04220,Finance,Course Registration,Low,Helpdesk,13.45,4,0,33.93,3,Resolved
ADM04221,Finance,Payment Issue,Medium,Portal,5.34,4,0,40.19,4,Resolved
ADM04222,IT,Graduation Clearance,Medium,Phone,7.12,4,0,42.34,4,Resolved
ADM04223,Student Affairs,Accommodation Request,Low,Walk-in,11.52,4,0,38.22,4,Resolved
ADM04224,Library,Graduation Clearance,Low,Phone,14.73,7,0,56.09,1,Resolved
ADM04225,IT,Student ID Issue,High,Email,4.8,4,0,13.76,5,Pending
ADM04226,Library,Portal Access,Medium,Portal,3.62,2,0,11.95,4,Resolved
ADM04227,Finance,Transcript Request,Medium,Portal,5.67,1,0,24.32,2,Resolved
ADM04228,IT,Payment Issue,Medium,Portal,2.12,3,0,36.94,2,Pending
ADM04229,Admissions,Portal Access,Critical,Email,1.72,5,0,10.64,3,Resolved
ADM04230,Registrar,Payment Issue,Medium,Phone,2.74,1,0,30.62,4,Resolved
ADM04231,IT,Student ID Issue,Low,Email,5.9,6,0,20.64,5,Resolved
ADM04232,IT,Password Reset,Medium,Email,9.06,4,0,19.19,5,Resolved
ADM04233,Finance,Graduation Clearance,Medium,Email,5.27,5,0,39.38,3,Resolved
ADM04234,Academic Affairs,Fee Statement,Low,Email,17.75,4,0,37.39,3,Resolved
ADM04235,Registrar,Portal Access,Medium,Walk-in,8.86,6,0,25.37,3,Resolved
ADM04236,Finance,Graduation Clearance,Medium,Phone,5.0,4,0,37.18,2,Resolved
ADM04237,Registrar,Payment Issue,Medium,Walk-in,4.09,6,1,50.85,2,Escalated
ADM04238,Library,Fee Statement,Medium,Portal,3.36,5,0,28.39,2,Resolved
ADM04239,IT,Graduation Clearance,High,Portal,3.23,2,0,36.92,4,Resolved
ADM04240,Finance,Fee Statement,High,Phone,1.64,7,0,30.87,4,Resolved
ADM04241,IT,Transcript Request,High,Portal,3.35,3,1,32.74,2,Resolved
ADM04242,Finance,Exam or Assessment Issue,High,Portal,1.93,10,0,41.55,4,Resolved
ADM04243,Library,Fee Statement,Medium,Portal,4.78,5,0,30.37,4,Resolved
ADM04244,Admissions,Graduation Clearance,High,Helpdesk,1.62,4,0,35.18,4,Resolved
ADM04245,Admissions,Student ID Issue,High,Helpdesk,2.38,4,0,16.47,5,Resolved
ADM04246,Academic Affairs,Course Registration,High,Email,1.23,3,0,17.58,5,Resolved
ADM04247,Finance,Fee Statement,Low,Email,10.39,3,0,30.78,3,Resolved
ADM04248,Registrar,Accommodation Request,Low,Phone,19.56,2,0,48.94,3,Resolved
ADM04249,IT,Payment Issue,Critical,Email,0.59,2,0,37.03,4,Resolved
ADM04250,Academic Affairs,Fee Statement,Critical,Email,1.9,2,0,23.66,3,Resolved
ADM04251,Finance,Library Issue,Medium,Email,5.94,4,0,21.65,3,Resolved
ADM04252,Registrar,Course Registration,Critical,Portal,0.39,3,0,18.41,3,Resolved
ADM04253,Finance,Application Issue,High,Portal,4.74,5,0,27.05,4,Resolved
ADM04254,Admissions,Course Registration,Medium,Portal,5.65,1,0,18.65,4,Resolved
ADM04255,Registrar,Password Reset,Medium,Helpdesk,6.46,4,1,24.07,2,Resolved
ADM04256,IT,Application Issue,Medium,Portal,3.48,1,0,24.21,2,Pending
ADM04257,Academic Affairs,Transcript Request,Medium,Email,4.67,5,0,30.47,4,Resolved
ADM04258,Admissions,Graduation Clearance,Critical,Portal,1.47,3,0,32.85,3,Resolved
ADM04259,Finance,Course Registration,Medium,Email,2.99,2,0,18.55,4,Resolved
ADM04260,Admissions,Exam or Assessment Issue,High,Helpdesk,3.07,5,1,39.24,4,Resolved
ADM04261,Registrar,Password Reset,High,Email,3.62,4,1,23.97,4,Escalated
ADM04262,Student Affairs,Graduation Clearance,Low,Helpdesk,4.04,2,0,32.74,2,Resolved
ADM04263,Admissions,Course Registration,Low,Portal,20.75,2,0,40.17,3,Resolved
ADM04264,Finance,Fee Statement,High,Walk-in,0.75,4,0,29.21,2,Resolved
ADM04265,IT,Exam or Assessment Issue,Medium,Phone,3.98,2,0,29.72,3,Resolved
ADM04266,Admissions,Portal Access,High,Helpdesk,4.84,6,0,19.63,3,Resolved
ADM04267,IT,Portal Access,Low,Phone,5.62,4,0,14.8,3,Resolved
ADM04268,Registrar,Password Reset,Medium,Portal,8.61,3,0,14.23,3,Resolved
ADM04269,Student Affairs,Exam or Assessment Issue,Low,Phone,17.04,7,0,45.55,4,Resolved
ADM04270,Academic Affairs,Exam or Assessment Issue,Medium,Walk-in,6.79,6,0,33.19,4,Resolved
ADM04271,IT,Course Registration,Low,Helpdesk,15.63,6,0,33.65,3,Resolved
ADM04272,Academic Affairs,Password Reset,Critical,Email,0.5,3,0,10.63,4,Resolved
ADM04273,Registrar,Transcript Request,Medium,Email,7.35,2,0,24.36,3,Resolved
ADM04274,Admissions,Portal Access,High,Email,4.78,5,0,19.34,3,Resolved
ADM04275,IT,Library Issue,Critical,Portal,0.34,2,0,11.34,3,Resolved
ADM04276,IT,Application Issue,High,Walk-in,2.0,9,0,35.51,3,Resolved
ADM04277,Admissions,Student ID Issue,Medium,Email,5.78,4,0,17.03,3,Resolved
ADM04278,Finance,Fee Statement,High,Portal,1.55,4,0,26.59,2,Resolved
ADM04279,Registrar,Exam or Assessment Issue,Low,Phone,18.82,9,0,54.33,1,Resolved
ADM04280,Finance,Library Issue,Low,Walk-in,17.77,6,1,44.28,4,Resolved
ADM04281,Registrar,Library Issue,High,Portal,1.03,4,0,16.87,4,Pending
ADM04282,Library,Payment Issue,Low,Email,15.39,1,0,46.95,3,Resolved
ADM04283,Registrar,Library Issue,Critical,Helpdesk,0.86,2,0,10.21,5,Resolved
ADM04284,Registrar,Application Issue,High,Email,1.53,7,0,30.37,3,Resolved
ADM04285,IT,Exam or Assessment Issue,Medium,Walk-in,8.79,1,0,34.01,2,Resolved
ADM04286,IT,Application Issue,Low,Email,5.09,6,0,26.22,2,Resolved
ADM04287,Student Affairs,Fee Statement,High,Email,2.6,7,0,26.98,3,Resolved
ADM04288,IT,Password Reset,Medium,Helpdesk,5.8,3,0,15.14,4,Resolved
ADM04289,Finance,Exam or Assessment Issue,High,Walk-in,3.07,1,0,28.72,2,Resolved
ADM04290,Library,Exam or Assessment Issue,Medium,Portal,3.58,3,0,28.6,2,Resolved
ADM04291,Admissions,Accommodation Request,Low,Phone,21.42,4,1,63.72,2,Resolved
ADM04292,Registrar,Accommodation Request,Medium,Portal,9.72,3,0,38.19,3,Resolved
ADM04293,IT,Course Registration,Medium,Email,6.39,5,1,34.62,2,Resolved
ADM04294,Student Affairs,Course Registration,Low,Phone,9.12,5,0,29.15,4,Resolved
ADM04295,Finance,Student ID Issue,Low,Walk-in,21.54,3,0,30.43,4,Resolved
ADM04296,Finance,Graduation Clearance,Medium,Helpdesk,9.91,2,0,39.51,2,Resolved
ADM04297,Registrar,Graduation Clearance,High,Portal,3.84,4,0,35.61,2,Resolved
ADM04298,Registrar,Exam or Assessment Issue,Medium,Phone,4.67,4,0,33.52,2,Resolved
ADM04299,Admissions,Application Issue,Medium,Portal,3.89,3,0,28.58,4,Resolved
ADM04300,IT,Course Registration,Medium,Portal,3.25,2,0,17.34,5,Resolved
ADM04301,Registrar,Payment Issue,Medium,Portal,3.88,3,0,38.61,4,Resolved
ADM04302,Academic Affairs,Graduation Clearance,Medium,Helpdesk,3.82,1,0,31.26,4,Resolved
ADM04303,Library,Course Registration,Medium,Email,9.74,2,1,33.48,3,Resolved
ADM04304,IT,Transcript Request,Medium,Email,7.15,2,0,24.89,4,Resolved
ADM04305,Student Affairs,Transcript Request,Low,Phone,7.34,5,0,33.22,2,Resolved
ADM04306,Registrar,Payment Issue,Medium,Email,5.9,2,0,37.29,4,Resolved
ADM04307,Admissions,Library Issue,Medium,Helpdesk,3.48,6,0,20.06,3,Resolved
ADM04308,IT,Transcript Request,Medium,Email,6.85,4,0,29.0,2,Resolved
ADM04309,Student Affairs,Accommodation Request,High,Walk-in,2.04,8,0,39.06,4,Resolved
ADM04310,Library,Graduation Clearance,Medium,Portal,3.56,3,0,34.99,2,Pending
ADM04311,Finance,Accommodation Request,High,Email,1.59,4,1,39.32,2,Escalated
ADM04312,Academic Affairs,Transcript Request,High,Walk-in,3.54,2,0,22.35,5,Resolved
ADM04313,Registrar,Course Registration,Medium,Phone,5.26,3,0,25.28,3,Resolved
ADM04314,Student Affairs,Student ID Issue,High,Email,2.81,5,1,27.62,4,Resolved
ADM04315,Academic Affairs,Student ID Issue,Low,Email,20.43,6,0,29.39,3,Resolved
ADM04316,Registrar,Accommodation Request,High,Portal,3.45,4,0,35.33,4,Pending
ADM04317,IT,Transcript Request,Low,Portal,13.25,3,0,34.82,3,Resolved
ADM04318,Registrar,Library Issue,Medium,Portal,9.63,5,0,22.77,3,Pending
ADM04319,Admissions,Fee Statement,Medium,Portal,3.72,5,0,32.69,3,Resolved
ADM04320,Admissions,Course Registration,High,Portal,1.8,5,0,20.25,4,Resolved
ADM04321,IT,Exam or Assessment Issue,Medium,Portal,9.29,5,0,41.11,2,Resolved
ADM04322,Academic Affairs,Course Registration,High,Portal,4.34,3,0,23.27,5,Resolved
ADM04323,IT,Student ID Issue,High,Email,1.09,6,1,26.89,3,Resolved
ADM04324,Admissions,Transcript Request,Low,Phone,22.6,5,0,49.33,3,Resolved
ADM04325,Library,Password Reset,Medium,Phone,2.08,6,0,14.26,4,Resolved
ADM04326,Academic Affairs,Graduation Clearance,Medium,Email,8.58,5,0,44.95,2,Resolved
ADM04327,Registrar,Portal Access,Medium,Email,4.23,1,0,6.58,4,Pending
ADM04328,Academic Affairs,Graduation Clearance,High,Email,1.35,3,0,31.33,3,Resolved
ADM04329,Registrar,Exam or Assessment Issue,High,Portal,2.52,5,0,38.72,3,Resolved
ADM04330,Student Affairs,Transcript Request,High,Portal,4.54,1,0,15.8,5,Resolved
ADM04331,Finance,Payment Issue,Critical,Portal,1.61,7,1,52.26,3,Resolved
ADM04332,Registrar,Transcript Request,Low,Helpdesk,23.34,7,0,47.69,2,Resolved
ADM04333,Admissions,Course Registration,Low,Portal,14.82,5,1,46.19,2,Resolved
ADM04334,IT,Graduation Clearance,High,Phone,2.8,3,0,36.85,4,Pending
ADM04335,Finance,Fee Statement,High,Email,0.56,4,0,22.9,3,Resolved
ADM04336,Registrar,Payment Issue,Low,Email,7.61,5,1,55.32,2,Resolved
ADM04337,IT,Student ID Issue,Medium,Email,5.98,6,0,15.89,3,Resolved
ADM04338,Student Affairs,Application Issue,High,Portal,3.89,3,0,32.98,4,Resolved
ADM04339,Finance,Application Issue,Low,Portal,20.45,4,0,45.56,3,Resolved
ADM04340,Registrar,Password Reset,Medium,Phone,4.27,3,0,14.08,3,Pending
ADM04341,Admissions,Student ID Issue,High,Phone,3.71,3,0,11.59,4,Resolved
ADM04342,Registrar,Library Issue,Critical,Email,1.69,4,0,17.56,3,Resolved
ADM04343,Student Affairs,Accommodation Request,High,Phone,2.19,3,0,30.04,2,Resolved
ADM04344,Student Affairs,Graduation Clearance,High,Email,3.63,2,0,35.97,4,Resolved
ADM04345,IT,Password Reset,Medium,Portal,5.5,2,0,8.69,4,Resolved
ADM04346,Finance,Application Issue,High,Phone,4.94,6,0,32.48,2,Resolved
ADM04347,Library,Accommodation Request,Low,Phone,4.13,6,1,48.13,2,Escalated
ADM04348,IT,Library Issue,Critical,Email,0.95,2,1,18.06,5,Resolved
ADM04349,Student Affairs,Student ID Issue,Medium,Email,4.11,7,0,26.1,4,Resolved
ADM04350,IT,Accommodation Request,Medium,Portal,8.8,2,0,35.11,3,Resolved
ADM04351,Library,Student ID Issue,High,Email,1.79,3,0,12.54,5,Resolved
ADM04352,IT,Library Issue,Low,Helpdesk,14.88,1,0,28.79,3,Resolved
ADM04353,Admissions,Portal Access,Critical,Portal,1.53,5,0,17.21,5,Resolved
ADM04354,Academic Affairs,Payment Issue,Medium,Helpdesk,5.98,2,1,50.39,1,Resolved
ADM04355,Admissions,Accommodation Request,Medium,Helpdesk,5.28,3,1,43.37,2,Escalated
ADM04356,IT,Graduation Clearance,Low,Portal,4.85,8,1,52.3,2,Resolved
ADM04357,Finance,Accommodation Request,High,Email,0.6,4,0,37.87,2,Pending
ADM04358,IT,Student ID Issue,High,Walk-in,4.81,4,1,28.92,3,Resolved
ADM04359,IT,Student ID Issue,Low,Email,16.86,2,0,19.62,5,Resolved
ADM04360,Registrar,Accommodation Request,Low,Portal,20.51,8,0,58.29,2,Resolved
ADM04361,Registrar,Student ID Issue,High,Email,2.66,8,0,19.2,4,Resolved
ADM04362,IT,Fee Statement,Low,Portal,9.23,3,0,26.5,4,Resolved
ADM04363,Library,Exam or Assessment Issue,Medium,Email,4.36,6,0,35.21,3,Resolved
ADM04364,Admissions,Graduation Clearance,Medium,Email,2.35,5,1,45.6,2,Resolved
ADM04365,Finance,Fee Statement,High,Phone,4.06,8,0,35.21,2,Pending
ADM04366,IT,Exam or Assessment Issue,Medium,Helpdesk,6.65,4,0,31.58,3,Resolved
ADM04367,Registrar,Portal Access,Medium,Email,5.85,11,0,25.69,2,Resolved
ADM04368,Admissions,Portal Access,Critical,Portal,1.73,3,0,15.8,4,Resolved
ADM04369,Registrar,Portal Access,Medium,Portal,5.56,6,1,28.45,3,Resolved
ADM04370,Registrar,Application Issue,Medium,Email,9.58,5,1,49.63,2,Resolved
ADM04371,Registrar,Application Issue,Low,Phone,4.26,4,0,30.1,2,Resolved
ADM04372,Finance,Transcript Request,Critical,Phone,1.97,3,0,18.5,3,Resolved
ADM04373,Registrar,Password Reset,High,Email,4.17,3,0,2.51,4,Resolved
ADM04374,Finance,Graduation Clearance,Low,Walk-in,11.1,4,1,56.79,1,Escalated
ADM04375,Admissions,Payment Issue,High,Phone,3.18,4,0,39.05,4,Resolved
ADM04376,Admissions,Fee Statement,Medium,Email,8.92,4,1,45.51,2,Resolved
ADM04377,Finance,Library Issue,Critical,Phone,1.07,7,0,19.83,5,Resolved
ADM04378,Student Affairs,Payment Issue,Medium,Portal,2.41,4,0,44.26,4,Resolved
ADM04379,Registrar,Exam or Assessment Issue,High,Phone,4.57,2,0,27.92,3,Pending
ADM04380,Admissions,Payment Issue,Medium,Portal,6.14,4,0,43.1,3,Resolved
ADM04381,Registrar,Library Issue,Low,Email,14.9,4,0,29.33,3,Resolved
ADM04382,Registrar,Course Registration,High,Walk-in,0.56,2,0,17.27,5,Resolved
ADM04383,IT,Accommodation Request,Low,Portal,6.0,3,1,41.35,3,Resolved
ADM04384,IT,Password Reset,High,Phone,4.0,5,0,11.23,4,Pending
ADM04385,Student Affairs,Graduation Clearance,High,Email,2.46,1,0,29.28,4,Resolved
ADM04386,IT,Transcript Request,Medium,Phone,9.98,6,1,46.72,3,Resolved
ADM04387,Academic Affairs,Exam or Assessment Issue,Low,Portal,17.91,2,0,49.34,2,Resolved
ADM04388,Registrar,Graduation Clearance,Critical,Walk-in,1.91,1,0,28.59,2,Resolved
ADM04389,Registrar,Portal Access,Medium,Portal,4.23,4,0,14.91,3,Resolved
ADM04390,Registrar,Library Issue,Medium,Portal,3.41,3,0,16.65,3,Resolved
ADM04391,Registrar,Exam or Assessment Issue,High,Email,2.19,4,0,26.56,3,Resolved
ADM04392,Admissions,Application Issue,High,Walk-in,1.69,5,0,31.77,4,Resolved
ADM04393,IT,Portal Access,Medium,Portal,6.91,4,0,17.4,4,Pending
ADM04394,Registrar,Graduation Clearance,Medium,Helpdesk,7.96,2,1,45.28,3,Resolved
ADM04395,Academic Affairs,Student ID Issue,High,Portal,2.31,4,0,13.62,4,Resolved
ADM04396,Student Affairs,Library Issue,Low,Phone,5.8,6,0,25.67,4,Resolved
ADM04397,Finance,Portal Access,Low,Phone,4.53,6,0,19.73,3,Resolved
ADM04398,Registrar,Graduation Clearance,High,Phone,1.48,4,0,37.05,4,Resolved
ADM04399,Registrar,Accommodation Request,Medium,Phone,7.86,3,0,38.02,2,Pending
ADM04400,Registrar,Graduation Clearance,Low,Email,8.43,3,0,36.38,4,Resolved
ADM04401,Registrar,Accommodation Request,Medium,Portal,9.29,4,0,41.13,3,Resolved
ADM04402,Admissions,Accommodation Request,Low,Portal,17.03,5,0,54.37,3,Pending
ADM04403,Finance,Portal Access,Low,Portal,21.24,2,0,24.46,3,Resolved
ADM04404,Finance,Graduation Clearance,Low,Portal,11.72,7,0,51.81,2,Resolved
ADM04405,Academic Affairs,Graduation Clearance,High,Portal,4.93,5,0,42.55,4,Resolved
ADM04406,IT,Accommodation Request,High,Portal,3.56,2,0,31.1,4,Resolved
ADM04407,Academic Affairs,Fee Statement,Medium,Email,4.86,3,1,40.7,4,Resolved
ADM04408,Registrar,Application Issue,Medium,Phone,3.7,7,1,48.19,2,Escalated
ADM04409,Finance,Transcript Request,High,Email,4.4,3,0,30.76,3,Resolved
ADM04410,IT,Graduation Clearance,Medium,Portal,4.54,3,0,38.93,3,Resolved
ADM04411,Registrar,Library Issue,Medium,Phone,2.35,5,1,25.66,2,Escalated
ADM04412,Registrar,Exam or Assessment Issue,High,Email,1.75,7,0,35.65,2,Resolved
ADM04413,IT,Payment Issue,Medium,Portal,3.44,3,1,45.78,3,Resolved
ADM04414,IT,Portal Access,Medium,Portal,4.56,3,0,14.5,4,Resolved
ADM04415,Admissions,Portal Access,Critical,Walk-in,1.3,4,0,8.32,4,Resolved
ADM04416,Admissions,Application Issue,Medium,Portal,6.0,6,0,31.19,3,Resolved
ADM04417,Admissions,Graduation Clearance,Medium,Email,7.69,3,0,40.82,4,Pending
ADM04418,Registrar,Graduation Clearance,Medium,Portal,4.67,7,1,47.71,2,Resolved
ADM04419,Finance,Course Registration,Medium,Email,2.96,2,0,21.85,5,Resolved
ADM04420,Registrar,Exam or Assessment Issue,High,Walk-in,1.22,3,0,28.39,4,Resolved
ADM04421,Registrar,Password Reset,High,Phone,4.09,5,1,26.85,2,Resolved
ADM04422,Academic Affairs,Student ID Issue,Medium,Walk-in,2.78,5,1,29.04,2,Resolved
ADM04423,IT,Library Issue,Low,Portal,19.96,7,0,40.89,3,Resolved
ADM04424,IT,Course Registration,Critical,Walk-in,0.58,8,0,25.5,3,Resolved
ADM04425,Finance,Student ID Issue,Medium,Portal,7.43,4,0,19.26,4,Resolved
ADM04426,Finance,Password Reset,Low,Email,16.46,4,1,35.92,4,Resolved
ADM04427,Finance,Payment Issue,Medium,Email,2.79,2,1,43.17,3,Escalated
ADM04428,Registrar,Portal Access,Medium,Phone,7.33,3,1,25.38,4,Resolved
ADM04429,Registrar,Accommodation Request,Low,Helpdesk,12.95,5,0,43.62,2,Pending
ADM04430,Library,Application Issue,Low,Email,18.14,3,1,53.8,1,Resolved
ADM04431,IT,Library Issue,High,Helpdesk,4.26,3,0,17.53,3,Resolved
ADM04432,Admissions,Application Issue,High,Walk-in,0.68,9,0,33.84,4,Resolved
ADM04433,Admissions,Transcript Request,Medium,Portal,7.18,4,1,42.84,3,Escalated
ADM04434,Academic Affairs,Payment Issue,Low,Phone,6.1,3,0,44.62,4,Resolved
ADM04435,Registrar,Transcript Request,Medium,Email,5.03,6,0,34.49,2,Resolved
ADM04436,Finance,Password Reset,Medium,Walk-in,2.1,4,0,6.17,5,Resolved
ADM04437,Finance,Password Reset,Medium,Phone,4.63,2,0,11.29,3,Resolved
ADM04438,Library,Fee Statement,Medium,Portal,3.35,1,0,21.77,5,Resolved
ADM04439,Academic Affairs,Password Reset,Low,Helpdesk,15.13,2,0,17.02,5,Pending
ADM04440,Finance,Course Registration,Medium,Email,6.1,10,0,35.55,4,Resolved
ADM04441,Student Affairs,Course Registration,Critical,Walk-in,1.63,5,1,37.02,2,Escalated
ADM04442,Student Affairs,Accommodation Request,Medium,Email,7.12,6,0,36.78,4,Resolved
ADM04443,Finance,Portal Access,Medium,Walk-in,7.72,2,0,14.19,3,Resolved
ADM04444,Finance,Graduation Clearance,Medium,Portal,2.74,2,1,39.28,3,Resolved
ADM04445,Admissions,Application Issue,Medium,Phone,2.22,5,0,30.7,4,Resolved
ADM04446,Academic Affairs,Portal Access,High,Portal,4.86,5,0,14.4,3,Resolved
ADM04447,Registrar,Portal Access,Medium,Helpdesk,5.42,1,0,12.3,4,Resolved
ADM04448,Library,Course Registration,High,Portal,2.28,4,1,34.54,4,Escalated
ADM04449,Finance,Application Issue,Low,Email,4.7,2,0,30.29,3,Resolved
ADM04450,Library,Accommodation Request,High,Portal,1.04,3,0,32.83,4,Resolved
ADM04451,Admissions,Payment Issue,Low,Walk-in,22.81,2,0,55.69,3,Resolved
ADM04452,IT,Fee Statement,Low,Portal,17.9,5,0,45.84,4,Resolved
ADM04453,Student Affairs,Course Registration,Low,Portal,12.18,5,0,25.08,2,Resolved
ADM04454,Library,Transcript Request,Low,Walk-in,22.09,7,0,49.57,1,Resolved
ADM04455,Student Affairs,Fee Statement,Medium,Walk-in,6.72,1,0,29.47,3,Resolved
ADM04456,Registrar,Payment Issue,Medium,Email,7.97,6,0,45.47,3,Resolved
ADM04457,IT,Password Reset,High,Portal,2.44,3,1,18.33,5,Escalated
ADM04458,Registrar,Portal Access,Low,Email,12.63,4,0,24.01,3,Resolved
ADM04459,Admissions,Exam or Assessment Issue,Medium,Helpdesk,2.55,4,1,35.05,4,Resolved
ADM04460,Admissions,Library Issue,Medium,Walk-in,7.87,3,0,17.37,4,Pending
ADM04461,Admissions,Accommodation Request,Medium,Walk-in,2.79,5,0,27.37,2,Resolved
ADM04462,Admissions,Portal Access,Low,Phone,19.29,3,0,29.21,4,Resolved
ADM04463,Academic Affairs,Password Reset,Low,Portal,7.82,3,0,17.94,4,Resolved
ADM04464,Registrar,Payment Issue,Medium,Portal,3.98,2,0,35.94,2,Resolved
ADM04465,IT,Transcript Request,High,Portal,4.63,5,0,28.5,3,Resolved
ADM04466,Finance,Accommodation Request,High,Email,2.62,6,0,36.92,3,Resolved
ADM04467,Registrar,Accommodation Request,Low,Helpdesk,6.5,2,0,35.32,4,Resolved
ADM04468,Registrar,Payment Issue,Low,Portal,22.1,4,0,62.3,3,Resolved
ADM04469,Academic Affairs,Graduation Clearance,Medium,Helpdesk,5.62,4,0,41.31,4,Resolved
ADM04470,Student Affairs,Fee Statement,Medium,Helpdesk,3.04,5,0,24.04,3,Resolved
ADM04471,Student Affairs,Student ID Issue,Medium,Walk-in,5.13,3,0,17.72,4,Resolved
ADM04472,Academic Affairs,Exam or Assessment Issue,Medium,Portal,6.71,6,0,43.11,4,Pending
ADM04473,Registrar,Portal Access,Medium,Email,4.9,6,0,14.12,4,Resolved
ADM04474,Finance,Fee Statement,Medium,Portal,9.39,4,0,31.21,2,Resolved
ADM04475,IT,Course Registration,Medium,Phone,4.16,3,0,16.94,5,Resolved
ADM04476,Admissions,Payment Issue,Low,Email,7.52,4,0,41.44,3,Resolved
ADM04477,Admissions,Course Registration,Medium,Email,3.77,4,0,30.35,3,Resolved
ADM04478,Finance,Transcript Request,Medium,Phone,2.67,3,0,21.45,3,Resolved
ADM04479,IT,Fee Statement,High,Helpdesk,2.54,3,0,20.64,5,Resolved
ADM04480,IT,Library Issue,High,Helpdesk,4.45,6,0,17.03,4,Resolved
ADM04481,Registrar,Student ID Issue,Low,Email,10.11,4,0,17.66,5,Resolved
ADM04482,Admissions,Payment Issue,Low,Helpdesk,9.17,4,1,56.68,1,Escalated
ADM04483,IT,Payment Issue,Medium,Phone,8.7,2,0,43.62,2,Resolved
ADM04484,IT,Student ID Issue,Medium,Phone,4.45,4,1,23.22,3,Resolved
ADM04485,Registrar,Accommodation Request,High,Portal,2.65,5,0,34.19,3,Resolved
ADM04486,Library,Password Reset,Medium,Phone,2.25,5,0,14.05,4,Resolved
ADM04487,Registrar,Transcript Request,High,Phone,1.79,3,1,35.07,3,Resolved
ADM04488,Finance,Fee Statement,Medium,Portal,3.04,5,0,26.54,2,Resolved
ADM04489,Library,Payment Issue,High,Portal,0.98,5,0,42.51,2,Resolved
ADM04490,IT,Payment Issue,High,Walk-in,2.44,6,1,51.98,2,Escalated
ADM04491,Finance,Student ID Issue,High,Helpdesk,1.75,5,0,12.36,4,Pending
ADM04492,IT,Library Issue,Medium,Helpdesk,3.33,5,0,23.06,5,Pending
ADM04493,IT,Student ID Issue,High,Email,2.8,4,0,14.25,3,Resolved
ADM04494,Library,Student ID Issue,Medium,Portal,8.27,5,1,30.62,4,Resolved
ADM04495,Library,Portal Access,High,Portal,3.81,3,1,21.87,4,Escalated
ADM04496,IT,Fee Statement,Medium,Phone,4.01,4,0,31.81,3,Resolved
ADM04497,Admissions,Exam or Assessment Issue,Medium,Walk-in,4.11,3,0,32.28,2,Resolved
ADM04498,Registrar,Accommodation Request,Critical,Email,1.52,2,0,31.23,2,Resolved
ADM04499,Finance,Student ID Issue,High,Helpdesk,3.01,4,0,13.32,5,Resolved
ADM04500,Admissions,Library Issue,High,Phone,3.84,2,1,19.35,5,Resolved
ADM04501,IT,Accommodation Request,Medium,Email,2.01,3,1,43.0,4,Resolved
ADM04502,Admissions,Application Issue,Critical,Portal,0.36,4,0,27.4,2,Resolved
ADM04503,Finance,Fee Statement,High,Email,4.11,5,0,26.58,3,Resolved
ADM04504,Registrar,Payment Issue,Medium,Portal,8.81,4,1,54.05,1,Resolved
ADM04505,Admissions,Graduation Clearance,High,Email,2.05,4,1,49.28,2,Escalated
ADM04506,Finance,Application Issue,Low,Phone,23.17,4,1,57.33,1,Escalated
ADM04507,Library,Accommodation Request,Low,Phone,10.03,5,0,38.69,2,Resolved
ADM04508,Registrar,Accommodation Request,Medium,Portal,9.12,3,0,38.16,3,Resolved
ADM04509,IT,Fee Statement,Low,Email,12.43,6,1,47.71,2,Resolved
ADM04510,Academic Affairs,Password Reset,High,Phone,3.03,7,0,15.1,3,Resolved
ADM04511,Registrar,Portal Access,Medium,Portal,7.15,3,0,19.68,3,Resolved
ADM04512,Admissions,Payment Issue,Low,Helpdesk,6.66,9,0,47.06,4,Resolved
ADM04513,Registrar,Application Issue,Medium,Portal,2.3,4,0,24.16,4,Pending
ADM04514,IT,Student ID Issue,Medium,Email,5.41,4,0,14.31,3,Resolved
ADM04515,IT,Transcript Request,Low,Phone,7.21,5,1,42.39,4,Escalated
ADM04516,Admissions,Exam or Assessment Issue,Low,Walk-in,14.98,5,0,43.09,4,Resolved
ADM04517,Admissions,Password Reset,Medium,Email,5.63,4,0,15.45,3,Resolved
ADM04518,Student Affairs,Payment Issue,High,Portal,1.05,2,1,41.52,3,Resolved
ADM04519,Registrar,Transcript Request,High,Phone,3.5,3,0,21.25,4,Resolved
ADM04520,Registrar,Exam or Assessment Issue,Low,Email,4.41,6,0,32.09,2,Resolved
ADM04521,Student Affairs,Portal Access,Medium,Email,3.01,3,0,13.08,4,Pending
ADM04522,IT,Exam or Assessment Issue,Medium,Phone,7.6,6,0,44.39,3,Resolved
ADM04523,Student Affairs,Graduation Clearance,Medium,Phone,6.22,3,1,50.43,3,Resolved
ADM04524,IT,Transcript Request,High,Walk-in,1.77,3,0,20.22,4,Resolved
ADM04525,Student Affairs,Student ID Issue,Medium,Portal,3.44,2,0,16.85,4,Resolved
ADM04526,Admissions,Transcript Request,Medium,Portal,7.14,3,0,26.22,4,Resolved
ADM04527,Library,Password Reset,Medium,Portal,3.64,3,1,19.68,4,Resolved
ADM04528,Academic Affairs,Course Registration,Critical,Walk-in,1.97,3,0,21.8,4,Resolved
ADM04529,IT,Password Reset,Medium,Phone,8.95,3,0,17.32,4,Pending
ADM04530,Registrar,Student ID Issue,Medium,Portal,3.06,4,1,19.21,3,Resolved
ADM04531,Finance,Application Issue,Medium,Portal,8.87,8,0,41.6,2,Resolved
ADM04532,Registrar,Course Registration,Medium,Walk-in,4.76,3,1,29.6,2,Resolved
ADM04533,Finance,Portal Access,High,Portal,2.7,2,0,8.42,4,Resolved
ADM04534,Finance,Password Reset,Low,Email,6.86,5,0,17.19,3,Resolved
ADM04535,IT,Course Registration,High,Email,1.03,5,0,23.54,3,Resolved
ADM04536,IT,Accommodation Request,Medium,Helpdesk,8.92,2,0,33.62,2,Resolved
ADM04537,Admissions,Password Reset,Low,Helpdesk,16.6,7,0,32.0,4,Resolved
ADM04538,IT,Course Registration,Low,Portal,13.21,1,0,22.04,5,Resolved
ADM04539,Registrar,Fee Statement,High,Portal,0.66,6,0,23.2,4,Pending
ADM04540,Registrar,Application Issue,Medium,Email,9.38,5,1,48.75,1,Resolved
ADM04541,Registrar,Payment Issue,Medium,Email,5.01,6,0,43.9,2,Resolved
ADM04542,Admissions,Transcript Request,Low,Portal,12.33,4,0,38.1,2,Resolved
ADM04543,Registrar,Course Registration,High,Email,1.8,4,0,19.18,3,Resolved
ADM04544,Finance,Payment Issue,High,Phone,4.51,6,0,45.69,4,Resolved
ADM04545,Admissions,Password Reset,High,Portal,2.05,4,0,16.18,5,Resolved
ADM04546,Student Affairs,Exam or Assessment Issue,Medium,Walk-in,3.39,4,0,33.74,4,Resolved
ADM04547,Registrar,Payment Issue,Medium,Phone,6.0,1,1,45.65,3,Resolved
ADM04548,IT,Accommodation Request,Medium,Email,8.25,2,0,40.04,4,Resolved
ADM04549,IT,Library Issue,Low,Email,11.43,6,0,33.7,3,Resolved
ADM04550,Library,Library Issue,High,Helpdesk,3.43,2,0,14.16,3,Resolved
ADM04551,Academic Affairs,Application Issue,High,Walk-in,1.87,5,0,32.83,3,Resolved
ADM04552,Registrar,Graduation Clearance,High,Portal,3.74,8,0,48.39,2,Resolved
ADM04553,Registrar,Course Registration,Medium,Email,7.35,5,1,38.06,3,Escalated
ADM04554,Student Affairs,Accommodation Request,High,Helpdesk,3.56,3,0,31.77,3,Resolved
ADM04555,Admissions,Transcript Request,High,Email,3.41,4,0,24.02,4,Resolved
ADM04556,IT,Portal Access,Medium,Email,3.25,3,0,11.43,5,Resolved
ADM04557,IT,Student ID Issue,Medium,Helpdesk,9.1,9,0,25.65,4,Resolved
ADM04558,IT,Application Issue,Medium,Walk-in,6.69,6,0,33.15,3,Pending
ADM04559,Academic Affairs,Student ID Issue,Low,Phone,11.65,5,0,24.44,2,Resolved
ADM04560,Academic Affairs,Library Issue,High,Email,1.28,3,0,16.66,3,Resolved
ADM04561,IT,Exam or Assessment Issue,Medium,Portal,8.27,3,0,40.12,3,Resolved
ADM04562,Finance,Fee Statement,Medium,Phone,6.07,3,1,40.43,2,Escalated
ADM04563,Student Affairs,Portal Access,Medium,Walk-in,3.18,2,0,10.25,3,Resolved
ADM04564,Registrar,Portal Access,Medium,Portal,9.37,3,0,16.04,3,Resolved
ADM04565,Finance,Student ID Issue,Low,Helpdesk,6.12,2,1,20.88,5,Escalated
ADM04566,Student Affairs,Fee Statement,Critical,Email,1.14,2,0,24.54,4,Resolved
ADM04567,Finance,Graduation Clearance,Low,Email,16.21,5,0,53.25,3,Resolved
ADM04568,Finance,Graduation Clearance,High,Portal,5.0,4,0,42.52,3,Resolved
ADM04569,Registrar,Graduation Clearance,High,Phone,1.13,5,0,36.9,3,Resolved
ADM04570,Student Affairs,Password Reset,Low,Phone,16.27,4,1,33.32,4,Resolved
ADM04571,Admissions,Exam or Assessment Issue,High,Phone,2.65,4,0,29.74,4,Resolved
ADM04572,IT,Payment Issue,Medium,Email,4.06,4,0,37.97,2,Resolved
ADM04573,Finance,Application Issue,Medium,Helpdesk,9.54,6,1,44.74,3,Resolved
ADM04574,Library,Accommodation Request,Medium,Email,8.33,7,0,45.65,4,Resolved
ADM04575,Library,Portal Access,Medium,Email,8.22,3,0,17.07,4,Resolved
ADM04576,Finance,Student ID Issue,Low,Phone,21.98,1,0,34.33,3,Resolved
ADM04577,Admissions,Payment Issue,High,Email,3.76,6,0,43.84,3,Resolved
ADM04578,Registrar,Library Issue,Medium,Portal,6.05,8,0,21.28,5,Resolved
ADM04579,Academic Affairs,Accommodation Request,Low,Portal,11.83,4,0,41.64,4,Resolved
ADM04580,IT,Student ID Issue,High,Email,3.67,3,1,22.69,5,Resolved
ADM04581,Academic Affairs,Application Issue,High,Email,3.21,7,1,41.23,2,Resolved
ADM04582,Finance,Transcript Request,Medium,Portal,6.34,3,0,20.53,3,Resolved
ADM04583,Library,Portal Access,Low,Portal,15.78,5,0,23.4,3,Resolved
ADM04584,Library,Exam or Assessment Issue,Medium,Portal,7.24,5,1,52.41,1,Escalated
ADM04585,IT,Graduation Clearance,Low,Phone,23.37,6,0,57.44,1,Resolved
ADM04586,Academic Affairs,Library Issue,Medium,Email,8.03,4,0,22.44,4,Resolved
ADM04587,Finance,Application Issue,High,Phone,1.29,4,0,25.16,4,Resolved
ADM04588,Registrar,Course Registration,Low,Phone,13.34,5,0,27.6,4,Resolved
ADM04589,IT,Library Issue,Medium,Walk-in,7.43,5,0,22.11,3,Resolved
ADM04590,IT,Accommodation Request,High,Walk-in,1.29,4,0,33.29,2,Resolved
ADM04591,IT,Course Registration,Low,Email,22.65,2,1,46.24,2,Resolved
ADM04592,Registrar,Library Issue,Low,Email,5.54,3,0,24.86,4,Resolved
ADM04593,Admissions,Student ID Issue,Medium,Phone,6.89,4,0,15.84,4,Pending
ADM04594,Finance,Graduation Clearance,High,Walk-in,4.89,2,0,36.39,4,Resolved
ADM04595,Admissions,Transcript Request,High,Email,3.78,5,0,21.36,3,Resolved
ADM04596,IT,Payment Issue,High,Portal,3.55,5,0,41.9,4,Resolved
ADM04597,Library,Transcript Request,Medium,Walk-in,9.98,6,0,38.07,3,Resolved
ADM04598,Finance,Transcript Request,High,Walk-in,4.06,6,0,29.76,3,Resolved
ADM04599,Admissions,Student ID Issue,Low,Phone,23.41,4,1,37.92,2,Escalated
ADM04600,Finance,Fee Statement,Medium,Email,7.59,3,0,32.02,2,Resolved
ADM04601,Registrar,Library Issue,Medium,Email,7.32,5,0,20.61,3,Resolved
ADM04602,Library,Payment Issue,Low,Portal,19.25,2,0,49.67,2,Resolved
ADM04603,Student Affairs,Password Reset,Medium,Email,3.51,3,0,11.68,3,Resolved
ADM04604,Finance,Graduation Clearance,Medium,Helpdesk,8.45,3,0,43.22,3,Resolved
ADM04605,Library,Student ID Issue,Medium,Email,9.76,4,0,22.15,4,Pending
ADM04606,Student Affairs,Fee Statement,Medium,Email,6.89,5,0,32.94,3,Resolved
ADM04607,Student Affairs,Student ID Issue,High,Email,0.56,5,0,17.47,4,Resolved
ADM04608,Registrar,Graduation Clearance,High,Phone,0.82,6,0,41.68,2,Resolved
ADM04609,Academic Affairs,Exam or Assessment Issue,Medium,Portal,3.88,4,1,42.08,4,Escalated
ADM04610,Finance,Fee Statement,Medium,Phone,5.93,5,1,44.36,4,Resolved
ADM04611,Finance,Transcript Request,Medium,Helpdesk,5.31,3,1,37.12,2,Escalated
ADM04612,Registrar,Graduation Clearance,Low,Portal,23.58,6,0,68.39,1,Resolved
ADM04613,Admissions,Portal Access,High,Email,4.76,7,0,16.42,4,Resolved
ADM04614,Registrar,Portal Access,Low,Walk-in,11.85,2,1,33.71,2,Resolved
ADM04615,Finance,Course Registration,Low,Walk-in,19.89,4,0,37.3,3,Resolved
ADM04616,Finance,Password Reset,Low,Email,16.73,4,0,32.0,2,Resolved
ADM04617,Library,Graduation Clearance,High,Email,1.59,2,0,32.26,3,Resolved
ADM04618,Student Affairs,Payment Issue,Low,Walk-in,22.62,3,0,58.97,1,Resolved
ADM04619,Finance,Exam or Assessment Issue,High,Portal,1.67,1,0,25.66,3,Resolved
ADM04620,Student Affairs,Graduation Clearance,Low,Portal,21.41,5,0,56.35,2,Resolved
ADM04621,Student Affairs,Fee Statement,High,Walk-in,3.37,4,1,33.64,4,Resolved
ADM04622,Library,Library Issue,High,Email,3.3,4,0,17.35,4,Resolved
ADM04623,Registrar,Transcript Request,Medium,Phone,8.71,3,0,27.81,2,Resolved
ADM04624,IT,Accommodation Request,High,Email,2.72,3,0,30.48,2,Resolved
ADM04625,Academic Affairs,Library Issue,High,Email,4.34,4,0,15.98,5,Resolved
ADM04626,IT,Library Issue,High,Phone,2.98,4,1,27.92,2,Resolved
ADM04627,Finance,Fee Statement,High,Email,4.93,5,0,30.54,3,Resolved
ADM04628,Admissions,Payment Issue,Medium,Phone,7.28,4,0,44.8,4,Resolved
ADM04629,IT,Transcript Request,Medium,Email,4.99,5,0,29.28,3,Resolved
ADM04630,Admissions,Transcript Request,Critical,Email,1.57,5,0,24.36,2,Resolved
ADM04631,Registrar,Payment Issue,Medium,Email,6.08,4,0,47.77,4,Resolved
ADM04632,Finance,Portal Access,Critical,Walk-in,1.65,3,0,9.21,4,Resolved
ADM04633,Library,Application Issue,Medium,Portal,8.67,5,0,33.94,4,Resolved
ADM04634,Student Affairs,Course Registration,Medium,Portal,6.94,6,0,29.38,3,Pending
ADM04635,Registrar,Student ID Issue,High,Portal,4.42,7,1,31.93,3,Resolved
ADM04636,Academic Affairs,Course Registration,High,Phone,2.32,2,0,20.91,5,Resolved
ADM04637,Finance,Portal Access,Medium,Email,2.46,4,1,21.96,4,Resolved
ADM04638,IT,Fee Statement,Low,Helpdesk,17.25,4,0,39.35,3,Resolved
ADM04639,Library,Fee Statement,High,Helpdesk,3.94,3,0,24.39,2,Resolved
ADM04640,Student Affairs,Password Reset,Critical,Portal,0.33,6,0,13.24,4,Resolved
ADM04641,Academic Affairs,Course Registration,Medium,Portal,8.17,2,0,24.03,4,Resolved
ADM04642,Finance,Course Registration,Low,Helpdesk,16.78,5,0,40.02,2,Resolved
ADM04643,Student Affairs,Student ID Issue,Medium,Portal,2.93,3,0,15.7,5,Resolved
ADM04644,Registrar,Fee Statement,High,Helpdesk,2.93,4,0,25.22,2,Resolved
ADM04645,IT,Library Issue,Low,Email,6.17,1,0,15.74,4,Resolved
ADM04646,Library,Course Registration,Medium,Portal,4.57,4,0,19.63,5,Resolved
ADM04647,IT,Student ID Issue,Low,Helpdesk,20.08,3,0,29.7,2,Resolved
ADM04648,Finance,Payment Issue,Medium,Email,2.81,5,1,46.76,2,Resolved
ADM04649,Student Affairs,Accommodation Request,Medium,Email,5.68,3,0,30.24,4,Resolved
ADM04650,Registrar,Payment Issue,Medium,Phone,6.85,6,0,52.0,1,Resolved
ADM04651,Registrar,Student ID Issue,High,Helpdesk,4.73,6,0,18.49,3,Resolved
ADM04652,IT,Library Issue,Medium,Email,7.9,4,0,23.1,5,Resolved
ADM04653,Admissions,Password Reset,Medium,Helpdesk,3.11,3,1,22.62,4,Resolved
ADM04654,Student Affairs,Fee Statement,Medium,Phone,9.75,2,0,31.75,3,Resolved
ADM04655,Finance,Password Reset,High,Helpdesk,2.65,1,1,12.87,4,Escalated
ADM04656,Registrar,Password Reset,High,Phone,2.16,7,0,21.22,5,Resolved
ADM04657,Student Affairs,Student ID Issue,Low,Phone,6.57,4,0,17.32,5,Pending
ADM04658,Admissions,Fee Statement,Low,Walk-in,22.67,2,0,44.4,2,Resolved
ADM04659,Registrar,Transcript Request,Medium,Email,6.69,3,0,25.95,4,Resolved
ADM04660,IT,Accommodation Request,High,Helpdesk,4.95,4,0,35.64,3,Resolved
ADM04661,Admissions,Course Registration,Medium,Email,3.39,2,0,22.25,3,Resolved
ADM04662,IT,Password Reset,Medium,Email,6.37,4,0,13.37,5,Resolved
ADM04663,Admissions,Payment Issue,High,Phone,0.99,1,0,31.22,4,Resolved
ADM04664,Student Affairs,Transcript Request,Medium,Email,6.19,4,1,39.65,2,Resolved
ADM04665,Student Affairs,Transcript Request,Medium,Walk-in,9.12,4,1,40.24,3,Resolved
ADM04666,IT,Library Issue,Low,Walk-in,6.19,7,1,36.64,3,Escalated
ADM04667,Registrar,Password Reset,Low,Email,9.39,5,0,20.56,3,Resolved
ADM04668,Student Affairs,Graduation Clearance,Medium,Email,7.46,4,0,39.83,4,Resolved
ADM04669,IT,Password Reset,Medium,Portal,2.61,2,0,6.69,5,Resolved
ADM04670,IT,Application Issue,Critical,Helpdesk,1.02,4,0,28.23,2,Resolved
ADM04671,Finance,Student ID Issue,Low,Walk-in,10.66,4,0,24.56,2,Resolved
ADM04672,Student Affairs,Library Issue,Medium,Email,8.71,8,0,29.36,2,Resolved
ADM04673,IT,Transcript Request,Medium,Helpdesk,2.39,3,0,25.94,3,Resolved
ADM04674,Registrar,Transcript Request,Medium,Email,8.91,6,0,32.75,2,Resolved
ADM04675,Admissions,Application Issue,High,Portal,3.67,5,0,31.86,4,Resolved
ADM04676,Student Affairs,Course Registration,High,Email,1.84,2,0,15.84,4,Resolved
ADM04677,Registrar,Portal Access,Critical,Portal,0.56,2,1,17.82,3,Escalated
ADM04678,Academic Affairs,Payment Issue,Low,Phone,23.0,3,0,55.34,1,Resolved
ADM04679,IT,Portal Access,Low,Portal,15.08,8,1,37.23,4,Escalated
ADM04680,IT,Password Reset,Low,Walk-in,10.9,4,0,18.03,4,Pending
ADM04681,Finance,Fee Statement,Medium,Phone,2.36,3,0,29.96,4,Resolved
ADM04682,Finance,Exam or Assessment Issue,Medium,Email,3.33,4,0,29.87,4,Resolved
ADM04683,Academic Affairs,Library Issue,High,Portal,3.19,1,0,13.13,3,Resolved
ADM04684,Finance,Password Reset,Medium,Email,6.1,8,0,20.37,5,Resolved
ADM04685,Library,Course Registration,High,Portal,3.91,5,0,21.08,4,Resolved
ADM04686,Finance,Portal Access,Medium,Portal,8.68,3,0,15.74,4,Resolved
ADM04687,Registrar,Password Reset,Medium,Email,5.18,4,0,13.72,3,Resolved
ADM04688,Registrar,Exam or Assessment Issue,Medium,Portal,2.81,2,0,25.22,4,Resolved
ADM04689,Admissions,Payment Issue,Low,Helpdesk,19.83,6,0,55.45,1,Resolved
ADM04690,Academic Affairs,Transcript Request,High,Portal,2.99,6,0,25.24,2,Resolved
ADM04691,Finance,Student ID Issue,Low,Helpdesk,23.6,5,0,35.25,2,Pending
ADM04692,Finance,Accommodation Request,High,Portal,4.08,6,0,33.61,3,Pending
ADM04693,Finance,Password Reset,Medium,Helpdesk,4.63,4,1,25.29,2,Escalated
ADM04694,Admissions,Course Registration,High,Portal,2.43,4,0,25.31,4,Resolved
ADM04695,Admissions,Library Issue,High,Walk-in,1.56,3,1,22.13,3,Escalated
ADM04696,Student Affairs,Fee Statement,Medium,Portal,6.1,9,0,40.71,3,Resolved
ADM04697,Admissions,Payment Issue,Medium,Email,7.69,3,0,44.25,2,Resolved
ADM04698,Admissions,Graduation Clearance,Low,Walk-in,16.25,3,0,49.94,3,Resolved
ADM04699,Registrar,Application Issue,Medium,Walk-in,4.74,5,0,33.62,3,Resolved
ADM04700,Academic Affairs,Course Registration,Low,Walk-in,20.47,2,0,38.4,4,Resolved
ADM04701,Finance,Portal Access,Medium,Email,2.84,4,0,7.44,5,Resolved
ADM04702,Registrar,Student ID Issue,Low,Phone,6.85,2,0,15.29,3,Resolved
ADM04703,IT,Portal Access,Critical,Email,0.93,2,0,4.69,4,Resolved
ADM04704,IT,Transcript Request,Medium,Email,7.62,3,0,27.03,4,Resolved
ADM04705,Admissions,Exam or Assessment Issue,High,Helpdesk,3.62,5,1,43.04,3,Resolved
ADM04706,Admissions,Student ID Issue,Low,Portal,11.33,4,0,20.63,5,Pending
ADM04707,Library,Portal Access,Medium,Helpdesk,7.57,3,0,21.96,4,Resolved
ADM04708,Registrar,Library Issue,Medium,Portal,2.48,3,0,17.95,4,Pending
ADM04709,Student Affairs,Portal Access,Medium,Helpdesk,4.32,3,0,8.28,3,Resolved
ADM04710,IT,Payment Issue,High,Phone,3.62,1,0,38.46,2,Resolved
ADM04711,Admissions,Payment Issue,Critical,Portal,0.53,4,0,36.44,3,Resolved
ADM04712,Admissions,Accommodation Request,Medium,Portal,3.7,3,0,28.45,2,Resolved
ADM04713,Finance,Portal Access,High,Walk-in,0.89,5,0,16.92,4,Resolved
ADM04714,Library,Library Issue,High,Walk-in,2.14,6,0,19.19,5,Resolved
ADM04715,Admissions,Library Issue,Critical,Portal,1.68,4,1,31.17,4,Resolved
ADM04716,Finance,Password Reset,Medium,Phone,8.69,5,0,16.04,5,Resolved
ADM04717,IT,Fee Statement,Critical,Portal,1.75,2,0,21.11,5,Resolved
ADM04718,Academic Affairs,Student ID Issue,High,Phone,0.67,4,0,12.14,5,Resolved
ADM04719,Admissions,Course Registration,Low,Helpdesk,23.87,3,0,45.19,4,Resolved
ADM04720,Academic Affairs,Application Issue,Medium,Email,6.02,2,0,28.26,4,Resolved
ADM04721,Finance,Student ID Issue,Medium,Phone,8.98,2,0,19.14,4,Resolved
ADM04722,Registrar,Student ID Issue,Medium,Portal,9.24,4,1,37.73,2,Resolved
ADM04723,Registrar,Transcript Request,High,Portal,2.82,9,1,41.21,4,Escalated
ADM04724,Admissions,Graduation Clearance,High,Helpdesk,0.73,3,1,45.84,3,Resolved
ADM04725,Registrar,Student ID Issue,High,Portal,3.19,3,0,9.96,4,Resolved
ADM04726,Registrar,Transcript Request,Medium,Email,4.67,3,0,19.23,3,Resolved
ADM04727,Academic Affairs,Password Reset,Low,Walk-in,8.14,3,0,11.88,4,Resolved
ADM04728,Student Affairs,Exam or Assessment Issue,Medium,Portal,3.46,4,1,45.07,4,Escalated
ADM04729,Library,Fee Statement,High,Portal,3.02,5,0,24.7,2,Resolved
ADM04730,Registrar,Library Issue,Low,Email,6.09,2,0,21.78,3,Resolved
ADM04731,Registrar,Accommodation Request,Medium,Email,8.57,2,0,31.18,2,Resolved
ADM04732,Registrar,Library Issue,Medium,Email,3.82,3,0,17.55,3,Pending
ADM04733,IT,Portal Access,Low,Phone,14.99,4,0,25.55,3,Resolved
ADM04734,Academic Affairs,Application Issue,Medium,Portal,3.0,4,1,34.8,2,Resolved
ADM04735,Admissions,Fee Statement,Low,Portal,21.19,7,0,48.27,1,Resolved
ADM04736,Registrar,Fee Statement,Critical,Email,1.45,3,0,23.13,4,Resolved
ADM04737,Admissions,Password Reset,Low,Email,8.13,6,0,17.15,4,Resolved
ADM04738,Finance,Application Issue,High,Email,3.72,2,1,32.26,4,Escalated
ADM04739,Finance,Graduation Clearance,Low,Phone,5.66,5,0,44.01,4,Resolved
ADM04740,IT,Portal Access,High,Email,3.97,6,0,12.18,5,Resolved
ADM04741,IT,Portal Access,Medium,Helpdesk,5.92,2,0,9.53,3,Resolved
ADM04742,Registrar,Accommodation Request,High,Portal,1.04,5,0,30.98,2,Resolved
ADM04743,Registrar,Course Registration,High,Portal,2.98,3,0,19.96,4,Resolved
ADM04744,Academic Affairs,Library Issue,Medium,Portal,3.61,5,0,21.61,4,Resolved
ADM04745,Finance,Student ID Issue,High,Portal,3.53,3,0,11.92,4,Resolved
ADM04746,Registrar,Application Issue,Medium,Walk-in,7.67,5,0,31.76,3,Resolved
ADM04747,Registrar,Portal Access,High,Helpdesk,3.92,2,1,17.79,3,Resolved
ADM04748,Registrar,Portal Access,Medium,Email,9.16,7,0,24.25,2,Pending
ADM04749,Finance,Course Registration,High,Phone,3.45,3,0,16.38,3,Pending
ADM04750,Library,Fee Statement,High,Phone,2.71,8,0,31.39,2,Pending
ADM04751,Finance,Graduation Clearance,Low,Helpdesk,21.08,6,1,65.26,1,Resolved
ADM04752,Admissions,Portal Access,Medium,Portal,9.2,3,0,11.75,3,Resolved
ADM04753,IT,Exam or Assessment Issue,High,Email,4.02,3,0,29.31,4,Pending
ADM04754,Admissions,Exam or Assessment Issue,High,Portal,4.74,5,0,34.37,4,Resolved
ADM04755,Student Affairs,Accommodation Request,Critical,Portal,1.96,5,1,45.13,4,Escalated
ADM04756,Student Affairs,Portal Access,Medium,Walk-in,4.01,6,1,27.79,2,Resolved
ADM04757,Registrar,Graduation Clearance,Medium,Helpdesk,3.47,2,0,32.6,4,Resolved
ADM04758,Library,Portal Access,Medium,Email,5.59,2,0,11.66,3,Pending
ADM04759,Admissions,Course Registration,Medium,Walk-in,9.98,3,0,26.0,4,Resolved
ADM04760,Academic Affairs,Accommodation Request,Medium,Helpdesk,2.71,4,0,35.36,2,Resolved
ADM04761,Admissions,Payment Issue,Medium,Helpdesk,7.7,4,0,46.52,3,Resolved
ADM04762,Academic Affairs,Transcript Request,Low,Walk-in,21.02,7,0,51.17,2,Resolved
ADM04763,Library,Course Registration,Medium,Phone,9.97,4,0,27.85,2,Pending
ADM04764,Finance,Fee Statement,Low,Email,16.39,1,0,39.39,3,Resolved
ADM04765,Admissions,Fee Statement,High,Helpdesk,2.21,5,0,27.23,3,Resolved
ADM04766,Academic Affairs,Application Issue,Medium,Portal,3.33,5,0,31.05,4,Resolved
ADM04767,Student Affairs,Course Registration,Medium,Email,9.85,4,0,26.15,3,Resolved
ADM04768,Registrar,Password Reset,Medium,Portal,9.39,8,0,24.71,4,Resolved
ADM04769,IT,Course Registration,Low,Phone,20.09,7,0,37.94,3,Resolved
ADM04770,Finance,Payment Issue,High,Portal,4.75,3,1,52.55,3,Resolved
ADM04771,Registrar,Portal Access,Medium,Walk-in,2.49,3,0,11.57,4,Pending
ADM04772,Admissions,Course Registration,High,Portal,3.34,6,0,25.77,4,Pending
ADM04773,Finance,Password Reset,Medium,Email,4.2,3,0,11.4,5,Resolved
ADM04774,Student Affairs,Student ID Issue,High,Email,3.95,1,0,15.2,5,Resolved
ADM04775,Finance,Password Reset,Medium,Portal,2.77,2,0,9.12,4,Resolved
ADM04776,Student Affairs,Fee Statement,Low,Email,9.17,5,0,31.23,3,Pending
ADM04777,Registrar,Payment Issue,High,Portal,4.33,3,0,36.05,4,Resolved
ADM04778,Finance,Portal Access,Medium,Email,8.0,4,0,17.78,4,Resolved
ADM04779,Finance,Exam or Assessment Issue,High,Helpdesk,4.96,4,0,30.28,3,Resolved
ADM04780,Finance,Password Reset,Medium,Portal,7.15,11,0,22.53,4,Pending
ADM04781,Registrar,Payment Issue,High,Phone,1.86,4,0,35.73,2,Resolved
ADM04782,Registrar,Student ID Issue,High,Email,2.97,4,0,15.33,4,Resolved
ADM04783,IT,Exam or Assessment Issue,Critical,Email,1.9,3,0,31.85,4,Resolved
ADM04784,Finance,Accommodation Request,Medium,Phone,7.21,2,0,37.87,3,Resolved
ADM04785,Admissions,Accommodation Request,Medium,Phone,9.05,4,0,40.95,4,Pending
ADM04786,Finance,Accommodation Request,Critical,Email,0.24,2,1,36.27,4,Resolved
ADM04787,Student Affairs,Graduation Clearance,High,Email,2.16,1,0,31.4,4,Resolved
ADM04788,Student Affairs,Student ID Issue,Low,Helpdesk,22.71,5,0,36.43,3,Resolved
ADM04789,Admissions,Portal Access,Medium,Portal,2.31,5,0,11.83,5,Resolved
ADM04790,Finance,Transcript Request,Low,Email,14.38,3,0,35.02,3,Resolved
ADM04791,Registrar,Transcript Request,Critical,Email,0.82,5,0,25.32,4,Resolved
ADM04792,Academic Affairs,Exam or Assessment Issue,Low,Walk-in,16.92,3,1,51.78,3,Escalated
ADM04793,Registrar,Payment Issue,Medium,Walk-in,3.3,3,0,29.76,3,Resolved
ADM04794,Finance,Accommodation Request,High,Portal,3.44,5,0,30.86,4,Resolved
ADM04795,Finance,Fee Statement,High,Email,4.96,3,0,29.48,4,Resolved
ADM04796,Finance,Portal Access,High,Portal,1.72,3,0,6.01,4,Resolved
ADM04797,Registrar,Transcript Request,Medium,Portal,5.69,6,0,30.71,3,Resolved
ADM04798,Library,Course Registration,Medium,Portal,2.24,2,0,16.01,4,Resolved
ADM04799,Registrar,Graduation Clearance,Critical,Email,0.98,6,0,41.59,4,Resolved
ADM04800,IT,Application Issue,High,Email,2.33,3,0,27.18,2,Resolved
ADM04801,Registrar,Library Issue,High,Walk-in,3.04,6,0,14.4,4,Resolved
ADM04802,Registrar,Student ID Issue,High,Phone,1.66,3,0,12.01,3,Resolved
ADM04803,Student Affairs,Student ID Issue,Medium,Walk-in,4.63,2,1,23.53,4,Resolved
ADM04804,Registrar,Transcript Request,High,Portal,3.24,6,0,26.71,3,Resolved
ADM04805,Student Affairs,Student ID Issue,Medium,Helpdesk,9.27,5,1,29.99,3,Resolved
ADM04806,Admissions,Accommodation Request,Medium,Helpdesk,3.88,4,0,34.92,4,Pending
ADM04807,Registrar,Graduation Clearance,High,Email,3.55,6,0,39.75,2,Resolved
ADM04808,Academic Affairs,Library Issue,Low,Portal,14.48,3,0,29.12,3,Resolved
ADM04809,Finance,Fee Statement,Medium,Walk-in,2.84,5,1,37.91,2,Resolved
ADM04810,Student Affairs,Course Registration,Medium,Walk-in,6.52,4,0,25.09,3,Resolved
ADM04811,Registrar,Payment Issue,Low,Helpdesk,18.18,7,0,57.62,3,Pending
ADM04812,Student Affairs,Library Issue,High,Phone,3.19,6,0,19.07,3,Resolved
ADM04813,Registrar,Fee Statement,High,Portal,0.97,4,0,26.37,3,Resolved
ADM04814,Admissions,Student ID Issue,Low,Portal,21.09,4,0,34.16,4,Resolved
ADM04815,Library,Graduation Clearance,Medium,Portal,2.33,5,0,37.04,3,Resolved
ADM04816,Academic Affairs,Transcript Request,Medium,Helpdesk,3.89,3,0,21.81,5,Resolved
ADM04817,Student Affairs,Password Reset,Low,Helpdesk,16.31,4,0,26.21,2,Resolved
ADM04818,Student Affairs,Payment Issue,High,Email,1.48,5,1,45.61,3,Escalated
ADM04819,Student Affairs,Portal Access,Medium,Portal,2.81,4,0,12.22,5,Resolved
ADM04820,Registrar,Application Issue,High,Portal,2.8,5,1,37.51,4,Resolved
ADM04821,Finance,Transcript Request,Low,Portal,18.45,6,0,43.93,3,Resolved
ADM04822,Finance,Student ID Issue,Medium,Helpdesk,5.29,6,0,17.34,3,Resolved
ADM04823,Finance,Transcript Request,Low,Portal,17.97,4,1,49.44,2,Resolved
ADM04824,Finance,Accommodation Request,Low,Portal,21.21,1,0,43.0,3,Resolved
ADM04825,Admissions,Exam or Assessment Issue,High,Portal,4.81,3,0,31.3,2,Resolved
ADM04826,Registrar,Student ID Issue,Low,Portal,8.67,3,0,18.63,4,Resolved
ADM04827,IT,Transcript Request,Low,Portal,16.11,5,0,36.76,2,Resolved
ADM04828,Registrar,Library Issue,High,Email,1.7,8,0,21.23,4,Resolved
ADM04829,Finance,Library Issue,Medium,Email,8.97,4,0,20.0,5,Resolved
ADM04830,Admissions,Course Registration,Low,Phone,21.81,4,1,48.73,1,Escalated
ADM04831,Library,Course Registration,Critical,Phone,0.78,5,0,19.16,5,Pending
ADM04832,Library,Payment Issue,Low,Phone,16.91,5,0,57.2,3,Resolved
ADM04833,IT,Transcript Request,High,Walk-in,4.49,5,0,26.22,4,Resolved
ADM04834,Registrar,Graduation Clearance,Low,Helpdesk,14.17,4,1,66.51,1,Resolved
ADM04835,Admissions,Course Registration,Medium,Helpdesk,7.76,2,0,19.14,3,Resolved
ADM04836,Registrar,Accommodation Request,Medium,Portal,8.41,6,0,42.51,3,Resolved
ADM04837,Finance,Fee Statement,Medium,Email,8.98,1,0,23.76,4,Resolved
ADM04838,Admissions,Course Registration,Medium,Portal,6.12,4,0,21.72,4,Resolved
ADM04839,Registrar,Transcript Request,Medium,Portal,9.53,5,1,44.11,3,Resolved
ADM04840,Finance,Library Issue,High,Helpdesk,3.33,5,0,20.86,5,Resolved
ADM04841,Academic Affairs,Application Issue,High,Phone,1.18,3,0,25.44,2,Resolved
ADM04842,Academic Affairs,Exam or Assessment Issue,Medium,Portal,6.9,6,0,35.15,2,Pending
ADM04843,Finance,Password Reset,Medium,Phone,4.39,2,0,11.81,3,Pending
ADM04844,Registrar,Portal Access,Medium,Portal,4.98,3,0,16.99,5,Resolved
ADM04845,Registrar,Course Registration,High,Helpdesk,4.14,3,0,17.82,3,Resolved
ADM04846,Finance,Portal Access,Medium,Walk-in,9.79,6,0,22.69,5,Resolved
ADM04847,Academic Affairs,Exam or Assessment Issue,Medium,Walk-in,8.96,6,0,41.75,3,Resolved
ADM04848,Registrar,Password Reset,Medium,Portal,4.61,5,0,13.99,3,Resolved
ADM04849,Library,Payment Issue,Critical,Portal,1.02,3,0,34.19,3,Resolved
ADM04850,Registrar,Library Issue,Medium,Email,9.87,3,1,32.2,2,Escalated
ADM04851,Academic Affairs,Library Issue,Medium,Email,9.39,4,1,31.07,3,Resolved
ADM04852,Finance,Password Reset,Medium,Email,9.82,3,0,9.17,3,Resolved
ADM04853,Library,Exam or Assessment Issue,High,Helpdesk,2.45,2,0,24.89,4,Resolved
ADM04854,Finance,Transcript Request,High,Email,4.1,2,1,34.35,3,Resolved
ADM04855,IT,Portal Access,High,Email,4.42,3,0,9.26,4,Resolved
ADM04856,Registrar,Portal Access,High,Portal,0.7,3,0,10.12,5,Pending
ADM04857,Registrar,Graduation Clearance,Medium,Portal,4.13,2,0,36.47,4,Resolved
ADM04858,Academic Affairs,Graduation Clearance,Medium,Helpdesk,9.07,3,1,58.65,2,Resolved
ADM04859,Academic Affairs,Password Reset,High,Email,2.25,5,1,21.39,5,Resolved
ADM04860,Student Affairs,Portal Access,Medium,Helpdesk,4.23,6,0,20.63,4,Resolved
ADM04861,IT,Transcript Request,Medium,Email,4.18,5,0,27.47,3,Resolved
ADM04862,Library,Library Issue,High,Helpdesk,2.19,5,1,22.26,4,Resolved
ADM04863,Registrar,Payment Issue,High,Portal,1.6,6,0,37.99,3,Resolved
ADM04864,Finance,Accommodation Request,Critical,Phone,0.21,4,0,30.59,4,Resolved
ADM04865,Finance,Library Issue,Critical,Portal,0.51,4,0,19.82,4,Resolved
ADM04866,IT,Fee Statement,Medium,Phone,9.06,3,0,33.48,4,Resolved
ADM04867,Finance,Fee Statement,High,Phone,0.84,3,0,22.61,3,Resolved
ADM04868,Registrar,Library Issue,Low,Email,12.26,3,1,35.74,3,Resolved
ADM04869,IT,Transcript Request,High,Email,2.55,5,0,22.99,3,Resolved
ADM04870,Student Affairs,Accommodation Request,Medium,Helpdesk,8.23,7,0,42.53,4,Resolved
ADM04871,Finance,Payment Issue,Medium,Portal,4.02,4,0,36.66,3,Resolved
ADM04872,Registrar,Portal Access,High,Helpdesk,1.89,4,1,22.21,5,Resolved
ADM04873,Registrar,Fee Statement,Medium,Phone,2.11,10,0,37.77,4,Resolved
ADM04874,Finance,Fee Statement,High,Portal,4.56,4,0,32.98,3,Resolved
ADM04875,Finance,Fee Statement,Low,Email,17.71,4,0,49.62,2,Resolved
ADM04876,IT,Exam or Assessment Issue,Low,Helpdesk,9.26,7,1,58.41,3,Escalated
ADM04877,IT,Student ID Issue,Medium,Portal,9.1,5,0,19.42,3,Resolved
ADM04878,IT,Graduation Clearance,Medium,Email,2.69,2,1,49.88,3,Escalated
ADM04879,Finance,Graduation Clearance,Medium,Phone,4.95,4,0,41.71,3,Resolved
ADM04880,Student Affairs,Transcript Request,Medium,Email,6.51,3,0,29.03,2,Resolved
ADM04881,Registrar,Library Issue,High,Helpdesk,2.77,6,0,23.52,5,Resolved
ADM04882,Admissions,Accommodation Request,Low,Email,17.1,1,0,39.84,4,Resolved
ADM04883,Library,Library Issue,Medium,Email,4.38,2,1,28.35,3,Escalated
ADM04884,Registrar,Student ID Issue,High,Email,3.91,1,0,6.12,4,Resolved
ADM04885,Registrar,Fee Statement,Medium,Email,5.24,4,0,27.25,3,Resolved
ADM04886,Student Affairs,Password Reset,Medium,Portal,3.0,3,1,16.39,5,Resolved
ADM04887,Finance,Exam or Assessment Issue,High,Phone,3.83,7,0,41.08,4,Resolved
ADM04888,IT,Student ID Issue,High,Walk-in,4.6,2,0,16.64,4,Resolved
ADM04889,Registrar,Transcript Request,High,Phone,2.14,5,0,23.87,5,Resolved
ADM04890,IT,Payment Issue,Critical,Portal,1.26,2,0,34.49,3,Resolved
ADM04891,Finance,Graduation Clearance,Low,Portal,17.76,3,0,53.03,1,Resolved
ADM04892,Registrar,Portal Access,Critical,Helpdesk,1.7,3,0,12.37,4,Resolved
ADM04893,IT,Exam or Assessment Issue,Critical,Portal,0.56,6,0,34.44,3,Resolved
ADM04894,Finance,Application Issue,High,Email,3.06,4,1,33.75,4,Escalated
ADM04895,Finance,Accommodation Request,Medium,Portal,7.92,4,0,36.09,4,Resolved
ADM04896,Registrar,Student ID Issue,High,Email,1.4,2,0,8.09,3,Resolved
ADM04897,Registrar,Payment Issue,Medium,Email,5.78,4,0,37.89,2,Resolved
ADM04898,Finance,Application Issue,High,Walk-in,2.59,9,0,34.46,4,Resolved
ADM04899,Registrar,Payment Issue,Low,Helpdesk,20.79,9,0,65.57,1,Resolved
ADM04900,Academic Affairs,Library Issue,High,Portal,4.0,3,1,21.76,4,Resolved
ADM04901,Registrar,Library Issue,Medium,Walk-in,3.86,2,0,10.71,3,Resolved
ADM04902,Admissions,Fee Statement,Low,Email,8.66,2,0,32.77,4,Resolved
ADM04903,Registrar,Course Registration,High,Portal,3.76,5,0,23.12,3,Resolved
ADM04904,Finance,Portal Access,Medium,Phone,7.92,4,1,25.64,4,Resolved
ADM04905,Academic Affairs,Transcript Request,High,Portal,1.31,5,1,35.71,2,Resolved
ADM04906,Registrar,Transcript Request,Medium,Email,5.29,3,1,33.44,3,Resolved
ADM04907,Academic Affairs,Fee Statement,High,Phone,4.22,5,0,31.43,2,Pending
ADM04908,Registrar,Library Issue,Medium,Walk-in,2.64,6,0,18.51,5,Resolved
ADM04909,Library,Fee Statement,Medium,Phone,4.99,5,1,40.96,2,Resolved
ADM04910,Admissions,Password Reset,Medium,Email,7.16,3,0,16.09,5,Resolved
ADM04911,Student Affairs,Student ID Issue,High,Email,3.97,2,0,13.36,4,Resolved
ADM04912,IT,Student ID Issue,High,Portal,3.44,5,0,17.3,5,Resolved
ADM04913,Admissions,Accommodation Request,Medium,Email,5.18,3,0,37.64,4,Resolved
ADM04914,Registrar,Library Issue,Medium,Walk-in,9.94,2,0,17.18,5,Resolved
ADM04915,Registrar,Course Registration,Medium,Phone,2.33,5,0,17.86,3,Resolved
ADM04916,Academic Affairs,Password Reset,High,Portal,2.73,6,0,19.53,3,Resolved
ADM04917,Finance,Password Reset,High,Helpdesk,2.8,4,1,20.26,3,Resolved
ADM04918,Finance,Library Issue,Medium,Email,3.92,4,0,22.77,3,Resolved
ADM04919,Library,Student ID Issue,Medium,Phone,6.47,4,1,25.72,4,Resolved
ADM04920,Finance,Application Issue,Medium,Email,3.76,8,0,32.88,3,Resolved
ADM04921,Academic Affairs,Student ID Issue,High,Email,2.5,2,0,12.8,4,Resolved
ADM04922,Library,Accommodation Request,Low,Email,12.63,3,0,38.89,3,Resolved
ADM04923,IT,Accommodation Request,High,Helpdesk,3.98,2,0,30.17,2,Resolved
ADM04924,Student Affairs,Library Issue,Medium,Portal,9.54,4,0,22.44,3,Resolved
ADM04925,Registrar,Portal Access,Medium,Email,3.62,6,0,10.4,4,Resolved
ADM04926,Finance,Portal Access,Low,Portal,23.83,3,1,41.42,4,Escalated
ADM04927,Admissions,Course Registration,High,Email,4.73,4,0,21.97,3,Resolved
ADM04928,Finance,Portal Access,High,Email,1.01,4,0,11.55,3,Pending
ADM04929,Library,Payment Issue,Low,Walk-in,22.25,5,0,56.5,2,Resolved
ADM04930,Academic Affairs,Payment Issue,Medium,Email,6.52,2,1,49.5,1,Resolved
ADM04931,Admissions,Transcript Request,Low,Helpdesk,21.58,4,0,44.25,3,Resolved
ADM04932,Finance,Exam or Assessment Issue,High,Portal,4.76,3,1,39.15,3,Resolved
ADM04933,Academic Affairs,Payment Issue,High,Email,4.37,6,0,43.74,3,Resolved
ADM04934,Admissions,Application Issue,Medium,Email,5.22,4,0,34.04,3,Resolved
ADM04935,Admissions,Graduation Clearance,Low,Phone,16.74,3,0,46.97,2,Resolved
ADM04936,Finance,Application Issue,High,Portal,2.59,4,0,26.68,2,Resolved
ADM04937,Student Affairs,Application Issue,High,Portal,2.15,4,0,33.01,4,Pending
ADM04938,IT,Payment Issue,Low,Walk-in,9.01,2,0,45.81,3,Resolved
ADM04939,Library,Course Registration,Medium,Walk-in,5.53,3,0,24.16,2,Resolved
ADM04940,Student Affairs,Student ID Issue,High,Phone,4.13,6,1,32.9,2,Resolved
ADM04941,Finance,Library Issue,Medium,Helpdesk,8.75,5,0,27.16,4,Resolved
ADM04942,Admissions,Fee Statement,Medium,Email,9.66,3,0,35.16,2,Resolved
ADM04943,Student Affairs,Transcript Request,Medium,Email,4.32,4,0,25.56,3,Resolved
ADM04944,Finance,Accommodation Request,Medium,Walk-in,7.2,5,0,38.2,3,Resolved
ADM04945,Library,Password Reset,Medium,Portal,7.55,2,0,12.56,4,Resolved
ADM04946,Academic Affairs,Accommodation Request,Critical,Portal,0.54,4,1,36.82,2,Escalated
ADM04947,IT,Transcript Request,Low,Phone,11.34,3,0,33.31,2,Resolved
ADM04948,Library,Accommodation Request,Medium,Portal,4.74,3,0,29.85,3,Resolved
ADM04949,Library,Student ID Issue,Low,Email,23.72,11,0,47.83,3,Resolved
ADM04950,Student Affairs,Accommodation Request,Medium,Phone,9.67,3,0,37.4,3,Resolved
ADM04951,Finance,Exam or Assessment Issue,High,Walk-in,4.2,6,0,35.08,3,Pending
ADM04952,Registrar,Accommodation Request,High,Email,2.63,2,0,27.75,2,Resolved
ADM04953,Admissions,Student ID Issue,Low,Portal,9.28,2,0,14.34,4,Resolved
ADM04954,IT,Student ID Issue,Critical,Portal,1.85,3,0,11.42,3,Resolved
ADM04955,Admissions,Payment Issue,Medium,Email,4.14,5,0,40.98,4,Resolved
ADM04956,Library,Student ID Issue,Medium,Email,6.18,4,0,17.4,4,Resolved
ADM04957,Finance,Fee Statement,Low,Email,8.9,8,0,40.2,2,Resolved
ADM04958,IT,Portal Access,Medium,Phone,9.77,4,0,21.85,5,Resolved
ADM04959,Registrar,Fee Statement,Medium,Portal,2.33,3,0,23.89,3,Resolved
ADM04960,Library,Exam or Assessment Issue,Medium,Helpdesk,3.39,4,0,32.85,4,Resolved
ADM04961,Admissions,Accommodation Request,Medium,Email,8.12,3,0,36.92,3,Resolved
ADM04962,Registrar,Fee Statement,Medium,Helpdesk,3.21,3,0,25.0,4,Resolved
ADM04963,Finance,Transcript Request,Medium,Portal,9.83,3,0,23.84,5,Resolved
ADM04964,Library,Library Issue,Medium,Email,4.57,6,0,25.21,4,Resolved
ADM04965,Admissions,Portal Access,High,Email,4.63,7,0,24.09,3,Resolved
ADM04966,Registrar,Library Issue,High,Phone,3.48,6,0,23.4,3,Resolved
ADM04967,Academic Affairs,Password Reset,Medium,Walk-in,7.07,5,0,15.81,3,Resolved
ADM04968,IT,Fee Statement,Medium,Phone,9.32,4,1,39.07,3,Escalated
ADM04969,Academic Affairs,Library Issue,High,Phone,2.81,2,0,12.77,4,Resolved
ADM04970,Admissions,Student ID Issue,Low,Email,12.02,7,0,30.02,3,Pending
ADM04971,Admissions,Course Registration,High,Email,1.48,6,0,21.34,4,Resolved
ADM04972,Student Affairs,Course Registration,Medium,Email,3.16,3,0,21.68,4,Resolved
ADM04973,Admissions,Student ID Issue,Medium,Email,8.33,4,0,21.04,4,Resolved
ADM04974,IT,Library Issue,Medium,Walk-in,3.02,2,1,27.28,3,Resolved
ADM04975,Finance,Accommodation Request,Critical,Helpdesk,0.91,3,0,27.12,2,Resolved
ADM04976,Admissions,Student ID Issue,High,Email,2.34,4,0,17.97,5,Resolved
ADM04977,Registrar,Portal Access,High,Walk-in,3.49,3,0,10.68,5,Resolved
ADM04978,Registrar,Application Issue,Low,Email,9.57,2,0,31.1,3,Resolved
ADM04979,Registrar,Transcript Request,High,Email,4.27,2,0,22.18,5,Resolved
ADM04980,Registrar,Exam or Assessment Issue,Medium,Email,3.66,5,1,46.26,3,Resolved
ADM04981,Academic Affairs,Accommodation Request,High,Email,4.05,4,0,35.79,4,Resolved
ADM04982,Finance,Portal Access,Medium,Email,8.8,5,0,16.49,5,Pending
ADM04983,IT,Library Issue,High,Portal,1.37,5,0,14.42,5,Resolved
ADM04984,Student Affairs,Accommodation Request,High,Portal,4.14,3,0,41.18,4,Resolved
ADM04985,IT,Accommodation Request,Medium,Portal,7.71,4,1,50.47,1,Escalated
ADM04986,Registrar,Library Issue,Medium,Portal,9.0,1,0,19.23,3,Resolved
ADM04987,IT,Graduation Clearance,Low,Portal,14.2,1,1,51.62,2,Resolved
ADM04988,IT,Student ID Issue,Medium,Helpdesk,3.87,2,0,14.75,5,Resolved
ADM04989,Library,Library Issue,Medium,Walk-in,9.3,4,0,20.22,4,Pending
ADM04990,Library,Fee Statement,High,Helpdesk,4.06,4,0,30.32,2,Resolved
ADM04991,Academic Affairs,Fee Statement,Medium,Portal,2.17,6,0,31.48,3,Resolved
ADM04992,IT,Transcript Request,Medium,Phone,9.52,4,0,32.91,4,Resolved
ADM04993,Finance,Course Registration,Medium,Email,9.59,4,0,34.39,2,Resolved
ADM04994,IT,Payment Issue,Medium,Walk-in,4.84,4,1,52.02,1,Resolved
ADM04995,Registrar,Transcript Request,Medium,Email,2.08,4,0,21.34,5,Resolved
ADM04996,Student Affairs,Transcript Request,Low,Email,15.05,3,0,29.73,2,Resolved
ADM04997,Registrar,Exam or Assessment Issue,Medium,Email,9.31,4,1,52.48,2,Resolved
ADM04998,Finance,Exam or Assessment Issue,Low,Portal,6.49,1,0,29.06,3,Pending
ADM04999,Student Affairs,Application Issue,High,Email,3.16,3,0,27.61,4,Resolved
ADM05000,IT,Payment Issue,Low,Helpdesk,18.64,4,0,49.36,2,Resolved
ADM05001,Finance,Course Registration,Critical,Email,0.44,4,0,17.29,3,Pending
ADM05002,Admissions,Accommodation Request,High,Helpdesk,2.81,3,0,29.78,3,Resolved
ADM05003,Student Affairs,Payment Issue,Medium,Portal,2.71,3,0,42.62,3,Pending
ADM05004,Finance,Application Issue,Medium,Phone,6.47,8,0,38.37,3,Resolved
ADM05005,Student Affairs,Password Reset,Medium,Phone,5.54,5,0,15.23,3,Resolved
ADM05006,Registrar,Transcript Request,High,Portal,1.69,4,0,21.45,5,Resolved
ADM05007,Library,Library Issue,Medium,Portal,8.82,5,0,27.6,4,Pending
ADM05008,Student Affairs,Exam or Assessment Issue,High,Phone,2.22,6,1,37.11,3,Resolved
ADM05009,Registrar,Transcript Request,Low,Portal,18.0,3,0,36.46,4,Resolved
ADM05010,Admissions,Exam or Assessment Issue,Low,Portal,19.81,6,1,61.13,3,Resolved
ADM05011,Registrar,Student ID Issue,Medium,Portal,3.43,2,1,24.43,3,Resolved
ADM05012,IT,Application Issue,Low,Email,6.38,2,0,29.55,3,Resolved
ADM05013,Admissions,Graduation Clearance,Medium,Portal,2.06,4,0,38.52,3,Resolved
ADM05014,IT,Transcript Request,Low,Email,10.12,8,0,36.66,2,Resolved
ADM05015,Registrar,Transcript Request,High,Helpdesk,4.17,5,0,26.92,3,Resolved
ADM05016,Registrar,Payment Issue,High,Walk-in,3.98,3,1,49.45,3,Resolved
ADM05017,Registrar,Payment Issue,Medium,Email,8.97,5,1,61.12,3,Resolved
ADM05018,Finance,Library Issue,Medium,Portal,8.08,3,1,30.87,4,Resolved
ADM05019,IT,Portal Access,Medium,Portal,2.19,4,1,23.79,4,Resolved
ADM05020,Student Affairs,Student ID Issue,High,Portal,2.23,3,0,16.49,5,Resolved
ADM05021,IT,Library Issue,Medium,Walk-in,2.05,4,1,28.38,2,Resolved
ADM05022,Admissions,Password Reset,Low,Phone,4.72,4,0,11.41,4,Resolved
ADM05023,Academic Affairs,Student ID Issue,Medium,Walk-in,5.83,2,0,12.22,5,Resolved
ADM05024,IT,Payment Issue,Medium,Helpdesk,4.88,6,1,54.73,2,Escalated
ADM05025,Academic Affairs,Transcript Request,Critical,Portal,1.21,2,0,24.27,4,Resolved
ADM05026,Admissions,Accommodation Request,High,Phone,0.8,4,0,34.94,2,Pending
ADM05027,Finance,Transcript Request,Low,Phone,15.77,1,0,27.1,2,Resolved
ADM05028,Registrar,Course Registration,High,Phone,0.79,4,0,23.74,3,Resolved
ADM05029,IT,Library Issue,High,Helpdesk,2.41,5,0,19.76,5,Pending
ADM05030,Registrar,Student ID Issue,Low,Walk-in,11.05,4,0,19.14,5,Resolved
ADM05031,Finance,Accommodation Request,High,Email,1.51,6,0,30.93,4,Resolved
ADM05032,Admissions,Course Registration,Medium,Helpdesk,4.5,5,0,22.92,3,Resolved
ADM05033,IT,Password Reset,High,Phone,0.5,4,0,6.31,4,Resolved
ADM05034,IT,Transcript Request,Medium,Email,4.59,4,0,31.69,4,Resolved
ADM05035,Registrar,Portal Access,Critical,Walk-in,0.34,6,1,26.78,3,Resolved
ADM05036,Finance,Exam or Assessment Issue,Medium,Portal,9.37,6,0,41.28,2,Resolved
ADM05037,IT,Application Issue,High,Walk-in,0.83,1,0,26.11,4,Resolved
ADM05038,Academic Affairs,Course Registration,Medium,Helpdesk,9.62,1,0,30.38,4,Resolved
ADM05039,IT,Transcript Request,Medium,Email,5.93,2,0,23.56,4,Pending
ADM05040,Academic Affairs,Transcript Request,Critical,Helpdesk,1.12,2,0,15.68,3,Resolved
ADM05041,Library,Student ID Issue,High,Walk-in,4.05,7,0,24.89,2,Resolved
ADM05042,IT,Student ID Issue,Medium,Phone,7.56,7,0,26.74,2,Resolved
ADM05043,Registrar,Portal Access,Medium,Portal,3.9,6,1,27.63,3,Resolved
ADM05044,IT,Exam or Assessment Issue,Low,Email,4.51,6,0,33.87,3,Resolved
ADM05045,IT,Graduation Clearance,Medium,Portal,8.23,5,1,55.45,1,Resolved
ADM05046,IT,Course Registration,High,Email,1.08,3,0,14.34,5,Resolved
ADM05047,Admissions,Exam or Assessment Issue,Medium,Portal,6.79,2,0,33.76,3,Resolved
ADM05048,Admissions,Payment Issue,Medium,Walk-in,9.54,1,1,46.27,3,Resolved
ADM05049,Finance,Graduation Clearance,High,Helpdesk,2.97,3,0,32.34,3,Resolved
ADM05050,Admissions,Student ID Issue,Medium,Email,4.28,3,0,17.34,4,Resolved
ADM05051,Registrar,Exam or Assessment Issue,Low,Email,7.58,4,1,39.37,4,Resolved
ADM05052,Library,Application Issue,Medium,Walk-in,2.22,4,1,39.99,4,Resolved
ADM05053,Registrar,Transcript Request,High,Portal,3.3,3,0,24.16,4,Pending
ADM05054,Registrar,Transcript Request,High,Helpdesk,3.01,2,0,17.43,3,Resolved
ADM05055,Admissions,Password Reset,Medium,Walk-in,5.69,5,0,16.63,4,Resolved
ADM05056,IT,Password Reset,Low,Phone,7.88,2,1,21.95,5,Resolved
ADM05057,Admissions,Portal Access,Medium,Email,3.89,2,0,9.29,5,Resolved
ADM05058,Finance,Course Registration,High,Email,4.81,5,0,23.39,4,Resolved
ADM05059,IT,Graduation Clearance,Medium,Portal,2.16,4,0,32.38,2,Resolved
ADM05060,Finance,Graduation Clearance,Medium,Email,4.91,3,0,39.93,4,Resolved
ADM05061,Academic Affairs,Fee Statement,Critical,Phone,0.27,3,0,21.46,3,Resolved
ADM05062,Academic Affairs,Accommodation Request,Medium,Portal,3.53,4,0,28.85,2,Resolved
ADM05063,Admissions,Student ID Issue,Medium,Portal,9.47,3,0,20.61,4,Resolved
ADM05064,Finance,Course Registration,Medium,Walk-in,3.2,7,0,29.18,3,Resolved
ADM05065,Library,Transcript Request,Low,Portal,16.02,5,1,41.45,2,Resolved
ADM05066,Registrar,Library Issue,Low,Portal,10.94,4,0,26.45,2,Resolved
ADM05067,Admissions,Password Reset,High,Walk-in,3.35,5,0,15.29,4,Pending
ADM05068,Finance,Accommodation Request,Medium,Portal,8.82,3,0,34.96,4,Resolved
ADM05069,Academic Affairs,Student ID Issue,Medium,Email,4.29,4,0,14.1,3,Resolved
ADM05070,Registrar,Graduation Clearance,Medium,Portal,2.63,7,0,44.41,3,Resolved
ADM05071,IT,Graduation Clearance,High,Portal,1.42,3,1,42.53,4,Resolved
ADM05072,Library,Payment Issue,High,Portal,2.48,4,0,41.4,2,Pending
ADM05073,Admissions,Payment Issue,Low,Email,14.3,2,0,43.83,3,Resolved
ADM05074,Registrar,Password Reset,High,Email,4.74,5,0,10.95,4,Resolved
ADM05075,Academic Affairs,Course Registration,Medium,Portal,2.13,3,0,22.18,5,Resolved
ADM05076,Admissions,Student ID Issue,Medium,Email,8.06,6,0,21.99,5,Resolved
ADM05077,IT,Graduation Clearance,High,Phone,0.83,5,0,38.43,4,Resolved
ADM05078,Finance,Accommodation Request,Low,Phone,5.56,4,1,41.32,3,Resolved
ADM05079,Admissions,Transcript Request,Critical,Phone,1.38,1,0,19.63,5,Pending
ADM05080,Admissions,Course Registration,Medium,Email,9.27,2,0,22.81,3,Resolved
ADM05081,Registrar,Password Reset,Medium,Email,4.3,4,1,21.38,5,Escalated
ADM05082,Registrar,Portal Access,Medium,Walk-in,4.15,6,0,12.53,3,Resolved
ADM05083,Student Affairs,Graduation Clearance,Medium,Phone,6.94,2,0,40.58,4,Resolved
ADM05084,Finance,Fee Statement,Medium,Helpdesk,8.21,4,0,29.55,2,Resolved
ADM05085,Registrar,Course Registration,Low,Portal,21.38,4,0,37.01,4,Resolved
ADM05086,Admissions,Graduation Clearance,Medium,Portal,4.0,5,1,50.51,1,Resolved
ADM05087,Library,Application Issue,High,Phone,3.83,3,0,29.75,4,Pending
ADM05088,Registrar,Student ID Issue,High,Helpdesk,1.88,8,0,24.08,4,Resolved
ADM05089,IT,Payment Issue,Medium,Helpdesk,6.36,2,0,40.79,2,Resolved
ADM05090,Registrar,Application Issue,Medium,Helpdesk,3.53,4,0,28.44,4,Resolved
ADM05091,Registrar,Course Registration,Medium,Helpdesk,3.17,5,0,16.8,4,Pending
ADM05092,Registrar,Course Registration,Medium,Phone,9.48,4,0,22.76,5,Resolved
ADM05093,Student Affairs,Application Issue,Medium,Email,6.38,5,0,33.3,3,Resolved
ADM05094,Registrar,Portal Access,High,Phone,0.52,4,0,10.72,5,Pending
ADM05095,Registrar,Application Issue,Medium,Email,8.35,4,0,35.77,3,Resolved
ADM05096,Admissions,Transcript Request,High,Email,3.61,2,0,27.37,4,Resolved
ADM05097,Student Affairs,Accommodation Request,Medium,Phone,4.61,6,0,36.77,4,Resolved
ADM05098,Finance,Application Issue,High,Walk-in,2.59,4,0,22.49,5,Resolved
ADM05099,Admissions,Exam or Assessment Issue,Medium,Phone,5.6,5,1,44.82,3,Resolved
ADM05100,Registrar,Exam or Assessment Issue,High,Portal,1.74,3,0,26.07,4,Resolved
ADM05101,Admissions,Application Issue,Low,Portal,23.61,5,0,57.35,2,Resolved
ADM05102,IT,Student ID Issue,High,Helpdesk,2.95,1,0,12.48,3,Resolved
ADM05103,IT,Accommodation Request,Medium,Phone,9.18,4,0,36.24,4,Pending
ADM05104,Finance,Fee Statement,Medium,Portal,6.68,3,1,35.04,2,Escalated
ADM05105,Finance,Application Issue,Low,Portal,17.8,5,0,42.42,2,Resolved
ADM05106,Registrar,Graduation Clearance,Low,Helpdesk,4.59,7,0,43.42,4,Resolved
ADM05107,Finance,Application Issue,High,Portal,2.8,6,0,30.92,2,Resolved
ADM05108,Registrar,Transcript Request,Medium,Email,7.77,2,0,25.67,4,Pending
ADM05109,Library,Exam or Assessment Issue,Medium,Portal,2.97,3,1,36.19,4,Escalated
ADM05110,Academic Affairs,Payment Issue,Medium,Portal,7.43,3,0,39.97,3,Resolved
ADM05111,Academic Affairs,Exam or Assessment Issue,Medium,Email,2.67,2,0,23.6,5,Resolved
ADM05112,Student Affairs,Exam or Assessment Issue,High,Portal,4.13,4,0,33.54,4,Pending
ADM05113,IT,Transcript Request,High,Portal,4.9,9,0,34.45,3,Resolved
ADM05114,IT,Application Issue,Medium,Email,7.01,4,0,32.52,3,Resolved
ADM05115,Finance,Student ID Issue,Medium,Email,2.62,3,1,26.68,3,Escalated
ADM05116,IT,Graduation Clearance,High,Helpdesk,3.14,3,1,47.58,4,Resolved
ADM05117,Admissions,Transcript Request,High,Phone,3.83,5,0,23.4,4,Resolved
ADM05118,Admissions,Student ID Issue,Low,Portal,22.66,3,0,33.43,2,Resolved
ADM05119,Library,Accommodation Request,High,Portal,0.7,3,1,34.91,3,Resolved
ADM05120,Finance,Student ID Issue,Medium,Portal,8.2,4,0,19.36,3,Resolved
ADM05121,Finance,Portal Access,High,Phone,1.1,7,0,17.72,3,Resolved
ADM05122,Academic Affairs,Library Issue,Medium,Portal,8.32,5,0,22.35,5,Resolved
ADM05123,Registrar,Accommodation Request,Medium,Helpdesk,9.11,5,0,39.94,4,Resolved
ADM05124,Admissions,Library Issue,Medium,Phone,8.89,2,0,20.85,5,Resolved
ADM05125,Academic Affairs,Application Issue,Medium,Helpdesk,7.22,7,1,49.14,2,Resolved
ADM05126,IT,Application Issue,Medium,Email,6.01,3,0,30.34,3,Pending
ADM05127,Admissions,Portal Access,High,Helpdesk,4.44,4,1,28.1,2,Resolved
ADM05128,Finance,Course Registration,Medium,Phone,6.15,5,0,26.98,3,Pending
ADM05129,Finance,Exam or Assessment Issue,Low,Email,7.8,5,0,34.52,3,Resolved
ADM05130,Student Affairs,Library Issue,Low,Email,22.86,4,0,45.89,2,Resolved
ADM05131,IT,Transcript Request,High,Portal,2.18,2,1,27.39,3,Escalated
ADM05132,Admissions,Portal Access,High,Email,3.31,6,0,19.78,3,Pending
ADM05133,Registrar,Accommodation Request,High,Walk-in,1.4,2,0,29.26,2,Resolved
ADM05134,Registrar,Fee Statement,Medium,Walk-in,2.88,6,0,36.52,2,Resolved
ADM05135,Academic Affairs,Transcript Request,Medium,Portal,6.41,3,1,33.9,4,Resolved
ADM05136,Finance,Student ID Issue,Medium,Email,6.44,4,0,19.7,5,Resolved
ADM05137,IT,Application Issue,Critical,Helpdesk,0.87,3,0,28.71,4,Resolved
ADM05138,Registrar,Exam or Assessment Issue,Medium,Email,4.49,5,1,48.22,3,Resolved
ADM05139,IT,Accommodation Request,Medium,Email,4.99,4,0,34.26,2,Resolved
ADM05140,Academic Affairs,Portal Access,High,Portal,4.08,4,1,26.44,3,Resolved
ADM05141,IT,Library Issue,High,Helpdesk,2.11,4,0,14.6,5,Resolved
ADM05142,Registrar,Library Issue,Low,Walk-in,22.43,3,0,34.12,2,Resolved
ADM05143,IT,Password Reset,Medium,Portal,2.9,2,0,5.55,5,Resolved
ADM05144,Library,Application Issue,Medium,Portal,9.45,5,0,33.33,3,Resolved
ADM05145,Admissions,Transcript Request,Medium,Portal,7.52,5,0,28.18,4,Pending
ADM05146,Student Affairs,Student ID Issue,Low,Email,10.89,6,1,36.39,4,Resolved
ADM05147,IT,Student ID Issue,High,Phone,0.53,3,0,13.07,3,Resolved
ADM05148,Student Affairs,Application Issue,Medium,Email,8.42,4,0,31.8,4,Resolved
ADM05149,IT,Graduation Clearance,High,Portal,4.86,4,0,41.03,3,Resolved
ADM05150,Registrar,Password Reset,Medium,Portal,9.86,3,1,31.63,4,Resolved
ADM05151,Finance,Graduation Clearance,Low,Email,12.47,3,0,48.11,3,Resolved
ADM05152,Registrar,Graduation Clearance,High,Helpdesk,0.82,3,0,36.21,3,Resolved
ADM05153,Student Affairs,Password Reset,High,Portal,1.91,4,0,10.38,4,Resolved
ADM05154,Library,Exam or Assessment Issue,High,Email,1.89,5,1,37.03,3,Resolved
ADM05155,IT,Transcript Request,High,Helpdesk,0.96,3,1,33.31,2,Resolved
ADM05156,Finance,Password Reset,Low,Email,14.49,3,0,24.65,2,Resolved
ADM05157,Registrar,Portal Access,Medium,Email,6.84,5,1,20.82,4,Escalated
ADM05158,Library,Password Reset,Medium,Portal,7.83,3,0,11.05,3,Resolved
ADM05159,Admissions,Exam or Assessment Issue,High,Email,0.73,6,0,29.75,2,Resolved
ADM05160,Finance,Library Issue,Medium,Helpdesk,4.2,5,0,15.44,5,Resolved
ADM05161,IT,Payment Issue,Low,Email,11.1,5,0,45.45,2,Pending
ADM05162,Registrar,Course Registration,Medium,Email,9.14,4,0,32.09,4,Resolved
ADM05163,Finance,Library Issue,High,Walk-in,4.56,3,0,18.98,5,Resolved
ADM05164,Admissions,Library Issue,High,Email,1.67,5,0,17.48,5,Resolved
ADM05165,Registrar,Fee Statement,High,Helpdesk,2.69,6,1,39.8,4,Resolved
ADM05166,Academic Affairs,Fee Statement,Medium,Portal,5.4,3,0,33.22,3,Pending
ADM05167,Registrar,Application Issue,Medium,Email,6.21,6,0,34.04,2,Resolved
ADM05168,Registrar,Fee Statement,Medium,Email,4.29,9,0,32.9,3,Resolved
ADM05169,Registrar,Application Issue,Low,Email,13.26,3,0,41.11,2,Resolved
ADM05170,Library,Library Issue,Low,Portal,6.91,1,0,13.41,3,Resolved
ADM05171,Admissions,Course Registration,Medium,Email,7.68,5,0,20.58,3,Resolved
ADM05172,IT,Transcript Request,Medium,Portal,4.96,6,0,29.08,4,Resolved
ADM05173,Registrar,Transcript Request,High,Portal,2.94,3,1,28.51,4,Resolved
ADM05174,Registrar,Graduation Clearance,Low,Portal,16.09,3,0,50.89,3,Pending
ADM05175,Admissions,Payment Issue,High,Email,4.26,3,0,39.28,3,Resolved
ADM05176,Student Affairs,Accommodation Request,Medium,Portal,2.65,6,1,45.81,2,Resolved
ADM05177,Student Affairs,Transcript Request,Medium,Email,5.86,2,0,23.57,3,Resolved
ADM05178,Registrar,Graduation Clearance,Medium,Email,9.15,2,0,39.94,3,Resolved
ADM05179,Admissions,Exam or Assessment Issue,Medium,Helpdesk,4.64,4,0,32.04,3,Resolved
ADM05180,Academic Affairs,Graduation Clearance,Medium,Portal,5.56,6,0,44.38,4,Resolved
ADM05181,Finance,Accommodation Request,High,Email,0.88,1,0,22.76,4,Resolved
ADM05182,Student Affairs,Password Reset,High,Email,3.88,3,0,14.34,5,Resolved
ADM05183,Registrar,Student ID Issue,High,Portal,0.88,6,1,25.76,3,Resolved
ADM05184,Academic Affairs,Library Issue,Medium,Walk-in,7.05,3,0,23.42,4,Resolved
ADM05185,Library,Course Registration,High,Email,2.18,4,0,23.03,3,Resolved
ADM05186,Academic Affairs,Application Issue,Medium,Portal,4.71,4,0,29.03,3,Resolved
ADM05187,IT,Accommodation Request,Critical,Portal,1.25,4,0,33.89,3,Resolved
ADM05188,Finance,Graduation Clearance,Medium,Helpdesk,6.54,2,1,44.72,3,Resolved
ADM05189,Academic Affairs,Payment Issue,Critical,Email,0.93,6,0,38.16,2,Resolved
ADM05190,Finance,Transcript Request,High,Phone,1.75,2,1,23.96,5,Resolved
ADM05191,Finance,Portal Access,High,Email,2.79,1,0,12.74,4,Pending
ADM05192,IT,Transcript Request,Low,Portal,9.34,2,0,30.99,4,Pending
ADM05193,Library,Fee Statement,Medium,Portal,2.82,2,0,20.35,5,Resolved
ADM05194,Academic Affairs,Library Issue,Medium,Email,8.39,8,1,38.07,3,Escalated
ADM05195,Registrar,Fee Statement,Low,Portal,18.05,2,1,50.48,3,Resolved
ADM05196,Library,Transcript Request,Medium,Portal,2.67,4,0,24.61,4,Resolved
ADM05197,Library,Portal Access,Critical,Portal,0.49,2,0,4.79,4,Pending
ADM05198,Registrar,Fee Statement,Medium,Email,2.8,5,0,30.32,4,Resolved
ADM05199,Finance,Course Registration,Low,Email,19.81,4,0,42.46,2,Resolved
ADM05200,Finance,Graduation Clearance,Medium,Email,8.18,6,0,49.91,1,Pending
ADM05201,Finance,Fee Statement,Low,Email,12.16,3,0,35.64,4,Resolved
ADM05202,Academic Affairs,Portal Access,Medium,Portal,8.57,2,0,16.41,5,Resolved
ADM05203,IT,Fee Statement,Medium,Email,9.79,7,1,43.53,3,Resolved
ADM05204,IT,Accommodation Request,Medium,Email,9.76,6,0,39.69,2,Resolved
ADM05205,Academic Affairs,Password Reset,High,Phone,4.91,3,1,20.06,5,Resolved
ADM05206,Finance,Application Issue,Low,Portal,20.93,8,0,57.67,1,Resolved
ADM05207,Library,Transcript Request,High,Helpdesk,1.48,2,0,19.66,4,Resolved
ADM05208,Admissions,Accommodation Request,Critical,Walk-in,0.3,6,0,29.14,2,Resolved
ADM05209,Student Affairs,Application Issue,Low,Phone,20.23,2,1,50.19,2,Escalated
ADM05210,Registrar,Password Reset,High,Email,1.89,1,0,9.1,4,Resolved
ADM05211,Academic Affairs,Accommodation Request,Medium,Phone,4.7,5,0,35.54,2,Resolved
ADM05212,Registrar,Payment Issue,Medium,Phone,2.58,6,0,37.88,4,Resolved
ADM05213,Finance,Accommodation Request,Medium,Walk-in,7.72,2,1,43.72,3,Resolved
ADM05214,Library,Course Registration,Medium,Email,5.45,3,0,20.53,5,Pending
ADM05215,Finance,Graduation Clearance,Critical,Phone,0.57,6,0,35.54,4,Pending
ADM05216,IT,Portal Access,Medium,Phone,7.22,6,0,24.95,4,Resolved
ADM05217,Admissions,Transcript Request,Low,Portal,23.6,5,0,52.17,3,Resolved
ADM05218,Library,Library Issue,Medium,Phone,5.99,4,0,17.11,4,Resolved
ADM05219,Finance,Application Issue,Medium,Email,6.85,5,0,31.45,4,Resolved
ADM05220,Registrar,Fee Statement,High,Phone,1.23,3,0,17.41,3,Resolved
ADM05221,Finance,Transcript Request,Medium,Phone,3.29,4,0,24.75,3,Resolved
ADM05222,Admissions,Library Issue,Medium,Email,5.67,3,1,33.07,2,Resolved
ADM05223,Registrar,Password Reset,Medium,Walk-in,8.76,3,0,16.66,4,Resolved
ADM05224,Finance,Accommodation Request,Medium,Helpdesk,9.27,4,1,52.21,1,Resolved
ADM05225,Finance,Library Issue,Low,Email,16.84,3,0,31.95,2,Resolved
ADM05226,Registrar,Exam or Assessment Issue,Medium,Email,4.88,3,0,31.15,2,Resolved
ADM05227,IT,Payment Issue,Low,Phone,19.0,5,1,68.12,2,Escalated
ADM05228,Student Affairs,Transcript Request,High,Portal,1.81,5,1,34.01,2,Resolved
ADM05229,Registrar,Transcript Request,Medium,Portal,3.76,3,0,22.22,4,Resolved
ADM05230,IT,Transcript Request,High,Walk-in,4.08,2,0,24.2,4,Resolved
ADM05231,IT,Exam or Assessment Issue,Critical,Helpdesk,1.55,5,0,33.88,4,Pending
ADM05232,Admissions,Graduation Clearance,High,Portal,4.47,2,0,35.2,2,Resolved
ADM05233,IT,Portal Access,Low,Email,15.53,4,1,35.47,2,Resolved
ADM05234,Admissions,Password Reset,High,Portal,4.54,2,1,20.7,3,Escalated
ADM05235,Admissions,Graduation Clearance,High,Phone,0.62,3,0,34.41,4,Resolved
ADM05236,Registrar,Portal Access,High,Walk-in,1.64,4,0,9.88,4,Resolved
ADM05237,IT,Transcript Request,Low,Email,20.09,3,0,35.62,3,Resolved
ADM05238,IT,Payment Issue,Low,Portal,12.47,4,0,44.93,3,Resolved
ADM05239,Registrar,Fee Statement,Critical,Portal,0.63,1,0,19.18,4,Resolved
ADM05240,Finance,Exam or Assessment Issue,Medium,Phone,8.37,1,1,43.7,2,Escalated
ADM05241,Academic Affairs,Payment Issue,Low,Email,20.45,5,1,67.88,1,Escalated
ADM05242,Admissions,Application Issue,Medium,Helpdesk,5.65,6,0,32.43,4,Resolved
ADM05243,Admissions,Password Reset,High,Portal,2.6,2,0,7.51,4,Resolved
ADM05244,Student Affairs,Accommodation Request,Medium,Helpdesk,8.25,3,0,32.81,3,Pending
ADM05245,IT,Exam or Assessment Issue,High,Portal,3.97,3,1,38.7,3,Resolved
ADM05246,IT,Transcript Request,Medium,Phone,8.93,6,1,46.79,3,Escalated
ADM05247,Library,Library Issue,Medium,Helpdesk,7.16,1,0,20.86,3,Resolved
ADM05248,Student Affairs,Fee Statement,Medium,Helpdesk,3.49,5,0,35.58,3,Resolved
ADM05249,Admissions,Accommodation Request,Medium,Helpdesk,6.4,6,1,50.64,1,Resolved
ADM05250,Admissions,Student ID Issue,Medium,Email,5.06,11,0,27.3,3,Resolved
ADM05251,Finance,Graduation Clearance,Medium,Portal,2.22,5,0,37.02,2,Pending
ADM05252,Academic Affairs,Payment Issue,Medium,Email,3.57,2,0,36.33,3,Resolved
ADM05253,IT,Fee Statement,Medium,Portal,3.64,2,0,22.11,4,Resolved
ADM05254,Registrar,Student ID Issue,High,Email,0.87,3,0,11.28,5,Pending
ADM05255,Student Affairs,Portal Access,Medium,Phone,5.63,1,0,11.55,3,Resolved
ADM05256,Admissions,Student ID Issue,Low,Walk-in,14.16,4,0,23.63,4,Resolved
ADM05257,Registrar,Accommodation Request,Low,Portal,10.8,3,0,38.7,4,Pending
ADM05258,Admissions,Password Reset,Medium,Walk-in,5.3,1,0,8.05,5,Resolved
ADM05259,Admissions,Payment Issue,High,Email,2.97,5,0,38.43,3,Resolved
ADM05260,Student Affairs,Fee Statement,Medium,Walk-in,2.96,3,0,27.53,4,Resolved
ADM05261,Registrar,Student ID Issue,Low,Email,15.25,4,1,32.62,4,Escalated
ADM05262,Student Affairs,Payment Issue,Medium,Portal,7.68,3,0,38.04,3,Resolved
ADM05263,IT,Fee Statement,High,Portal,4.44,3,0,20.85,5,Resolved
ADM05264,Registrar,Graduation Clearance,Medium,Helpdesk,4.41,4,0,33.84,4,Resolved
ADM05265,Academic Affairs,Fee Statement,Medium,Helpdesk,7.98,6,0,42.83,3,Resolved
ADM05266,Admissions,Graduation Clearance,High,Email,3.23,1,0,38.33,4,Resolved
ADM05267,Finance,Accommodation Request,Medium,Email,6.02,4,0,34.42,4,Resolved
ADM05268,Admissions,Payment Issue,Low,Phone,22.39,5,0,58.63,2,Resolved
ADM05269,Student Affairs,Accommodation Request,Low,Portal,16.4,4,1,54.82,2,Resolved
ADM05270,Finance,Graduation Clearance,Medium,Portal,4.93,4,0,37.25,2,Resolved
ADM05271,Registrar,Student ID Issue,High,Email,3.71,2,0,16.78,5,Resolved
ADM05272,Registrar,Application Issue,Critical,Walk-in,1.93,5,1,40.87,4,Resolved
ADM05273,Finance,Password Reset,Medium,Email,9.35,1,1,20.36,3,Escalated
ADM05274,Library,Application Issue,High,Portal,4.91,4,0,31.04,2,Resolved
ADM05275,Admissions,Course Registration,Low,Email,5.9,6,0,33.68,2,Pending
ADM05276,Finance,Transcript Request,High,Helpdesk,2.5,1,0,19.59,5,Resolved
ADM05277,Registrar,Exam or Assessment Issue,Medium,Email,5.46,7,0,42.97,4,Pending
ADM05278,Finance,Application Issue,Medium,Phone,5.07,3,0,31.14,2,Pending
ADM05279,Academic Affairs,Portal Access,Low,Email,7.57,4,0,20.3,3,Resolved
ADM05280,Finance,Password Reset,Low,Portal,20.64,4,0,25.43,2,Resolved
ADM05281,Academic Affairs,Transcript Request,High,Helpdesk,3.53,2,0,25.23,3,Resolved
ADM05282,Admissions,Student ID Issue,Low,Email,16.12,3,0,23.72,5,Resolved
ADM05283,Registrar,Accommodation Request,Low,Helpdesk,12.94,4,0,47.46,3,Resolved
ADM05284,Student Affairs,Portal Access,Low,Helpdesk,11.77,4,0,21.59,5,Pending
ADM05285,Admissions,Transcript Request,Low,Phone,19.73,4,0,35.18,4,Pending
ADM05286,IT,Transcript Request,Medium,Email,6.21,5,0,28.78,4,Resolved
ADM05287,Academic Affairs,Fee Statement,Medium,Walk-in,6.86,4,0,35.01,3,Resolved
ADM05288,Registrar,Course Registration,Medium,Helpdesk,2.8,3,1,27.83,4,Resolved
ADM05289,Registrar,Accommodation Request,Medium,Helpdesk,5.77,4,0,41.74,3,Resolved
ADM05290,IT,Student ID Issue,High,Walk-in,1.09,2,0,10.67,3,Resolved
ADM05291,Finance,Exam or Assessment Issue,High,Portal,0.74,6,0,39.05,2,Resolved
ADM05292,Registrar,Payment Issue,Medium,Phone,7.51,3,0,41.21,2,Resolved
ADM05293,Registrar,Application Issue,Medium,Portal,4.2,3,0,29.47,3,Resolved
ADM05294,Registrar,Password Reset,Medium,Portal,9.72,2,1,24.74,2,Resolved
ADM05295,Library,Course Registration,Medium,Phone,6.84,4,0,25.57,2,Resolved
ADM05296,Registrar,Fee Statement,High,Walk-in,3.4,4,0,26.86,2,Pending
ADM05297,Admissions,Fee Statement,Medium,Phone,3.57,5,1,37.75,2,Resolved
ADM05298,IT,Transcript Request,Medium,Walk-in,3.03,2,1,30.93,4,Escalated
ADM05299,Admissions,Library Issue,Medium,Email,6.2,5,0,21.15,3,Resolved
ADM05300,Registrar,Application Issue,High,Portal,4.67,4,0,28.64,3,Resolved
ADM05301,Library,Course Registration,High,Portal,0.75,4,0,18.81,5,Resolved
ADM05302,Registrar,Graduation Clearance,High,Email,2.79,1,1,45.68,2,Escalated
ADM05303,Library,Transcript Request,Medium,Portal,3.59,1,0,20.59,5,Resolved
ADM05304,Student Affairs,Course Registration,Medium,Helpdesk,8.26,4,0,28.45,4,Resolved
ADM05305,Admissions,Portal Access,High,Portal,3.57,5,0,14.42,4,Resolved
ADM05306,Admissions,Accommodation Request,Low,Email,5.94,4,0,39.98,3,Resolved
ADM05307,Admissions,Exam or Assessment Issue,Medium,Portal,6.93,4,0,34.46,2,Resolved
ADM05308,Finance,Password Reset,Medium,Phone,9.87,6,0,20.17,5,Pending
ADM05309,Student Affairs,Application Issue,Medium,Portal,6.23,2,1,40.13,3,Resolved
ADM05310,Student Affairs,Graduation Clearance,Medium,Portal,4.28,4,0,37.19,4,Resolved
ADM05311,Finance,Fee Statement,High,Email,1.18,9,1,46.13,2,Escalated
ADM05312,IT,Graduation Clearance,Low,Portal,23.79,5,0,56.72,3,Resolved
ADM05313,Academic Affairs,Graduation Clearance,High,Phone,3.04,7,1,55.5,2,Resolved
ADM05314,Academic Affairs,Library Issue,High,Portal,2.19,5,0,16.84,3,Resolved
ADM05315,Admissions,Student ID Issue,High,Email,1.46,6,1,27.36,3,Resolved
ADM05316,Admissions,Payment Issue,Medium,Helpdesk,9.6,1,1,45.16,4,Escalated
ADM05317,Finance,Accommodation Request,Medium,Email,7.02,3,0,34.15,2,Resolved
ADM05318,Academic Affairs,Application Issue,Critical,Email,0.3,3,0,27.85,2,Resolved
ADM05319,Registrar,Portal Access,Medium,Phone,2.48,4,0,16.57,3,Pending
ADM05320,IT,Application Issue,Medium,Phone,9.52,4,0,39.47,2,Resolved
ADM05321,Finance,Student ID Issue,Medium,Email,7.68,3,0,22.02,3,Resolved
ADM05322,Finance,Graduation Clearance,Low,Phone,6.07,3,0,36.23,3,Resolved
ADM05323,Admissions,Exam or Assessment Issue,Medium,Email,6.99,4,0,42.31,2,Resolved
ADM05324,Academic Affairs,Password Reset,High,Helpdesk,2.39,3,0,11.11,3,Resolved
ADM05325,Registrar,Password Reset,High,Phone,4.05,4,0,9.7,4,Resolved
ADM05326,IT,Course Registration,Low,Email,9.47,5,0,28.34,4,Resolved
ADM05327,Registrar,Transcript Request,High,Email,2.22,5,1,31.65,2,Resolved
ADM05328,Registrar,Password Reset,Medium,Portal,3.34,2,0,12.22,3,Resolved
ADM05329,Admissions,Library Issue,Medium,Phone,4.02,2,1,27.41,2,Resolved
ADM05330,Admissions,Payment Issue,Critical,Walk-in,0.54,5,0,38.67,4,Resolved
ADM05331,Finance,Portal Access,Medium,Helpdesk,2.19,4,0,13.43,4,Pending
ADM05332,Finance,Exam or Assessment Issue,High,Portal,0.71,5,1,43.43,3,Resolved
ADM05333,Registrar,Graduation Clearance,Medium,Walk-in,8.68,3,0,41.46,3,Resolved
ADM05334,Finance,Student ID Issue,High,Portal,4.12,5,0,12.96,5,Resolved
ADM05335,Academic Affairs,Fee Statement,Medium,Portal,3.13,3,0,29.45,3,Resolved
ADM05336,Academic Affairs,Password Reset,Medium,Phone,7.34,5,1,21.59,3,Resolved
ADM05337,Finance,Exam or Assessment Issue,Medium,Email,7.97,7,1,53.24,2,Escalated
ADM05338,IT,Fee Statement,Medium,Email,2.41,3,0,27.74,3,Resolved
ADM05339,Student Affairs,Exam or Assessment Issue,Medium,Walk-in,2.71,3,1,38.74,4,Resolved
ADM05340,Registrar,Password Reset,High,Portal,3.03,2,0,6.39,4,Resolved
ADM05341,Student Affairs,Graduation Clearance,Medium,Helpdesk,4.99,5,0,36.86,4,Resolved
ADM05342,Academic Affairs,Exam or Assessment Issue,High,Email,3.65,6,1,43.37,4,Escalated
ADM05343,Registrar,Graduation Clearance,Medium,Portal,6.46,3,0,33.55,4,Resolved
ADM05344,Registrar,Exam or Assessment Issue,Medium,Portal,2.25,5,0,31.42,2,Resolved
ADM05345,Academic Affairs,Library Issue,Critical,Portal,1.43,4,0,18.11,3,Resolved
ADM05346,Admissions,Fee Statement,Critical,Helpdesk,0.57,3,0,17.43,5,Resolved
ADM05347,Registrar,Transcript Request,Medium,Portal,4.5,3,0,23.29,4,Resolved
ADM05348,Finance,Graduation Clearance,High,Portal,3.81,2,0,38.25,4,Resolved
ADM05349,Admissions,Portal Access,Medium,Portal,8.17,1,0,17.95,3,Resolved
ADM05350,IT,Payment Issue,Low,Walk-in,10.92,5,0,49.0,2,Resolved
ADM05351,Library,Library Issue,Medium,Portal,2.71,4,0,10.85,4,Resolved
ADM05352,Academic Affairs,Transcript Request,Critical,Phone,1.59,4,0,18.97,3,Resolved
ADM05353,Finance,Payment Issue,Critical,Walk-in,1.77,3,0,32.6,4,Resolved
ADM05354,Admissions,Transcript Request,Low,Email,23.29,3,0,45.45,2,Resolved
ADM05355,Admissions,Transcript Request,High,Helpdesk,1.93,3,0,23.95,5,Resolved
ADM05356,Admissions,Transcript Request,High,Walk-in,1.06,2,0,17.23,5,Resolved
ADM05357,Registrar,Course Registration,Medium,Portal,9.5,5,0,30.58,4,Resolved
ADM05358,Academic Affairs,Payment Issue,High,Phone,2.3,3,0,33.02,4,Resolved
ADM05359,Student Affairs,Transcript Request,Medium,Walk-in,2.75,9,0,30.15,2,Pending
ADM05360,Admissions,Accommodation Request,Medium,Helpdesk,5.99,2,0,32.52,4,Resolved
ADM05361,IT,Accommodation Request,High,Email,1.36,5,0,32.97,3,Resolved
ADM05362,Finance,Exam or Assessment Issue,Medium,Phone,4.84,4,0,29.03,2,Resolved
ADM05363,Admissions,Exam or Assessment Issue,Medium,Email,4.56,4,0,33.81,4,Resolved
ADM05364,IT,Password Reset,Low,Email,23.75,9,0,33.93,3,Resolved
ADM05365,Admissions,Portal Access,High,Walk-in,3.38,6,0,12.6,5,Resolved
ADM05366,Academic Affairs,Graduation Clearance,Medium,Walk-in,5.93,2,0,34.59,2,Resolved
ADM05367,IT,Fee Statement,Medium,Portal,6.11,2,0,29.9,3,Resolved
ADM05368,Finance,Graduation Clearance,Medium,Portal,6.83,4,0,42.2,3,Resolved
ADM05369,Library,Password Reset,Low,Phone,21.46,8,0,32.37,4,Resolved
ADM05370,Registrar,Course Registration,High,Helpdesk,1.16,4,0,19.84,5,Resolved
ADM05371,Finance,Accommodation Request,Medium,Portal,6.8,6,0,42.84,4,Resolved
ADM05372,Finance,Payment Issue,Medium,Email,4.58,5,0,48.03,1,Pending
ADM05373,Admissions,Portal Access,Low,Walk-in,15.43,3,0,25.65,2,Resolved
ADM05374,Library,Portal Access,Low,Portal,14.35,6,0,29.09,4,Resolved
ADM05375,Admissions,Exam or Assessment Issue,High,Email,0.63,5,0,26.89,4,Resolved
ADM05376,Library,Fee Statement,Medium,Phone,6.66,5,0,32.98,3,Resolved
ADM05377,IT,Payment Issue,High,Portal,3.69,1,0,35.5,3,Resolved
ADM05378,Finance,Exam or Assessment Issue,Low,Portal,8.92,2,0,32.53,3,Resolved
ADM05379,Library,Student ID Issue,Medium,Helpdesk,2.85,3,0,8.94,4,Resolved
ADM05380,Finance,Fee Statement,High,Email,1.45,7,0,27.12,4,Resolved
ADM05381,Finance,Portal Access,Medium,Email,7.09,4,0,14.83,3,Resolved
ADM05382,Admissions,Course Registration,Medium,Portal,5.75,6,0,29.81,3,Resolved
ADM05383,Finance,Library Issue,High,Email,4.39,3,0,15.56,3,Resolved
ADM05384,Registrar,Library Issue,High,Portal,1.78,7,0,18.47,3,Resolved
ADM05385,IT,Accommodation Request,Low,Portal,11.3,3,1,44.84,2,Escalated
ADM05386,Admissions,Portal Access,Medium,Walk-in,6.22,5,0,18.47,4,Resolved
ADM05387,Admissions,Course Registration,Low,Walk-in,13.2,5,1,45.49,3,Resolved
ADM05388,Academic Affairs,Fee Statement,High,Portal,2.96,7,0,25.85,3,Resolved
ADM05389,IT,Course Registration,Medium,Email,4.5,3,1,29.66,3,Resolved
ADM05390,Student Affairs,Application Issue,Critical,Portal,0.5,3,0,25.6,4,Pending
ADM05391,Registrar,Fee Statement,Low,Phone,20.07,7,0,53.43,2,Resolved
ADM05392,IT,Transcript Request,Medium,Email,2.31,4,1,31.3,2,Escalated
ADM05393,Student Affairs,Fee Statement,Low,Walk-in,11.39,5,0,40.34,4,Resolved
ADM05394,IT,Accommodation Request,Medium,Portal,2.7,4,0,30.39,3,Resolved
ADM05395,IT,Exam or Assessment Issue,Low,Helpdesk,18.73,5,0,51.85,2,Resolved
ADM05396,Finance,Library Issue,Medium,Portal,4.92,4,0,16.72,4,Resolved
ADM05397,Registrar,Fee Statement,High,Walk-in,0.64,4,0,24.66,2,Resolved
ADM05398,Admissions,Exam or Assessment Issue,Low,Phone,5.52,4,0,35.34,3,Resolved
ADM05399,Finance,Transcript Request,Medium,Portal,3.59,5,0,19.05,3,Pending
ADM05400,Student Affairs,Application Issue,High,Phone,4.04,1,0,17.73,4,Resolved
ADM05401,Finance,Graduation Clearance,Critical,Walk-in,1.64,5,0,39.74,3,Resolved
ADM05402,Academic Affairs,Graduation Clearance,Medium,Phone,9.97,2,0,44.27,2,Resolved
ADM05403,Academic Affairs,Graduation Clearance,High,Walk-in,1.58,5,1,51.16,2,Resolved
ADM05404,Finance,Course Registration,Medium,Email,2.48,4,0,22.74,4,Resolved
ADM05405,Finance,Payment Issue,Medium,Email,4.27,6,1,54.77,3,Resolved
ADM05406,Student Affairs,Library Issue,High,Email,1.3,6,0,17.67,5,Resolved
ADM05407,Academic Affairs,Course Registration,High,Walk-in,3.7,5,0,22.7,4,Resolved
ADM05408,Admissions,Application Issue,High,Email,4.86,2,0,28.61,2,Resolved
ADM05409,Finance,Graduation Clearance,High,Walk-in,1.73,1,0,25.3,2,Resolved
ADM05410,Admissions,Payment Issue,Medium,Portal,4.63,4,0,41.09,4,Resolved
ADM05411,IT,Portal Access,Medium,Email,4.81,4,0,15.31,5,Resolved
ADM05412,Finance,Password Reset,Medium,Portal,8.86,7,0,21.72,5,Resolved
ADM05413,Library,Accommodation Request,Medium,Portal,6.62,3,0,29.21,2,Resolved
ADM05414,Registrar,Course Registration,Low,Portal,23.48,6,0,45.63,2,Pending
ADM05415,Registrar,Exam or Assessment Issue,Medium,Portal,7.02,5,0,33.69,2,Resolved
ADM05416,Finance,Student ID Issue,High,Email,3.68,2,0,13.83,4,Pending
ADM05417,Finance,Payment Issue,High,Helpdesk,0.9,1,0,37.27,3,Resolved
ADM05418,Finance,Portal Access,Medium,Portal,9.61,5,1,31.28,3,Resolved
ADM05419,Admissions,Student ID Issue,Medium,Portal,7.02,5,0,18.51,5,Resolved
ADM05420,Finance,Password Reset,High,Walk-in,2.84,2,0,3.43,4,Resolved
ADM05421,Registrar,Password Reset,Medium,Email,5.1,5,0,15.6,5,Pending
ADM05422,Finance,Library Issue,Critical,Portal,0.34,5,0,16.17,5,Resolved
ADM05423,Academic Affairs,Student ID Issue,Low,Portal,6.67,4,0,17.7,5,Resolved
ADM05424,Admissions,Library Issue,Medium,Portal,2.09,7,0,19.3,3,Resolved
ADM05425,Admissions,Library Issue,High,Email,4.99,3,1,26.97,3,Escalated
ADM05426,IT,Library Issue,High,Email,4.04,2,0,13.4,5,Resolved
ADM05427,Academic Affairs,Graduation Clearance,Medium,Portal,8.38,4,0,39.75,3,Resolved
ADM05428,Finance,Library Issue,Low,Email,18.6,4,1,40.69,3,Resolved
ADM05429,IT,Portal Access,High,Email,2.68,3,0,13.49,5,Resolved
ADM05430,IT,Accommodation Request,Medium,Email,2.71,1,0,24.3,2,Resolved
ADM05431,IT,Fee Statement,High,Portal,0.83,1,0,21.74,3,Resolved
ADM05432,Registrar,Portal Access,Medium,Email,9.33,3,0,18.45,3,Resolved
ADM05433,IT,Application Issue,Medium,Phone,2.0,3,0,25.93,2,Resolved
ADM05434,Registrar,Library Issue,Low,Helpdesk,17.98,4,0,31.56,3,Resolved
ADM05435,IT,Payment Issue,Medium,Phone,7.03,6,1,56.0,1,Resolved
ADM05436,Library,Payment Issue,Low,Walk-in,14.02,2,0,44.9,2,Resolved
ADM05437,Registrar,Student ID Issue,Low,Phone,23.5,5,0,33.24,4,Resolved
ADM05438,Student Affairs,Exam or Assessment Issue,Medium,Portal,3.59,4,0,33.7,2,Pending
ADM05439,Registrar,Student ID Issue,Medium,Email,8.28,7,0,21.66,4,Resolved
ADM05440,Student Affairs,Application Issue,Medium,Email,7.4,5,0,36.55,4,Resolved
ADM05441,Admissions,Exam or Assessment Issue,Low,Portal,23.49,6,0,56.51,2,Resolved
ADM05442,Registrar,Portal Access,High,Email,4.7,3,0,9.78,5,Resolved
ADM05443,Registrar,Exam or Assessment Issue,Low,Helpdesk,6.57,3,0,35.54,2,Resolved
ADM05444,Academic Affairs,Payment Issue,Medium,Helpdesk,4.46,6,0,37.28,3,Resolved
ADM05445,Registrar,Transcript Request,Medium,Email,8.81,5,0,34.42,3,Pending
ADM05446,Registrar,Graduation Clearance,High,Portal,1.53,5,0,35.55,2,Resolved
ADM05447,Finance,Graduation Clearance,Medium,Portal,5.03,4,0,41.39,4,Resolved
ADM05448,IT,Transcript Request,Low,Phone,16.52,4,0,38.6,2,Resolved
ADM05449,Admissions,Graduation Clearance,Low,Phone,15.26,4,0,51.02,2,Resolved
ADM05450,Registrar,Fee Statement,High,Email,3.38,3,0,22.28,3,Resolved
ADM05451,Finance,Transcript Request,High,Phone,3.71,3,0,30.51,4,Resolved
ADM05452,Finance,Course Registration,Medium,Phone,7.83,4,0,28.43,2,Resolved
ADM05453,Registrar,Library Issue,Low,Portal,18.75,4,1,45.89,4,Resolved
ADM05454,Admissions,Graduation Clearance,Medium,Portal,9.93,5,0,48.43,3,Resolved
ADM05455,IT,Application Issue,Medium,Helpdesk,4.85,6,0,34.96,4,Resolved
ADM05456,Registrar,Student ID Issue,High,Walk-in,0.7,3,0,12.04,4,Resolved
ADM05457,Finance,Course Registration,Low,Portal,10.98,3,0,30.0,4,Resolved
ADM05458,Finance,Accommodation Request,Medium,Email,9.29,4,0,38.72,2,Pending
ADM05459,Academic Affairs,Library Issue,Medium,Portal,2.67,4,1,24.42,2,Resolved
ADM05460,Academic Affairs,Payment Issue,Medium,Phone,7.18,1,0,41.59,2,Resolved
ADM05461,Library,Library Issue,Medium,Email,5.39,5,0,19.72,4,Resolved
ADM05462,Finance,Graduation Clearance,High,Portal,4.65,4,0,37.34,4,Resolved
ADM05463,Registrar,Student ID Issue,Medium,Email,9.43,4,0,14.19,3,Resolved
ADM05464,Finance,Password Reset,Medium,Portal,8.28,1,0,13.62,4,Resolved
ADM05465,Finance,Exam or Assessment Issue,Medium,Email,2.79,3,0,29.0,3,Resolved
ADM05466,Admissions,Exam or Assessment Issue,Medium,Email,2.2,2,1,38.76,2,Resolved
ADM05467,Library,Password Reset,Low,Portal,6.73,5,0,16.35,3,Resolved
ADM05468,Student Affairs,Course Registration,Medium,Helpdesk,4.57,5,0,26.8,3,Resolved
ADM05469,Student Affairs,Portal Access,Low,Portal,8.83,4,0,19.64,4,Resolved
ADM05470,Finance,Payment Issue,Critical,Portal,0.87,3,0,37.98,3,Resolved
ADM05471,IT,Student ID Issue,Medium,Walk-in,3.14,7,1,31.69,3,Resolved
ADM05472,Finance,Student ID Issue,Low,Email,19.05,4,0,31.99,3,Resolved
ADM05473,Registrar,Student ID Issue,Low,Email,20.91,1,0,27.03,2,Resolved
ADM05474,IT,Exam or Assessment Issue,Medium,Email,5.9,5,0,39.0,4,Resolved
ADM05475,Registrar,Graduation Clearance,Medium,Walk-in,9.65,7,0,45.93,2,Resolved
ADM05476,Admissions,Transcript Request,Medium,Phone,2.96,4,0,22.56,4,Resolved
ADM05477,Finance,Student ID Issue,Medium,Email,2.85,5,0,14.65,5,Resolved
ADM05478,IT,Password Reset,High,Phone,1.4,5,0,14.94,4,Resolved
ADM05479,Library,Accommodation Request,Medium,Helpdesk,9.86,2,0,33.73,2,Resolved
ADM05480,Finance,Application Issue,Medium,Email,5.33,2,0,28.05,2,Resolved
ADM05481,Student Affairs,Library Issue,High,Phone,4.66,3,0,16.18,4,Resolved
ADM05482,Finance,Application Issue,Low,Portal,8.04,4,0,31.54,3,Resolved
ADM05483,Admissions,Password Reset,Low,Portal,20.92,4,0,25.92,2,Pending
ADM05484,IT,Password Reset,Medium,Portal,4.48,3,1,23.74,3,Resolved
ADM05485,IT,Accommodation Request,High,Walk-in,3.8,3,1,44.38,2,Resolved
ADM05486,Academic Affairs,Fee Statement,Medium,Portal,9.8,4,0,33.44,4,Resolved
ADM05487,Finance,Course Registration,Low,Portal,22.66,3,1,48.46,3,Resolved
ADM05488,IT,Transcript Request,High,Portal,4.24,3,0,22.16,3,Pending
ADM05489,IT,Graduation Clearance,Medium,Email,2.4,4,0,32.37,3,Resolved
ADM05490,Academic Affairs,Portal Access,High,Phone,3.23,5,1,26.13,2,Resolved
ADM05491,Registrar,Student ID Issue,High,Email,4.26,4,0,13.81,3,Resolved
ADM05492,Library,Student ID Issue,Medium,Portal,5.19,6,1,23.79,4,Escalated
ADM05493,IT,Graduation Clearance,High,Email,3.79,2,0,31.52,4,Resolved
ADM05494,Finance,Accommodation Request,High,Portal,1.12,5,0,34.64,4,Pending
ADM05495,Admissions,Fee Statement,High,Portal,1.3,4,0,26.51,2,Resolved
ADM05496,Finance,Student ID Issue,Medium,Phone,7.15,5,0,20.26,4,Resolved
ADM05497,IT,Transcript Request,High,Email,2.47,2,0,23.2,3,Resolved
ADM05498,Student Affairs,Exam or Assessment Issue,Low,Portal,8.37,4,0,33.66,2,Resolved
ADM05499,IT,Course Registration,High,Portal,1.77,4,0,20.9,4,Resolved
ADM05500,IT,Transcript Request,Medium,Walk-in,6.95,3,0,28.9,2,Resolved
ADM05501,Admissions,Fee Statement,Low,Portal,18.51,6,0,41.93,3,Resolved
ADM05502,Registrar,Password Reset,Low,Helpdesk,8.15,3,0,12.16,5,Pending
ADM05503,Finance,Transcript Request,Medium,Email,9.64,5,1,48.39,2,Escalated
ADM05504,Admissions,Application Issue,Medium,Phone,2.07,4,0,25.83,4,Resolved
ADM05505,Finance,Transcript Request,Medium,Email,7.6,3,0,26.59,2,Resolved
ADM05506,Registrar,Password Reset,Medium,Phone,4.33,4,0,11.78,3,Resolved
ADM05507,Admissions,Student ID Issue,Medium,Email,5.83,5,0,19.62,5,Resolved
ADM05508,Finance,Library Issue,Medium,Portal,6.56,4,0,19.09,3,Resolved
ADM05509,Finance,Library Issue,Medium,Portal,6.49,5,0,19.99,3,Resolved
ADM05510,Admissions,Library Issue,High,Walk-in,3.99,2,0,22.78,4,Resolved
ADM05511,Registrar,Student ID Issue,Medium,Email,8.59,4,0,18.83,4,Resolved
ADM05512,Academic Affairs,Accommodation Request,Low,Phone,5.47,7,0,40.88,4,Resolved
ADM05513,Student Affairs,Course Registration,Medium,Helpdesk,7.62,6,0,27.06,3,Resolved
ADM05514,IT,Graduation Clearance,High,Email,2.3,3,0,35.06,2,Resolved
ADM05515,Registrar,Course Registration,Low,Helpdesk,20.37,5,0,43.66,3,Resolved
ADM05516,Library,Student ID Issue,Medium,Email,6.87,4,1,27.7,3,Resolved
ADM05517,Library,Transcript Request,Medium,Walk-in,2.08,3,0,18.84,3,Resolved
ADM05518,Library,Exam or Assessment Issue,Critical,Helpdesk,1.4,6,0,32.61,2,Resolved
ADM05519,Registrar,Portal Access,Medium,Helpdesk,9.41,4,0,27.38,2,Resolved
ADM05520,IT,Course Registration,High,Portal,0.87,3,0,9.98,4,Resolved
ADM05521,Student Affairs,Application Issue,Medium,Helpdesk,5.95,2,0,33.97,3,Resolved
ADM05522,IT,Application Issue,High,Email,3.32,2,0,22.72,3,Resolved
ADM05523,IT,Payment Issue,Medium,Portal,3.57,3,0,35.58,2,Resolved
ADM05524,Admissions,Exam or Assessment Issue,Medium,Portal,7.21,7,0,39.83,3,Resolved
ADM05525,Admissions,Application Issue,Medium,Portal,2.4,2,0,25.73,3,Resolved
ADM05526,Registrar,Graduation Clearance,High,Phone,4.58,3,0,41.38,2,Resolved
ADM05527,IT,Course Registration,Low,Email,19.25,3,0,30.87,2,Resolved
ADM05528,Registrar,Exam or Assessment Issue,Low,Helpdesk,22.82,5,0,55.54,1,Resolved
ADM05529,Admissions,Exam or Assessment Issue,High,Phone,2.38,5,0,32.64,4,Resolved
ADM05530,Finance,Portal Access,Medium,Helpdesk,2.27,2,0,10.95,5,Resolved
ADM05531,Admissions,Password Reset,Medium,Walk-in,4.73,5,0,14.08,3,Pending
ADM05532,Registrar,Library Issue,Medium,Walk-in,6.13,3,0,11.92,5,Resolved
ADM05533,IT,Transcript Request,Medium,Email,9.49,3,0,31.99,2,Resolved
ADM05534,Library,Password Reset,Medium,Portal,9.06,4,0,12.86,3,Resolved
ADM05535,Registrar,Portal Access,High,Portal,3.17,1,0,7.02,5,Resolved
ADM05536,Registrar,Accommodation Request,Low,Email,18.6,4,0,51.84,3,Resolved
ADM05537,Registrar,Library Issue,High,Portal,4.79,5,0,16.15,3,Resolved
ADM05538,Student Affairs,Exam or Assessment Issue,Medium,Phone,8.8,4,0,35.18,4,Resolved
ADM05539,Admissions,Payment Issue,Medium,Email,7.27,4,0,47.83,4,Resolved
ADM05540,Admissions,Accommodation Request,Medium,Portal,6.32,5,0,37.55,3,Resolved
ADM05541,Registrar,Course Registration,High,Portal,2.64,3,0,19.54,5,Pending
ADM05542,IT,Exam or Assessment Issue,Low,Email,19.13,3,0,44.34,2,Pending
ADM05543,Student Affairs,Portal Access,High,Phone,4.14,2,1,19.65,3,Resolved
ADM05544,Student Affairs,Library Issue,High,Phone,1.48,1,0,13.49,3,Pending
ADM05545,IT,Exam or Assessment Issue,Low,Helpdesk,13.48,7,0,43.88,4,Resolved
ADM05546,Registrar,Exam or Assessment Issue,Low,Email,19.42,5,1,59.16,1,Resolved
ADM05547,Registrar,Payment Issue,Medium,Portal,7.41,2,0,45.17,3,Resolved
ADM05548,Registrar,Transcript Request,High,Portal,3.16,4,1,32.9,3,Resolved
ADM05549,Finance,Exam or Assessment Issue,Medium,Helpdesk,4.59,3,0,27.51,2,Resolved
ADM05550,Registrar,Transcript Request,High,Portal,3.24,3,0,26.08,2,Resolved
ADM05551,Finance,Student ID Issue,Medium,Portal,6.9,5,0,23.81,5,Pending
ADM05552,Finance,Course Registration,High,Email,2.45,4,0,16.58,5,Resolved
ADM05553,Academic Affairs,Application Issue,Medium,Email,9.68,3,0,37.27,4,Pending
ADM05554,IT,Portal Access,Medium,Email,7.22,5,0,21.6,4,Pending
ADM05555,Student Affairs,Payment Issue,High,Phone,4.33,4,1,42.76,4,Resolved
ADM05556,IT,Payment Issue,High,Phone,1.08,3,0,35.92,4,Resolved
ADM05557,Registrar,Application Issue,Medium,Portal,8.05,3,0,33.53,4,Resolved
ADM05558,Library,Application Issue,Medium,Portal,6.81,5,0,35.4,3,Resolved
ADM05559,Finance,Accommodation Request,Medium,Email,4.47,2,0,36.86,2,Resolved
ADM05560,IT,Library Issue,Medium,Phone,3.09,4,0,20.03,4,Resolved
ADM05561,Finance,Accommodation Request,Medium,Walk-in,5.04,3,0,35.32,2,Resolved
ADM05562,Academic Affairs,Fee Statement,Medium,Helpdesk,5.53,4,0,29.12,3,Resolved
ADM05563,Finance,Fee Statement,Critical,Email,0.45,3,1,39.99,2,Escalated
ADM05564,Finance,Course Registration,Medium,Phone,7.36,5,0,28.24,2,Resolved
ADM05565,Academic Affairs,Student ID Issue,Low,Helpdesk,10.14,3,0,21.49,4,Resolved
ADM05566,Registrar,Portal Access,Medium,Phone,8.45,5,1,25.7,3,Escalated
ADM05567,IT,Payment Issue,Low,Portal,16.97,4,0,51.89,3,Resolved
ADM05568,IT,Exam or Assessment Issue,Medium,Phone,4.48,3,0,30.2,2,Resolved
ADM05569,Student Affairs,Library Issue,Medium,Phone,4.88,5,0,24.01,2,Resolved
ADM05570,Academic Affairs,Transcript Request,Medium,Portal,9.54,4,0,30.7,2,Resolved
ADM05571,Academic Affairs,Exam or Assessment Issue,Critical,Email,1.91,3,1,36.67,3,Resolved
ADM05572,Registrar,Transcript Request,Critical,Phone,0.95,5,0,24.44,2,Resolved
ADM05573,Student Affairs,Password Reset,Low,Walk-in,17.58,4,0,29.92,4,Resolved
ADM05574,IT,Application Issue,Medium,Helpdesk,9.84,4,0,40.54,2,Resolved
ADM05575,IT,Course Registration,High,Email,4.97,2,0,20.94,3,Resolved
ADM05576,Registrar,Password Reset,Medium,Phone,2.58,4,0,8.71,3,Resolved
ADM05577,IT,Password Reset,High,Email,2.99,5,0,10.35,3,Resolved
ADM05578,Academic Affairs,Student ID Issue,High,Helpdesk,3.77,5,0,16.84,3,Resolved
ADM05579,Academic Affairs,Portal Access,High,Email,1.34,2,0,7.58,5,Resolved
ADM05580,Admissions,Payment Issue,Medium,Portal,8.58,7,1,58.11,3,Resolved
ADM05581,Registrar,Graduation Clearance,High,Email,2.61,4,0,38.88,2,Resolved
ADM05582,Finance,Library Issue,High,Phone,2.74,4,0,18.95,5,Resolved
ADM05583,Student Affairs,Graduation Clearance,High,Portal,1.73,4,0,35.81,3,Resolved
ADM05584,IT,Exam or Assessment Issue,Medium,Phone,4.4,6,0,32.8,3,Resolved
ADM05585,Admissions,Transcript Request,High,Portal,0.88,2,0,22.21,4,Resolved
ADM05586,Registrar,Transcript Request,Medium,Portal,9.45,6,0,36.91,4,Resolved
ADM05587,Admissions,Transcript Request,Medium,Portal,5.05,2,1,30.64,4,Escalated
ADM05588,Admissions,Fee Statement,Medium,Email,3.3,4,0,32.74,3,Resolved
ADM05589,Academic Affairs,Portal Access,Critical,Email,0.46,5,0,14.25,4,Resolved
ADM05590,IT,Course Registration,High,Phone,2.33,4,0,19.83,3,Resolved
ADM05591,Finance,Exam or Assessment Issue,High,Portal,3.34,7,1,45.1,4,Resolved
ADM05592,Admissions,Transcript Request,Medium,Email,8.22,3,0,28.26,3,Resolved
ADM05593,Registrar,Student ID Issue,Medium,Portal,9.4,2,0,21.14,5,Resolved
ADM05594,Academic Affairs,Transcript Request,High,Email,3.36,3,0,29.15,4,Resolved
ADM05595,Finance,Graduation Clearance,Medium,Portal,5.37,7,0,43.88,4,Pending
ADM05596,Admissions,Course Registration,High,Helpdesk,2.4,6,0,23.66,4,Resolved
ADM05597,Finance,Fee Statement,Medium,Portal,6.6,4,1,44.77,3,Resolved
ADM05598,IT,Student ID Issue,High,Phone,2.92,6,1,30.45,2,Escalated
ADM05599,IT,Password Reset,High,Phone,3.38,2,0,10.88,5,Resolved
ADM05600,IT,Course Registration,Medium,Portal,6.03,3,0,26.62,4,Pending
ADM05601,Finance,Password Reset,Low,Portal,5.18,3,0,13.79,5,Resolved
ADM05602,Finance,Application Issue,Medium,Portal,6.01,6,0,37.59,2,Resolved
ADM05603,Registrar,Accommodation Request,High,Email,0.6,6,1,40.94,4,Resolved
ADM05604,IT,Transcript Request,High,Walk-in,1.31,1,0,16.88,3,Pending
ADM05605,Registrar,Course Registration,High,Phone,2.24,2,1,27.95,2,Resolved
ADM05606,IT,Accommodation Request,Medium,Helpdesk,6.41,2,0,29.19,2,Resolved
ADM05607,Student Affairs,Library Issue,High,Phone,1.33,1,0,8.9,3,Pending
ADM05608,Student Affairs,Student ID Issue,Medium,Portal,4.21,4,1,28.15,2,Resolved
ADM05609,Admissions,Portal Access,Low,Phone,11.48,3,0,15.93,3,Resolved
ADM05610,Admissions,Application Issue,Critical,Phone,0.55,3,0,29.52,2,Resolved
ADM05611,Registrar,Library Issue,Medium,Phone,9.99,2,1,29.36,3,Escalated
ADM05612,IT,Library Issue,Medium,Walk-in,8.44,2,0,19.9,5,Resolved
ADM05613,Student Affairs,Application Issue,Medium,Helpdesk,8.49,4,0,34.1,3,Resolved
ADM05614,Finance,Graduation Clearance,Low,Email,15.38,6,1,62.82,2,Resolved
ADM05615,Admissions,Password Reset,Medium,Portal,9.69,8,0,22.46,3,Pending
ADM05616,Student Affairs,Course Registration,Medium,Phone,7.86,4,0,29.68,2,Resolved
ADM05617,Student Affairs,Payment Issue,High,Portal,1.99,6,0,42.26,3,Resolved
ADM05618,Finance,Transcript Request,Medium,Phone,6.88,7,0,28.2,3,Resolved
ADM05619,IT,Student ID Issue,Medium,Portal,6.35,4,0,21.11,4,Resolved
ADM05620,Registrar,Fee Statement,Medium,Portal,6.64,4,0,30.3,2,Resolved
ADM05621,Registrar,Graduation Clearance,High,Email,4.18,4,0,41.43,3,Resolved
ADM05622,Academic Affairs,Course Registration,Medium,Phone,6.08,3,0,24.04,2,Resolved
ADM05623,Student Affairs,Exam or Assessment Issue,Critical,Email,1.51,3,0,27.92,3,Resolved
ADM05624,Library,Exam or Assessment Issue,Medium,Phone,4.0,5,0,31.74,3,Resolved
ADM05625,Registrar,Transcript Request,Low,Helpdesk,22.64,2,0,37.88,4,Resolved
ADM05626,Student Affairs,Course Registration,Medium,Email,2.69,6,0,22.27,4,Resolved
ADM05627,Admissions,Library Issue,Medium,Email,9.95,3,0,20.52,4,Resolved
ADM05628,Finance,Payment Issue,High,Email,3.35,3,0,32.49,2,Pending
ADM05629,Admissions,Fee Statement,Medium,Portal,5.76,4,1,38.72,4,Resolved
ADM05630,Registrar,Course Registration,Medium,Email,4.49,4,0,22.52,5,Resolved
ADM05631,Library,Transcript Request,Low,Portal,12.1,6,0,38.07,3,Resolved
ADM05632,IT,Fee Statement,Medium,Portal,8.26,1,0,29.52,4,Resolved
ADM05633,Registrar,Fee Statement,High,Portal,1.13,6,1,35.8,2,Resolved
ADM05634,Registrar,Portal Access,Medium,Phone,4.02,5,0,19.81,4,Resolved
ADM05635,Registrar,Student ID Issue,Low,Helpdesk,6.47,1,0,15.81,3,Resolved
ADM05636,Registrar,Library Issue,Low,Email,12.53,6,0,29.27,4,Resolved
ADM05637,IT,Portal Access,Medium,Walk-in,5.1,4,0,17.93,4,Resolved
ADM05638,Student Affairs,Transcript Request,High,Email,3.42,2,0,21.18,5,Resolved
ADM05639,Registrar,Transcript Request,High,Email,4.98,4,0,31.11,2,Pending
ADM05640,Registrar,Password Reset,Low,Portal,21.85,6,0,36.86,4,Resolved
ADM05641,IT,Course Registration,Medium,Portal,9.04,4,0,25.14,3,Resolved
ADM05642,Student Affairs,Course Registration,Medium,Email,7.17,5,0,29.38,4,Resolved
ADM05643,Finance,Password Reset,High,Email,1.72,4,0,7.06,4,Resolved
ADM05644,Finance,Accommodation Request,Medium,Helpdesk,5.07,5,0,36.76,3,Resolved
ADM05645,IT,Application Issue,Medium,Email,4.0,2,0,29.34,2,Resolved
ADM05646,Finance,Exam or Assessment Issue,Medium,Walk-in,3.08,5,0,32.97,3,Resolved
ADM05647,Registrar,Course Registration,Medium,Phone,5.49,6,0,26.78,3,Resolved
ADM05648,Library,Application Issue,High,Email,4.54,4,1,44.31,2,Resolved
ADM05649,IT,Exam or Assessment Issue,Low,Portal,18.88,6,1,64.19,1,Resolved
ADM05650,IT,Course Registration,Medium,Email,9.88,2,1,37.15,2,Resolved
ADM05651,Library,Student ID Issue,Medium,Email,3.56,3,0,10.36,5,Resolved
ADM05652,IT,Graduation Clearance,Medium,Email,6.0,5,0,38.23,2,Resolved
ADM05653,Registrar,Accommodation Request,Medium,Email,8.34,6,0,40.04,2,Resolved
ADM05654,Finance,Payment Issue,Medium,Email,5.68,4,0,43.05,4,Resolved
ADM05655,Registrar,Accommodation Request,High,Email,2.1,6,0,36.61,3,Pending
ADM05656,Registrar,Transcript Request,Low,Portal,20.32,2,0,34.0,4,Resolved
ADM05657,IT,Password Reset,High,Portal,2.44,6,0,10.45,4,Resolved
ADM05658,Student Affairs,Graduation Clearance,Low,Helpdesk,22.26,4,0,55.43,2,Resolved
ADM05659,Academic Affairs,Transcript Request,Low,Email,9.37,3,0,28.81,2,Pending
ADM05660,IT,Graduation Clearance,High,Phone,4.53,2,0,36.59,2,Pending
ADM05661,Registrar,Payment Issue,High,Helpdesk,1.75,4,0,39.83,4,Resolved
ADM05662,Registrar,Portal Access,Low,Email,9.79,5,0,24.2,2,Resolved
ADM05663,Student Affairs,Transcript Request,High,Portal,2.39,6,0,24.62,3,Resolved
ADM05664,IT,Transcript Request,Medium,Portal,6.13,5,0,27.89,4,Resolved
ADM05665,IT,Transcript Request,Medium,Helpdesk,5.35,4,1,34.76,2,Resolved
ADM05666,Library,Fee Statement,Low,Phone,21.24,2,1,52.81,2,Escalated
ADM05667,IT,Application Issue,Medium,Portal,8.36,3,0,30.9,4,Resolved
ADM05668,Student Affairs,Accommodation Request,Medium,Phone,4.48,4,0,33.44,3,Resolved
ADM05669,Registrar,Portal Access,Medium,Portal,6.09,8,0,27.14,2,Resolved
ADM05670,Library,Graduation Clearance,Medium,Portal,5.45,6,0,44.54,3,Resolved
ADM05671,Student Affairs,Accommodation Request,Medium,Walk-in,2.45,4,0,34.14,4,Resolved
ADM05672,Finance,Student ID Issue,Critical,Phone,1.55,5,0,14.85,4,Resolved
ADM05673,IT,Application Issue,Low,Email,7.63,3,0,35.33,3,Resolved
ADM05674,Finance,Exam or Assessment Issue,Low,Helpdesk,22.68,6,0,54.44,1,Resolved
ADM05675,Academic Affairs,Portal Access,High,Portal,2.29,5,0,15.42,3,Resolved
ADM05676,Registrar,Student ID Issue,Low,Phone,16.45,2,0,29.84,3,Resolved
ADM05677,IT,Graduation Clearance,Medium,Portal,8.55,4,0,41.56,3,Pending
ADM05678,Registrar,Library Issue,Medium,Helpdesk,3.44,4,0,13.9,5,Resolved
ADM05679,IT,Fee Statement,Medium,Phone,6.33,3,0,31.21,4,Resolved
ADM05680,Registrar,Transcript Request,High,Portal,1.57,1,0,16.68,5,Pending
ADM05681,Finance,Fee Statement,Medium,Helpdesk,6.08,4,1,41.43,4,Escalated
ADM05682,Admissions,Accommodation Request,Medium,Email,6.64,5,0,39.0,3,Resolved
ADM05683,Academic Affairs,Portal Access,Medium,Email,3.35,3,0,15.61,4,Resolved
ADM05684,Registrar,Student ID Issue,Low,Portal,15.62,4,1,35.97,4,Resolved
ADM05685,Registrar,Graduation Clearance,Medium,Portal,5.64,6,0,44.13,4,Resolved
ADM05686,Library,Payment Issue,High,Portal,2.85,5,1,51.5,3,Escalated
ADM05687,Admissions,Student ID Issue,High,Phone,4.57,4,0,19.75,3,Resolved
ADM05688,Academic Affairs,Fee Statement,High,Phone,2.68,3,0,21.51,3,Resolved
ADM05689,Registrar,Transcript Request,Low,Portal,13.52,1,0,32.79,2,Resolved
ADM05690,IT,Payment Issue,Low,Helpdesk,13.41,5,0,56.27,2,Resolved
ADM05691,Finance,Accommodation Request,Critical,Phone,1.32,2,0,28.06,2,Pending
ADM05692,Registrar,Payment Issue,Low,Helpdesk,11.35,3,0,47.3,2,Pending
ADM05693,IT,Graduation Clearance,Critical,Helpdesk,1.64,4,0,33.48,4,Resolved
ADM05694,IT,Application Issue,High,Email,1.79,2,0,24.33,2,Resolved
ADM05695,Library,Library Issue,High,Phone,1.85,5,0,22.2,4,Resolved
ADM05696,Finance,Transcript Request,Medium,Portal,6.71,2,0,29.65,2,Resolved
ADM05697,Admissions,Graduation Clearance,Low,Walk-in,9.2,5,0,46.81,4,Resolved
ADM05698,Admissions,Exam or Assessment Issue,Medium,Phone,2.72,4,0,29.92,2,Resolved
ADM05699,Academic Affairs,Fee Statement,High,Email,1.43,3,0,23.54,5,Resolved
ADM05700,Finance,Portal Access,Low,Helpdesk,22.27,10,0,37.56,4,Resolved
ADM05701,Finance,Graduation Clearance,High,Phone,0.55,3,0,29.14,4,Resolved
ADM05702,Finance,Password Reset,Medium,Helpdesk,3.07,3,0,10.74,5,Pending
ADM05703,IT,Payment Issue,Medium,Email,8.06,6,0,46.51,2,Resolved
ADM05704,Finance,Course Registration,High,Helpdesk,4.91,5,0,28.35,3,Resolved
ADM05705,Academic Affairs,Password Reset,Low,Phone,17.76,2,0,15.29,5,Resolved
ADM05706,Finance,Graduation Clearance,Medium,Portal,9.38,4,0,45.23,4,Resolved
ADM05707,Student Affairs,Accommodation Request,Low,Walk-in,21.1,2,0,51.75,1,Resolved
ADM05708,Registrar,Course Registration,Low,Phone,13.6,6,1,45.83,2,Resolved
ADM05709,IT,Course Registration,Low,Phone,10.67,7,1,39.41,3,Resolved
ADM05710,Student Affairs,Course Registration,Medium,Email,7.06,5,1,33.4,4,Resolved
ADM05711,Registrar,Student ID Issue,Medium,Walk-in,6.27,2,1,23.14,4,Resolved
ADM05712,Academic Affairs,Password Reset,High,Phone,0.62,3,0,5.07,5,Resolved
ADM05713,Admissions,Exam or Assessment Issue,High,Walk-in,4.81,9,0,38.94,2,Resolved
ADM05714,Academic Affairs,Accommodation Request,Medium,Portal,6.56,3,1,42.74,2,Resolved
ADM05715,IT,Fee Statement,Low,Portal,21.49,2,0,41.9,4,Resolved
ADM05716,Finance,Library Issue,Medium,Email,7.88,8,1,37.88,4,Resolved
ADM05717,Registrar,Accommodation Request,High,Walk-in,2.03,2,0,30.73,4,Pending
ADM05718,Finance,Fee Statement,High,Portal,4.56,3,1,35.83,3,Escalated
ADM05719,Registrar,Graduation Clearance,Critical,Portal,1.62,4,0,30.67,4,Pending
ADM05720,Registrar,Graduation Clearance,Low,Phone,12.6,9,0,55.36,2,Resolved
ADM05721,Registrar,Fee Statement,High,Email,4.28,4,0,24.48,3,Resolved
ADM05722,Admissions,Course Registration,Medium,Helpdesk,4.17,4,0,21.66,5,Resolved
ADM05723,Library,Transcript Request,High,Portal,3.52,2,0,19.23,4,Resolved
ADM05724,Registrar,Password Reset,Medium,Helpdesk,2.92,5,0,12.94,5,Resolved
ADM05725,Registrar,Fee Statement,Medium,Email,8.93,1,1,36.83,2,Resolved
ADM05726,IT,Password Reset,High,Portal,3.78,3,0,17.4,4,Resolved
ADM05727,Registrar,Application Issue,High,Portal,1.19,5,0,30.63,3,Resolved
ADM05728,Registrar,Student ID Issue,Medium,Phone,2.17,6,1,25.79,4,Resolved
ADM05729,Registrar,Library Issue,Low,Email,11.8,3,0,20.11,5,Pending
ADM05730,Academic Affairs,Application Issue,Medium,Portal,7.4,3,0,34.28,2,Pending
ADM05731,Student Affairs,Fee Statement,Medium,Helpdesk,4.27,6,1,38.76,4,Resolved
ADM05732,Finance,Accommodation Request,Medium,Email,9.79,2,0,30.53,3,Resolved
ADM05733,IT,Password Reset,Critical,Phone,1.88,3,1,16.68,3,Escalated
ADM05734,Admissions,Application Issue,Medium,Phone,6.78,1,0,27.23,2,Resolved
ADM05735,IT,Password Reset,High,Email,1.92,4,0,9.73,4,Resolved
ADM05736,IT,Exam or Assessment Issue,High,Phone,4.53,6,0,41.15,2,Resolved
ADM05737,IT,Student ID Issue,High,Portal,4.12,4,1,26.92,2,Escalated
ADM05738,Finance,Accommodation Request,High,Email,0.89,5,0,32.92,3,Resolved
ADM05739,Registrar,Application Issue,High,Portal,2.64,2,0,26.62,4,Resolved
ADM05740,Admissions,Password Reset,Medium,Walk-in,9.85,7,0,21.67,4,Resolved
ADM05741,Student Affairs,Exam or Assessment Issue,Medium,Email,5.63,8,1,49.55,2,Resolved
ADM05742,IT,Accommodation Request,Medium,Portal,9.46,4,0,39.65,3,Resolved
ADM05743,Student Affairs,Course Registration,Medium,Phone,9.82,4,0,26.48,3,Resolved
ADM05744,Academic Affairs,Payment Issue,Medium,Email,5.1,6,0,46.19,4,Resolved
ADM05745,Registrar,Course Registration,High,Helpdesk,4.84,5,0,24.56,4,Resolved
ADM05746,IT,Library Issue,Medium,Email,3.1,8,0,24.48,2,Resolved
ADM05747,IT,Fee Statement,Medium,Portal,3.28,8,0,30.49,3,Resolved
ADM05748,Academic Affairs,Transcript Request,Critical,Phone,0.7,5,0,23.53,4,Resolved
ADM05749,Academic Affairs,Payment Issue,Medium,Email,5.74,8,0,51.42,1,Resolved
ADM05750,IT,Exam or Assessment Issue,Medium,Phone,3.45,4,0,31.88,4,Resolved
ADM05751,Finance,Fee Statement,High,Helpdesk,2.03,2,0,28.65,3,Resolved
ADM05752,Library,Exam or Assessment Issue,Medium,Email,2.83,3,0,32.34,3,Resolved
ADM05753,Registrar,Application Issue,Medium,Portal,5.44,3,1,40.82,3,Escalated
ADM05754,Library,Library Issue,High,Email,4.22,3,0,17.19,4,Resolved
ADM05755,Academic Affairs,Student ID Issue,Low,Walk-in,15.9,2,0,23.22,5,Resolved
ADM05756,Finance,Library Issue,Medium,Email,8.48,1,0,23.42,3,Resolved
ADM05757,IT,Exam or Assessment Issue,Medium,Portal,3.09,7,0,39.6,2,Resolved
ADM05758,Admissions,Password Reset,Medium,Phone,5.2,3,1,23.53,4,Resolved
ADM05759,Admissions,Library Issue,Medium,Portal,2.31,6,0,16.38,4,Resolved
ADM05760,Finance,Application Issue,High,Email,2.16,1,1,34.05,4,Resolved
ADM05761,Library,Student ID Issue,Medium,Helpdesk,6.92,4,1,32.62,3,Resolved
ADM05762,Academic Affairs,Student ID Issue,High,Portal,3.06,3,0,19.44,4,Resolved
ADM05763,Academic Affairs,Exam or Assessment Issue,High,Portal,0.77,2,1,44.36,3,Escalated
ADM05764,Registrar,Graduation Clearance,Medium,Email,2.5,3,0,35.04,2,Resolved
ADM05765,Student Affairs,Exam or Assessment Issue,Medium,Helpdesk,4.44,2,0,32.71,4,Resolved
ADM05766,Library,Portal Access,High,Email,3.97,5,1,23.73,4,Escalated
ADM05767,Finance,Library Issue,Low,Email,4.41,4,0,17.19,5,Resolved
ADM05768,Registrar,Course Registration,Low,Portal,16.32,5,1,41.21,2,Resolved
ADM05769,Finance,Portal Access,Low,Helpdesk,7.67,2,0,16.18,3,Resolved
ADM05770,Academic Affairs,Portal Access,Medium,Email,9.55,1,0,20.23,4,Pending
ADM05771,IT,Exam or Assessment Issue,Low,Email,12.6,4,0,40.56,3,Resolved
ADM05772,IT,Application Issue,Medium,Portal,2.38,4,0,25.08,4,Resolved
ADM05773,Finance,Payment Issue,Medium,Portal,7.71,5,0,44.72,3,Resolved
ADM05774,IT,Course Registration,Low,Walk-in,13.69,5,0,33.47,2,Resolved
ADM05775,Registrar,Exam or Assessment Issue,Low,Phone,21.62,5,1,61.23,3,Escalated
ADM05776,Finance,Student ID Issue,High,Email,3.43,7,1,33.49,4,Escalated
ADM05777,IT,Exam or Assessment Issue,High,Portal,3.62,4,0,39.32,3,Resolved
ADM05778,Registrar,Library Issue,Medium,Email,8.14,5,0,27.04,2,Resolved
ADM05779,Student Affairs,Portal Access,Low,Portal,12.41,2,0,17.5,5,Resolved
ADM05780,Finance,Fee Statement,Medium,Phone,8.34,1,0,23.73,4,Resolved
ADM05781,IT,Graduation Clearance,Medium,Portal,2.4,6,0,36.36,3,Resolved
ADM05782,Admissions,Fee Statement,Critical,Email,1.58,5,0,31.97,3,Resolved
ADM05783,IT,Graduation Clearance,High,Email,3.36,3,0,34.43,3,Resolved
ADM05784,Registrar,Portal Access,Critical,Helpdesk,1.22,5,0,11.19,4,Resolved
ADM05785,Registrar,Graduation Clearance,High,Helpdesk,1.93,2,0,37.8,2,Resolved
ADM05786,Student Affairs,Password Reset,Medium,Portal,2.91,4,1,15.7,3,Resolved
ADM05787,Finance,Library Issue,High,Email,3.41,1,0,11.96,5,Resolved
ADM05788,Student Affairs,Application Issue,High,Helpdesk,2.62,4,0,29.36,2,Resolved
ADM05789,Academic Affairs,Student ID Issue,Medium,Portal,3.74,3,1,30.55,2,Escalated
ADM05790,Registrar,Portal Access,Low,Portal,4.87,8,0,25.26,2,Pending
ADM05791,Finance,Graduation Clearance,Medium,Phone,6.31,2,0,39.66,4,Resolved
ADM05792,IT,Course Registration,Low,Email,6.53,4,1,37.91,2,Resolved
ADM05793,Academic Affairs,Portal Access,High,Portal,4.68,3,0,12.17,4,Resolved
ADM05794,Academic Affairs,Accommodation Request,High,Helpdesk,1.18,5,0,33.08,3,Resolved
ADM05795,Admissions,Student ID Issue,Critical,Email,0.26,3,0,8.03,3,Resolved
ADM05796,Library,Payment Issue,Medium,Phone,4.1,2,0,36.33,4,Resolved
ADM05797,Registrar,Student ID Issue,High,Portal,1.29,2,0,9.59,3,Resolved
ADM05798,Academic Affairs,Course Registration,Medium,Helpdesk,8.33,5,0,30.0,4,Resolved
ADM05799,Academic Affairs,Exam or Assessment Issue,Medium,Email,4.31,5,1,42.7,3,Resolved
ADM05800,Registrar,Accommodation Request,High,Helpdesk,1.6,2,0,30.88,4,Resolved
ADM05801,Finance,Payment Issue,High,Portal,4.98,3,0,42.72,2,Resolved
ADM05802,Registrar,Transcript Request,High,Portal,1.18,6,0,28.42,3,Resolved
ADM05803,Finance,Course Registration,Medium,Email,2.68,5,0,21.7,5,Resolved
ADM05804,Student Affairs,Fee Statement,High,Helpdesk,1.88,4,0,22.56,3,Resolved
ADM05805,Finance,Password Reset,High,Email,2.32,2,0,8.31,5,Pending
ADM05806,Registrar,Exam or Assessment Issue,Medium,Helpdesk,8.08,7,0,46.47,2,Resolved
ADM05807,Finance,Student ID Issue,High,Portal,4.8,5,0,18.28,3,Pending
ADM05808,Academic Affairs,Transcript Request,Medium,Walk-in,8.11,3,0,29.22,4,Resolved
ADM05809,IT,Accommodation Request,Low,Email,18.53,7,0,53.22,2,Resolved
ADM05810,Admissions,Graduation Clearance,High,Email,4.96,4,1,49.16,2,Escalated
ADM05811,Registrar,Exam or Assessment Issue,Low,Portal,19.31,5,0,53.53,2,Pending
ADM05812,Academic Affairs,Transcript Request,Medium,Portal,3.12,6,0,27.82,2,Resolved
ADM05813,Student Affairs,Application Issue,High,Portal,2.58,2,1,33.79,4,Escalated
ADM05814,Finance,Library Issue,High,Phone,2.77,1,0,13.45,5,Resolved
ADM05815,Registrar,Graduation Clearance,Medium,Email,4.44,6,0,44.17,2,Resolved
ADM05816,Registrar,Student ID Issue,High,Phone,1.24,2,1,23.06,4,Escalated
ADM05817,Registrar,Library Issue,Medium,Email,7.69,3,0,16.72,5,Resolved
ADM05818,IT,Fee Statement,Critical,Email,0.7,3,0,22.5,5,Resolved
ADM05819,Academic Affairs,Transcript Request,High,Helpdesk,3.31,8,1,45.19,3,Resolved
ADM05820,Admissions,Accommodation Request,Medium,Portal,4.58,6,0,36.62,3,Resolved
ADM05821,Student Affairs,Fee Statement,Low,Walk-in,14.12,2,0,34.2,3,Resolved
ADM05822,Admissions,Library Issue,Medium,Email,4.7,5,0,22.85,4,Resolved
ADM05823,IT,Transcript Request,Low,Email,12.24,3,0,28.5,2,Resolved
ADM05824,Library,Fee Statement,Medium,Portal,7.86,1,0,25.63,3,Resolved
ADM05825,Registrar,Course Registration,Medium,Portal,9.07,3,0,21.66,3,Resolved
ADM05826,Finance,Exam or Assessment Issue,Medium,Email,6.07,1,0,27.58,3,Resolved
ADM05827,IT,Portal Access,High,Email,3.25,5,0,16.26,4,Resolved
ADM05828,Registrar,Password Reset,Medium,Email,8.92,2,0,7.84,4,Resolved
ADM05829,Finance,Payment Issue,Medium,Email,3.15,6,0,46.95,2,Resolved
ADM05830,Admissions,Course Registration,Low,Helpdesk,7.24,3,0,25.09,3,Resolved
ADM05831,Academic Affairs,Fee Statement,High,Portal,2.12,1,0,20.14,3,Resolved
ADM05832,Admissions,Accommodation Request,Medium,Phone,4.47,4,1,40.14,4,Resolved
ADM05833,Student Affairs,Application Issue,High,Email,4.94,4,0,30.21,3,Resolved
ADM05834,Admissions,Portal Access,Low,Walk-in,15.28,3,0,26.7,3,Resolved
ADM05835,Library,Payment Issue,Medium,Email,6.19,5,0,45.95,2,Resolved
ADM05836,IT,Course Registration,Low,Portal,15.57,4,1,47.31,3,Resolved
ADM05837,Student Affairs,Application Issue,Low,Email,21.5,2,0,46.48,4,Resolved
ADM05838,Admissions,Application Issue,Low,Portal,8.87,2,0,34.09,3,Resolved
ADM05839,IT,Application Issue,Medium,Helpdesk,6.09,3,0,32.98,4,Resolved
ADM05840,IT,Portal Access,Medium,Portal,4.17,7,1,29.09,3,Resolved
ADM05841,Admissions,Exam or Assessment Issue,High,Helpdesk,4.01,6,0,36.41,4,Resolved
ADM05842,Registrar,Transcript Request,Medium,Helpdesk,8.22,2,0,22.37,4,Resolved
ADM05843,Registrar,Course Registration,Medium,Email,9.66,5,0,27.72,2,Resolved
ADM05844,Registrar,Transcript Request,Critical,Portal,1.0,5,0,23.84,4,Pending
ADM05845,Student Affairs,Student ID Issue,Medium,Helpdesk,3.27,2,0,14.25,3,Resolved
ADM05846,Finance,Portal Access,Medium,Email,9.17,4,0,21.1,4,Resolved
ADM05847,Registrar,Application Issue,Critical,Walk-in,1.8,3,0,24.25,4,Resolved
ADM05848,Library,Application Issue,Critical,Helpdesk,0.62,6,0,30.86,4,Resolved
ADM05849,Finance,Graduation Clearance,Medium,Walk-in,4.21,4,0,35.69,2,Resolved
ADM05850,Admissions,Graduation Clearance,Medium,Phone,4.51,1,0,35.38,2,Resolved
ADM05851,Registrar,Portal Access,Medium,Walk-in,5.61,2,0,13.55,5,Resolved
ADM05852,Academic Affairs,Student ID Issue,High,Phone,4.23,2,0,16.27,4,Resolved
ADM05853,Student Affairs,Password Reset,High,Portal,1.15,1,0,7.92,5,Resolved
ADM05854,Student Affairs,Accommodation Request,Medium,Email,7.6,4,0,44.91,4,Resolved
ADM05855,Admissions,Password Reset,High,Walk-in,2.09,5,0,5.19,5,Pending
ADM05856,Library,Transcript Request,High,Helpdesk,1.38,2,0,17.07,5,Resolved
ADM05857,Registrar,Portal Access,Medium,Portal,4.71,4,0,14.7,4,Resolved
ADM05858,Registrar,Accommodation Request,High,Portal,2.9,4,0,39.84,3,Pending
ADM05859,Registrar,Password Reset,Medium,Portal,9.37,5,0,16.6,5,Resolved
ADM05860,IT,Transcript Request,Low,Helpdesk,16.57,1,0,31.7,3,Resolved
ADM05861,Admissions,Fee Statement,Critical,Email,1.29,6,0,27.59,2,Resolved
ADM05862,Admissions,Library Issue,Medium,Phone,2.87,4,0,15.81,3,Resolved
ADM05863,Registrar,Exam or Assessment Issue,Medium,Helpdesk,2.64,8,0,37.44,4,Resolved
ADM05864,Admissions,Accommodation Request,High,Email,1.08,4,1,41.77,2,Resolved
ADM05865,IT,Payment Issue,Critical,Helpdesk,0.37,3,0,35.58,3,Resolved
ADM05866,Admissions,Accommodation Request,High,Helpdesk,3.09,2,0,30.72,4,Resolved
ADM05867,Library,Transcript Request,Medium,Helpdesk,5.62,1,0,26.18,3,Resolved
ADM05868,Finance,Exam or Assessment Issue,Medium,Portal,2.04,3,1,39.1,4,Escalated
ADM05869,Student Affairs,Application Issue,Medium,Portal,4.81,4,0,26.66,3,Resolved
ADM05870,IT,Exam or Assessment Issue,Medium,Phone,3.02,7,0,35.32,4,Resolved
ADM05871,Registrar,Transcript Request,High,Portal,4.95,4,0,25.85,2,Resolved
ADM05872,Finance,Exam or Assessment Issue,High,Email,2.57,3,0,32.71,3,Resolved
ADM05873,IT,Course Registration,Low,Helpdesk,12.52,3,0,31.54,3,Resolved
ADM05874,Student Affairs,Application Issue,Low,Phone,16.88,7,0,50.26,3,Resolved
ADM05875,Admissions,Transcript Request,High,Email,2.11,3,0,24.16,3,Resolved
ADM05876,Finance,Password Reset,High,Email,3.72,6,0,15.42,4,Resolved
ADM05877,Student Affairs,Library Issue,Medium,Phone,9.24,3,0,19.22,4,Resolved
ADM05878,IT,Transcript Request,Medium,Helpdesk,5.99,5,1,38.63,4,Resolved
ADM05879,Admissions,Password Reset,Medium,Portal,5.06,3,1,18.7,5,Escalated
ADM05880,Admissions,Payment Issue,High,Email,2.85,5,0,33.89,4,Resolved
ADM05881,Registrar,Course Registration,Medium,Phone,6.83,10,1,44.29,2,Resolved
ADM05882,IT,Exam or Assessment Issue,High,Email,4.31,5,0,36.72,2,Resolved
ADM05883,Finance,Fee Statement,Medium,Email,5.16,6,0,29.6,3,Resolved
ADM05884,Academic Affairs,Exam or Assessment Issue,Medium,Portal,2.41,3,0,24.75,3,Resolved
ADM05885,Admissions,Graduation Clearance,Medium,Portal,7.05,3,0,42.26,4,Resolved
ADM05886,Admissions,Course Registration,High,Portal,4.94,6,0,29.4,2,Resolved
ADM05887,IT,Application Issue,High,Walk-in,4.34,5,1,40.55,3,Escalated
ADM05888,Academic Affairs,Library Issue,High,Portal,3.91,3,0,12.46,4,Resolved
ADM05889,Library,Course Registration,High,Helpdesk,1.29,3,0,21.53,3,Resolved
ADM05890,Admissions,Accommodation Request,High,Walk-in,3.87,5,1,43.23,2,Resolved
ADM05891,IT,Fee Statement,Medium,Phone,2.65,4,0,30.61,3,Resolved
ADM05892,IT,Application Issue,High,Email,2.72,2,0,23.68,3,Resolved
ADM05893,Admissions,Accommodation Request,Medium,Helpdesk,4.97,5,0,38.5,3,Resolved
ADM05894,Registrar,Application Issue,Medium,Helpdesk,9.24,4,1,45.46,4,Resolved
ADM05895,Admissions,Accommodation Request,Medium,Portal,3.28,5,0,34.94,4,Resolved
ADM05896,Finance,Student ID Issue,Medium,Portal,8.31,3,0,19.4,5,Resolved
ADM05897,Academic Affairs,Library Issue,High,Email,0.72,3,0,13.86,5,Resolved
ADM05898,Finance,Password Reset,Low,Email,18.04,5,0,28.75,2,Resolved
ADM05899,Academic Affairs,Exam or Assessment Issue,Low,Portal,9.88,2,1,43.73,2,Resolved
ADM05900,Admissions,Course Registration,High,Email,4.89,6,0,31.82,3,Resolved
ADM05901,IT,Payment Issue,High,Email,3.52,6,0,36.33,2,Resolved
ADM05902,Admissions,Accommodation Request,Medium,Portal,4.47,7,0,42.34,2,Resolved
ADM05903,Registrar,Student ID Issue,Low,Helpdesk,8.71,5,0,22.85,5,Resolved
ADM05904,Finance,Library Issue,Medium,Walk-in,7.11,3,0,15.24,3,Resolved
ADM05905,Registrar,Payment Issue,High,Helpdesk,1.73,3,0,38.5,2,Resolved
ADM05906,IT,Graduation Clearance,High,Portal,1.34,5,0,38.5,2,Resolved
ADM05907,Admissions,Course Registration,Low,Portal,16.95,2,0,36.03,4,Resolved
ADM05908,Library,Student ID Issue,Critical,Walk-in,1.5,7,0,14.27,3,Resolved
ADM05909,Finance,Payment Issue,Medium,Phone,3.9,2,0,40.75,2,Resolved
ADM05910,Registrar,Fee Statement,Medium,Email,6.29,8,0,35.61,2,Resolved
ADM05911,Admissions,Portal Access,Medium,Portal,7.31,2,0,13.16,4,Resolved
ADM05912,Academic Affairs,Exam or Assessment Issue,Medium,Helpdesk,9.54,4,1,47.94,3,Resolved
ADM05913,IT,Application Issue,Critical,Email,1.65,1,1,37.79,2,Resolved
ADM05914,Admissions,Application Issue,Low,Email,12.42,7,0,45.44,4,Resolved
ADM05915,Admissions,Transcript Request,Medium,Portal,8.76,9,0,37.32,2,Pending
ADM05916,Registrar,Graduation Clearance,Medium,Helpdesk,5.53,3,1,55.71,1,Escalated
ADM05917,Academic Affairs,Fee Statement,Medium,Email,3.04,3,0,29.32,3,Resolved
ADM05918,IT,Exam or Assessment Issue,Low,Phone,10.82,7,0,45.33,4,Resolved
ADM05919,Finance,Portal Access,Low,Email,20.09,5,1,41.97,4,Resolved
ADM05920,IT,Transcript Request,Medium,Portal,9.65,5,0,28.85,4,Resolved
ADM05921,Registrar,Payment Issue,Medium,Portal,9.87,3,0,50.49,3,Pending
ADM05922,Academic Affairs,Transcript Request,High,Email,3.38,3,0,31.22,4,Resolved
ADM05923,Registrar,Accommodation Request,High,Helpdesk,2.65,4,0,35.99,2,Resolved
ADM05924,IT,Fee Statement,Medium,Walk-in,3.3,2,0,23.47,3,Resolved
ADM05925,Finance,Student ID Issue,Medium,Portal,2.82,1,0,9.83,5,Resolved
ADM05926,IT,Student ID Issue,High,Email,2.83,2,0,9.98,4,Resolved
ADM05927,Library,Portal Access,Medium,Portal,7.82,5,0,21.78,3,Resolved
ADM05928,IT,Course Registration,Medium,Helpdesk,4.59,3,0,21.64,4,Resolved
ADM05929,IT,Exam or Assessment Issue,Medium,Email,7.4,3,0,31.1,2,Resolved
ADM05930,Student Affairs,Student ID Issue,High,Portal,3.07,7,1,30.56,3,Resolved
ADM05931,Registrar,Fee Statement,Medium,Portal,9.53,9,0,37.64,4,Pending
ADM05932,Finance,Library Issue,Low,Email,8.19,3,0,24.52,2,Resolved
ADM05933,Finance,Application Issue,Low,Email,15.82,6,0,49.46,3,Resolved
ADM05934,Academic Affairs,Library Issue,High,Portal,2.36,4,0,22.04,4,Resolved
ADM05935,Finance,Transcript Request,Low,Portal,9.23,4,0,31.48,4,Resolved
ADM05936,Library,Password Reset,Medium,Helpdesk,4.86,7,0,16.07,3,Resolved
ADM05937,IT,Accommodation Request,Low,Helpdesk,9.89,6,0,36.14,4,Resolved
ADM05938,Registrar,Password Reset,Medium,Portal,6.22,5,0,18.1,3,Resolved
ADM05939,Finance,Fee Statement,Medium,Portal,6.46,9,0,38.6,3,Resolved
ADM05940,Finance,Password Reset,Low,Phone,21.31,5,1,50.25,2,Escalated
ADM05941,Admissions,Library Issue,Low,Phone,19.63,1,0,32.22,2,Resolved
ADM05942,Finance,Course Registration,High,Email,1.86,6,0,22.63,5,Resolved
ADM05943,Registrar,Fee Statement,Medium,Email,9.45,5,0,36.63,4,Resolved
ADM05944,Student Affairs,Application Issue,High,Helpdesk,4.41,2,1,40.41,4,Resolved
ADM05945,Academic Affairs,Graduation Clearance,Low,Email,16.52,3,0,55.38,1,Resolved
ADM05946,Finance,Portal Access,High,Portal,0.58,3,0,10.05,3,Resolved
ADM05947,Finance,Fee Statement,Critical,Phone,0.58,4,0,24.52,2,Resolved
ADM05948,Registrar,Payment Issue,Low,Email,19.79,4,0,50.89,1,Resolved
ADM05949,IT,Application Issue,Critical,Walk-in,1.02,2,0,24.81,3,Resolved
ADM05950,Student Affairs,Fee Statement,Medium,Helpdesk,3.01,5,0,28.88,2,Resolved
ADM05951,Registrar,Payment Issue,High,Email,2.34,3,0,34.66,2,Pending
ADM05952,Registrar,Application Issue,Medium,Helpdesk,3.7,1,0,22.66,3,Resolved
ADM05953,Library,Transcript Request,Medium,Email,9.14,2,0,21.46,3,Resolved
ADM05954,IT,Student ID Issue,Medium,Walk-in,9.11,5,0,18.91,5,Resolved
ADM05955,Registrar,Accommodation Request,Medium,Phone,5.1,5,0,33.42,3,Resolved
ADM05956,IT,Student ID Issue,High,Portal,1.12,8,0,16.03,3,Resolved
ADM05957,Finance,Library Issue,Medium,Email,4.87,3,0,17.46,3,Resolved
ADM05958,Finance,Graduation Clearance,Medium,Portal,3.03,8,0,46.25,2,Resolved
ADM05959,Library,Portal Access,Critical,Helpdesk,0.75,4,0,10.73,4,Resolved
ADM05960,Student Affairs,Student ID Issue,High,Portal,3.97,4,0,11.37,4,Resolved
ADM05961,Admissions,Exam or Assessment Issue,Critical,Portal,0.73,4,0,27.62,3,Resolved
ADM05962,Academic Affairs,Fee Statement,High,Helpdesk,2.95,3,1,34.06,2,Escalated
ADM05963,Admissions,Exam or Assessment Issue,Medium,Portal,2.95,6,0,38.65,4,Resolved
ADM05964,Library,Transcript Request,Medium,Portal,4.78,8,0,31.33,4,Resolved
ADM05965,Admissions,Password Reset,Medium,Helpdesk,2.32,5,0,13.39,5,Resolved
ADM05966,Student Affairs,Library Issue,Critical,Helpdesk,1.19,3,0,17.56,4,Resolved
ADM05967,Student Affairs,Student ID Issue,Low,Portal,10.95,3,1,32.16,4,Resolved
ADM05968,Registrar,Course Registration,Medium,Portal,8.98,3,0,27.72,3,Resolved
ADM05969,Academic Affairs,Portal Access,Low,Helpdesk,11.85,4,1,31.9,4,Escalated
ADM05970,Student Affairs,Password Reset,Medium,Email,6.46,2,0,10.15,5,Resolved
ADM05971,Library,Accommodation Request,Medium,Email,9.81,1,1,45.54,2,Escalated
ADM05972,Registrar,Graduation Clearance,Medium,Portal,7.14,4,0,41.82,2,Resolved
ADM05973,Library,Fee Statement,Low,Email,14.01,3,0,34.41,4,Resolved
ADM05974,Student Affairs,Transcript Request,Medium,Portal,2.78,2,0,21.81,3,Resolved
ADM05975,Finance,Application Issue,High,Phone,4.19,3,1,41.69,2,Resolved
ADM05976,Academic Affairs,Student ID Issue,High,Email,3.39,3,0,12.67,3,Resolved
ADM05977,Registrar,Course Registration,Low,Helpdesk,6.17,3,1,26.92,2,Resolved
ADM05978,Registrar,Portal Access,High,Email,1.61,6,0,18.57,5,Resolved
ADM05979,Admissions,Accommodation Request,High,Portal,2.92,4,0,32.81,2,Pending
ADM05980,IT,Student ID Issue,Low,Portal,4.9,5,0,19.05,3,Resolved
ADM05981,IT,Accommodation Request,High,Walk-in,3.73,2,0,36.23,2,Resolved
ADM05982,Registrar,Password Reset,High,Email,1.53,4,1,18.48,4,Resolved
ADM05983,Academic Affairs,Exam or Assessment Issue,Medium,Email,5.92,1,0,28.55,2,Resolved
ADM05984,Registrar,Password Reset,Low,Helpdesk,8.83,3,0,14.01,4,Pending
ADM05985,Registrar,Library Issue,Medium,Helpdesk,5.91,2,0,22.09,5,Resolved
ADM05986,Registrar,Student ID Issue,High,Email,1.35,3,1,20.47,3,Resolved
ADM05987,IT,Transcript Request,Medium,Email,6.75,3,0,21.55,3,Resolved
ADM05988,Academic Affairs,Portal Access,High,Phone,4.6,4,0,14.54,4,Resolved
ADM05989,IT,Application Issue,Medium,Phone,8.46,4,0,37.48,4,Resolved
ADM05990,Student Affairs,Application Issue,Medium,Helpdesk,3.93,3,0,25.91,3,Pending
ADM05991,Registrar,Fee Statement,Medium,Email,5.98,4,0,29.14,3,Resolved
ADM05992,Admissions,Fee Statement,Medium,Email,5.38,5,0,34.91,2,Resolved
ADM05993,Admissions,Portal Access,High,Phone,4.84,4,0,15.81,3,Pending
ADM05994,Admissions,Graduation Clearance,High,Portal,4.09,2,1,41.14,2,Escalated
ADM05995,Registrar,Student ID Issue,Medium,Phone,2.86,4,0,19.9,3,Resolved
ADM05996,IT,Student ID Issue,Medium,Helpdesk,3.35,3,0,10.22,4,Resolved
ADM05997,Admissions,Password Reset,High,Portal,3.66,1,0,7.5,5,Resolved
ADM05998,Library,Course Registration,High,Email,1.22,4,0,23.13,5,Resolved
ADM05999,Admissions,Fee Statement,High,Portal,4.78,4,0,28.02,4,Resolved
ADM06000,Registrar,Graduation Clearance,Medium,Portal,9.94,2,1,53.28,3,Resolved
ADM06001,IT,Course Registration,Critical,Portal,1.6,4,0,27.63,2,Resolved
ADM06002,Registrar,Student ID Issue,High,Helpdesk,0.62,4,1,20.44,3,Escalated
ADM06003,Student Affairs,Fee Statement,Low,Portal,13.65,1,0,33.86,3,Resolved
ADM06004,IT,Application Issue,Medium,Email,5.25,2,0,33.63,4,Resolved
ADM06005,Registrar,Accommodation Request,Medium,Portal,8.4,2,1,47.17,2,Resolved
ADM06006,Academic Affairs,Fee Statement,High,Email,1.79,2,0,25.6,2,Resolved
ADM06007,Admissions,Student ID Issue,Low,Email,11.72,6,0,30.58,4,Resolved
ADM06008,Registrar,Student ID Issue,Medium,Phone,2.75,4,0,10.61,4,Resolved
ADM06009,IT,Accommodation Request,Medium,Phone,4.74,2,0,35.19,4,Resolved
ADM06010,Finance,Course Registration,Low,Portal,23.48,5,0,40.06,2,Resolved
ADM06011,Library,Portal Access,Medium,Portal,9.54,6,0,19.4,3,Resolved
ADM06012,Student Affairs,Accommodation Request,High,Portal,3.88,2,0,32.37,2,Resolved
ADM06013,Academic Affairs,Graduation Clearance,Medium,Email,9.26,3,0,39.56,2,Resolved
ADM06014,Admissions,Application Issue,Medium,Email,3.69,1,0,26.38,3,Resolved
ADM06015,Admissions,Exam or Assessment Issue,Medium,Walk-in,6.97,1,0,31.23,2,Resolved
ADM06016,Library,Student ID Issue,Medium,Walk-in,6.0,6,0,18.84,4,Resolved
ADM06017,Registrar,Transcript Request,Medium,Helpdesk,5.38,6,0,26.53,4,Resolved
ADM06018,Admissions,Application Issue,Low,Phone,10.5,6,0,38.1,2,Resolved
ADM06019,Admissions,Course Registration,Medium,Portal,8.93,3,0,26.8,2,Resolved
ADM06020,Registrar,Accommodation Request,High,Email,2.68,4,1,49.98,1,Escalated
ADM06021,Admissions,Student ID Issue,Medium,Email,7.79,3,1,24.15,4,Resolved
ADM06022,Student Affairs,Student ID Issue,High,Phone,3.68,2,0,9.36,5,Resolved
ADM06023,Student Affairs,Accommodation Request,Medium,Portal,3.09,3,0,34.35,3,Resolved
ADM06024,Registrar,Portal Access,Low,Walk-in,4.98,6,0,15.28,4,Resolved
ADM06025,Registrar,Exam or Assessment Issue,High,Portal,4.28,3,1,40.65,2,Escalated
ADM06026,Finance,Accommodation Request,Low,Helpdesk,13.81,4,0,45.51,4,Resolved
ADM06027,Student Affairs,Fee Statement,High,Portal,4.15,4,0,31.09,2,Resolved
ADM06028,Registrar,Payment Issue,Medium,Portal,4.38,3,0,37.83,3,Resolved
ADM06029,IT,Portal Access,Medium,Helpdesk,8.89,1,0,11.04,3,Resolved
ADM06030,Registrar,Payment Issue,Low,Portal,20.62,2,0,56.0,1,Resolved
ADM06031,IT,Course Registration,High,Helpdesk,2.22,2,0,20.27,4,Pending
ADM06032,Finance,Password Reset,Critical,Email,0.94,2,0,6.24,5,Resolved
ADM06033,Library,Application Issue,Low,Phone,11.02,3,0,31.99,2,Pending
ADM06034,Finance,Library Issue,Medium,Email,2.28,5,0,22.22,3,Resolved
ADM06035,IT,Accommodation Request,Low,Email,17.75,1,0,45.96,4,Resolved
ADM06036,Finance,Application Issue,High,Phone,1.73,4,0,27.24,4,Resolved
ADM06037,IT,Library Issue,Medium,Email,9.07,3,0,21.84,3,Resolved
ADM06038,Student Affairs,Course Registration,Medium,Email,9.18,3,1,41.29,4,Resolved
ADM06039,Registrar,Course Registration,Low,Walk-in,18.45,4,0,39.98,4,Resolved
ADM06040,Student Affairs,Password Reset,High,Helpdesk,1.32,3,0,11.21,4,Resolved
ADM06041,IT,Portal Access,Medium,Email,2.71,7,1,33.13,3,Resolved
ADM06042,Registrar,Application Issue,High,Portal,4.17,2,0,30.29,2,Resolved
ADM06043,Admissions,Application Issue,High,Phone,4.52,1,0,22.03,4,Resolved
ADM06044,Registrar,Accommodation Request,Low,Walk-in,11.04,2,0,34.14,3,Resolved
ADM06045,IT,Course Registration,Medium,Helpdesk,4.82,5,1,33.46,3,Resolved
ADM06046,Library,Library Issue,Medium,Email,5.12,6,0,21.82,3,Resolved
ADM06047,Registrar,Transcript Request,Medium,Portal,8.62,5,0,30.13,3,Resolved
ADM06048,Admissions,Password Reset,Low,Email,18.14,3,0,25.59,3,Resolved
ADM06049,Student Affairs,Portal Access,High,Portal,1.05,4,0,10.56,4,Resolved
ADM06050,Academic Affairs,Student ID Issue,Critical,Email,1.34,2,0,7.76,5,Resolved
ADM06051,Admissions,Transcript Request,Critical,Email,0.22,3,0,14.57,5,Resolved
ADM06052,Academic Affairs,Graduation Clearance,High,Portal,3.7,3,1,45.75,3,Resolved
ADM06053,Admissions,Fee Statement,Medium,Email,8.12,1,0,33.37,4,Resolved
ADM06054,Finance,Payment Issue,Medium,Helpdesk,8.52,3,0,46.85,3,Resolved
ADM06055,Student Affairs,Password Reset,Low,Phone,16.51,5,0,29.4,2,Resolved
ADM06056,Admissions,Library Issue,Medium,Email,3.44,2,0,16.23,5,Resolved
ADM06057,Admissions,Exam or Assessment Issue,Low,Helpdesk,19.87,2,0,43.63,2,Resolved
ADM06058,Admissions,Transcript Request,Medium,Helpdesk,9.2,6,0,35.37,2,Resolved
ADM06059,Student Affairs,Library Issue,High,Portal,3.35,3,0,15.73,5,Resolved
ADM06060,Student Affairs,Exam or Assessment Issue,Critical,Portal,0.7,5,0,30.87,3,Resolved
ADM06061,Admissions,Accommodation Request,High,Email,1.31,3,1,41.93,2,Resolved
ADM06062,Finance,Password Reset,Low,Email,8.63,7,1,32.71,2,Resolved
ADM06063,Admissions,Course Registration,High,Portal,0.58,2,0,14.6,3,Resolved
ADM06064,IT,Portal Access,Low,Email,4.2,3,0,10.73,3,Resolved
ADM06065,Finance,Library Issue,Medium,Portal,4.38,3,0,21.51,3,Resolved
ADM06066,Library,Application Issue,Medium,Email,9.38,4,0,34.46,4,Resolved
ADM06067,Admissions,Graduation Clearance,Medium,Portal,6.97,5,0,49.17,3,Resolved
ADM06068,Finance,Transcript Request,Critical,Portal,0.89,5,0,24.9,2,Resolved
ADM06069,Registrar,Application Issue,Medium,Portal,2.09,3,0,29.37,4,Resolved
ADM06070,Finance,Library Issue,Medium,Portal,9.92,3,0,21.43,5,Resolved
ADM06071,Academic Affairs,Transcript Request,Low,Portal,13.12,4,0,32.83,3,Resolved
ADM06072,Finance,Course Registration,High,Walk-in,4.96,3,0,14.74,4,Resolved
ADM06073,Registrar,Payment Issue,Medium,Phone,7.76,3,0,46.58,3,Resolved
ADM06074,Admissions,Payment Issue,High,Portal,0.73,3,0,34.35,4,Resolved
ADM06075,Finance,Accommodation Request,High,Helpdesk,4.37,4,0,35.01,4,Resolved
ADM06076,Registrar,Fee Statement,High,Walk-in,2.89,5,0,27.97,4,Resolved
ADM06077,Finance,Payment Issue,Medium,Email,5.62,2,0,40.62,4,Resolved
ADM06078,Admissions,Fee Statement,Medium,Email,8.06,5,0,32.45,4,Resolved
ADM06079,IT,Transcript Request,Medium,Email,8.2,4,0,28.77,4,Resolved
ADM06080,Finance,Payment Issue,Critical,Portal,1.63,6,1,54.04,3,Resolved
ADM06081,Admissions,Library Issue,High,Portal,3.92,3,0,18.36,5,Resolved
ADM06082,Academic Affairs,Course Registration,Low,Portal,16.83,4,0,37.21,3,Pending
ADM06083,Finance,Library Issue,Low,Helpdesk,17.51,3,0,28.04,2,Resolved
ADM06084,Finance,Library Issue,Medium,Email,8.87,3,0,26.28,3,Resolved
ADM06085,Finance,Fee Statement,High,Portal,3.61,6,0,31.43,2,Resolved
ADM06086,Admissions,Student ID Issue,Medium,Portal,2.81,5,1,21.52,5,Resolved
ADM06087,Library,Student ID Issue,High,Helpdesk,3.4,5,1,29.34,4,Resolved
ADM06088,Registrar,Graduation Clearance,High,Email,1.26,4,0,32.49,4,Resolved
ADM06089,IT,Graduation Clearance,Medium,Email,2.11,4,0,37.15,2,Resolved
ADM06090,Registrar,Portal Access,Medium,Email,3.71,6,0,13.15,5,Resolved
ADM06091,Admissions,Payment Issue,High,Portal,1.19,4,0,38.1,3,Resolved
ADM06092,Library,Course Registration,Medium,Portal,2.82,3,0,19.61,3,Resolved
ADM06093,Finance,Course Registration,Medium,Walk-in,3.72,5,0,22.14,3,Pending
ADM06094,IT,Application Issue,Medium,Portal,6.51,7,0,44.45,3,Resolved
ADM06095,Registrar,Graduation Clearance,Medium,Email,3.21,1,0,30.11,3,Resolved
ADM06096,Library,Library Issue,High,Portal,1.76,3,0,13.55,4,Resolved
ADM06097,Registrar,Course Registration,Medium,Helpdesk,8.8,5,0,25.46,3,Pending
ADM06098,Student Affairs,Transcript Request,Medium,Portal,9.1,5,0,34.09,2,Resolved
ADM06099,Registrar,Password Reset,High,Walk-in,2.0,3,0,12.11,4,Resolved
ADM06100,Student Affairs,Library Issue,Medium,Portal,9.19,5,0,26.91,3,Resolved
ADM06101,Finance,Graduation Clearance,Medium,Email,6.69,2,0,39.36,2,Pending
ADM06102,IT,Fee Statement,High,Walk-in,1.52,3,0,26.32,3,Resolved
ADM06103,Finance,Exam or Assessment Issue,High,Email,3.89,4,0,31.27,3,Resolved
ADM06104,Student Affairs,Graduation Clearance,Medium,Email,9.38,2,0,37.36,3,Pending
ADM06105,Registrar,Library Issue,Low,Email,17.18,3,0,27.01,3,Pending
ADM06106,Registrar,Course Registration,High,Email,1.41,3,0,16.41,3,Resolved
ADM06107,Admissions,Accommodation Request,Medium,Portal,2.69,2,0,33.12,4,Resolved
ADM06108,Registrar,Graduation Clearance,Medium,Portal,3.84,6,0,40.24,4,Resolved
ADM06109,Registrar,Transcript Request,Low,Portal,10.77,6,0,35.79,4,Pending
ADM06110,Academic Affairs,Transcript Request,Low,Portal,10.67,6,0,38.43,4,Pending
ADM06111,Academic Affairs,Payment Issue,High,Portal,2.74,6,0,47.62,4,Resolved
ADM06112,Finance,Graduation Clearance,Medium,Email,6.04,3,0,40.81,2,Resolved
ADM06113,Academic Affairs,Student ID Issue,High,Phone,2.62,4,0,14.11,3,Resolved
ADM06114,Admissions,Fee Statement,Medium,Portal,4.75,6,0,27.33,2,Resolved
ADM06115,Finance,Payment Issue,Medium,Phone,2.85,3,0,39.3,3,Resolved
ADM06116,IT,Portal Access,High,Portal,2.38,3,0,12.26,4,Resolved
ADM06117,IT,Password Reset,Low,Portal,23.72,4,0,32.47,4,Resolved
ADM06118,Academic Affairs,Application Issue,Medium,Phone,7.23,7,0,36.13,2,Pending
ADM06119,Finance,Transcript Request,Low,Portal,12.8,2,0,32.08,4,Resolved
ADM06120,IT,Fee Statement,Medium,Portal,2.67,3,1,36.71,3,Resolved
ADM06121,Registrar,Student ID Issue,Low,Portal,8.26,5,1,30.41,2,Escalated
ADM06122,Registrar,Exam or Assessment Issue,Low,Portal,15.49,3,0,37.22,3,Resolved
ADM06123,Registrar,Fee Statement,High,Portal,2.74,4,1,36.93,3,Resolved
ADM06124,Academic Affairs,Application Issue,Medium,Email,2.15,5,0,32.78,3,Pending
ADM06125,Library,Graduation Clearance,High,Email,0.89,2,0,31.31,4,Resolved
ADM06126,Library,Exam or Assessment Issue,Medium,Phone,4.85,4,0,32.85,2,Resolved
ADM06127,Admissions,Graduation Clearance,Medium,Email,3.13,6,0,41.06,3,Resolved
ADM06128,Finance,Application Issue,Low,Email,23.16,3,0,51.26,2,Resolved
ADM06129,Registrar,Payment Issue,Medium,Helpdesk,2.27,9,0,42.6,4,Resolved
ADM06130,Finance,Library Issue,Medium,Email,9.79,4,1,32.59,2,Resolved
ADM06131,Finance,Portal Access,Low,Portal,17.13,5,0,24.18,3,Pending
ADM06132,Library,Portal Access,High,Walk-in,2.33,7,0,15.45,5,Resolved
ADM06133,Admissions,Course Registration,Medium,Email,6.32,3,0,17.26,5,Pending
ADM06134,Registrar,Portal Access,Medium,Helpdesk,5.28,3,1,22.35,3,Resolved
ADM06135,Registrar,Fee Statement,Medium,Email,6.59,5,0,36.07,3,Resolved
ADM06136,Registrar,Portal Access,Critical,Email,0.47,3,0,8.31,4,Resolved
ADM06137,Admissions,Student ID Issue,Low,Email,6.4,4,0,19.18,4,Resolved
ADM06138,Academic Affairs,Exam or Assessment Issue,Medium,Portal,6.23,6,0,34.49,4,Resolved
ADM06139,IT,Portal Access,Medium,Helpdesk,2.57,2,0,11.42,3,Resolved
ADM06140,Library,Transcript Request,Low,Walk-in,9.85,3,0,29.45,3,Pending
ADM06141,Admissions,Course Registration,Medium,Phone,9.42,4,0,26.3,2,Resolved
ADM06142,Finance,Exam or Assessment Issue,Medium,Email,9.01,2,0,37.92,3,Resolved
ADM06143,Registrar,Fee Statement,Low,Helpdesk,20.63,7,0,47.89,3,Resolved
ADM06144,Student Affairs,Application Issue,Low,Walk-in,14.14,5,0,45.62,2,Pending
ADM06145,Library,Payment Issue,High,Email,0.63,4,0,34.25,3,Resolved
ADM06146,Registrar,Password Reset,Low,Walk-in,6.43,3,0,15.91,3,Pending
ADM06147,Admissions,Payment Issue,Medium,Helpdesk,9.36,6,0,52.4,3,Resolved
ADM06148,Admissions,Library Issue,Low,Phone,20.73,5,0,31.38,3,Resolved
ADM06149,IT,Password Reset,Low,Email,11.53,3,1,21.2,4,Resolved
ADM06150,Academic Affairs,Student ID Issue,Medium,Helpdesk,7.83,3,0,21.0,5,Resolved
ADM06151,IT,Accommodation Request,Medium,Email,8.84,5,0,40.36,3,Resolved
ADM06152,Admissions,Course Registration,Medium,Phone,6.96,3,0,25.65,4,Resolved
ADM06153,Registrar,Application Issue,Low,Email,21.07,3,0,43.74,3,Resolved
ADM06154,Registrar,Payment Issue,High,Helpdesk,1.6,2,0,39.46,2,Pending
ADM06155,Registrar,Portal Access,Medium,Portal,5.7,2,0,15.34,5,Resolved
ADM06156,Registrar,Course Registration,Low,Portal,15.58,8,0,41.6,2,Resolved
ADM06157,Library,Portal Access,Medium,Email,7.05,6,1,28.56,3,Resolved
ADM06158,IT,Course Registration,Low,Portal,23.74,2,0,38.89,4,Resolved
ADM06159,Registrar,Course Registration,Medium,Helpdesk,8.77,5,0,31.12,3,Resolved
ADM06160,Student Affairs,Library Issue,Medium,Helpdesk,2.44,3,0,14.97,4,Resolved
ADM06161,Registrar,Transcript Request,Low,Email,7.38,2,0,25.86,2,Resolved
ADM06162,Finance,Student ID Issue,Low,Portal,17.14,3,0,25.26,3,Resolved
ADM06163,Finance,Portal Access,Medium,Email,3.92,5,0,15.38,3,Resolved
ADM06164,Finance,Portal Access,High,Portal,1.22,1,0,5.13,5,Resolved
ADM06165,Finance,Portal Access,Low,Walk-in,17.33,4,1,34.5,4,Resolved
ADM06166,Admissions,Library Issue,Low,Phone,14.73,9,0,40.77,4,Resolved
ADM06167,Admissions,Payment Issue,Medium,Portal,8.44,1,0,41.88,3,Resolved
ADM06168,Academic Affairs,Fee Statement,Medium,Portal,4.55,3,0,24.98,4,Resolved
ADM06169,Registrar,Portal Access,Low,Phone,10.59,3,1,32.27,4,Escalated
ADM06170,Registrar,Payment Issue,Medium,Email,3.2,1,1,39.88,4,Escalated
ADM06171,Registrar,Transcript Request,Medium,Email,7.22,3,0,21.9,5,Resolved
ADM06172,IT,Portal Access,Low,Email,18.18,2,0,24.16,2,Pending
ADM06173,Registrar,Student ID Issue,Medium,Email,3.11,4,1,29.0,2,Resolved
ADM06174,Student Affairs,Application Issue,Low,Portal,9.08,5,1,49.3,3,Resolved
ADM06175,Admissions,Exam or Assessment Issue,High,Helpdesk,1.19,5,0,26.96,4,Pending
ADM06176,Admissions,Accommodation Request,Critical,Email,1.55,5,0,33.36,4,Resolved
ADM06177,IT,Exam or Assessment Issue,Medium,Walk-in,3.67,3,1,44.89,4,Resolved
ADM06178,Registrar,Portal Access,Medium,Portal,3.22,3,0,11.62,4,Resolved
ADM06179,Registrar,Fee Statement,High,Phone,0.81,5,0,28.45,2,Resolved
ADM06180,Finance,Exam or Assessment Issue,Medium,Email,8.65,2,1,46.41,2,Resolved
ADM06181,IT,Application Issue,High,Email,1.06,5,0,31.66,3,Resolved
ADM06182,Registrar,Student ID Issue,Medium,Email,2.24,3,0,13.49,3,Resolved
ADM06183,Registrar,Library Issue,Medium,Phone,2.51,4,0,18.54,5,Resolved
ADM06184,Academic Affairs,Accommodation Request,Medium,Phone,4.93,5,0,42.23,4,Resolved
ADM06185,Registrar,Library Issue,Medium,Helpdesk,6.77,4,0,24.7,3,Resolved
ADM06186,Library,Fee Statement,Medium,Portal,5.19,2,0,25.08,2,Resolved
ADM06187,Library,Accommodation Request,Low,Portal,13.11,2,1,47.73,2,Resolved
ADM06188,Finance,Fee Statement,Medium,Portal,9.35,4,0,30.52,3,Resolved
ADM06189,Registrar,Library Issue,Medium,Email,8.07,9,0,30.59,4,Resolved
ADM06190,Registrar,Student ID Issue,Medium,Portal,4.73,4,0,11.67,3,Resolved
ADM06191,IT,Accommodation Request,High,Walk-in,1.19,3,1,37.62,4,Resolved
ADM06192,IT,Password Reset,Medium,Portal,7.99,8,0,22.78,5,Resolved
ADM06193,Library,Payment Issue,Low,Helpdesk,15.47,2,0,52.17,2,Resolved
ADM06194,Academic Affairs,Student ID Issue,High,Portal,4.83,5,1,32.79,3,Resolved
ADM06195,IT,Accommodation Request,High,Portal,4.59,2,0,29.99,4,Resolved
ADM06196,Registrar,Fee Statement,Medium,Portal,6.51,7,0,37.48,4,Resolved
ADM06197,Finance,Fee Statement,Low,Email,5.4,4,1,36.65,2,Resolved
ADM06198,Student Affairs,Transcript Request,Medium,Helpdesk,2.25,8,1,42.23,4,Resolved
ADM06199,Registrar,Student ID Issue,Low,Walk-in,20.75,8,0,40.59,4,Resolved
ADM06200,Registrar,Fee Statement,High,Phone,3.64,3,0,30.42,4,Resolved
ADM06201,IT,Course Registration,High,Helpdesk,3.02,4,0,26.42,2,Resolved
ADM06202,Admissions,Payment Issue,Medium,Email,7.51,2,0,37.07,4,Resolved
ADM06203,Academic Affairs,Library Issue,High,Portal,2.93,3,0,14.13,5,Resolved
ADM06204,IT,Application Issue,Medium,Helpdesk,6.63,6,0,37.25,3,Pending
ADM06205,Registrar,Transcript Request,Critical,Portal,0.61,1,0,15.18,3,Resolved
ADM06206,Academic Affairs,Fee Statement,Critical,Email,1.02,4,0,27.89,4,Pending
ADM06207,Finance,Course Registration,Low,Email,4.22,5,0,23.64,5,Resolved
ADM06208,Finance,Transcript Request,Low,Portal,17.37,4,0,42.87,2,Resolved
ADM06209,Admissions,Course Registration,Medium,Phone,4.66,4,0,21.98,3,Resolved
ADM06210,Registrar,Transcript Request,Critical,Email,1.38,1,0,18.35,4,Resolved
ADM06211,Admissions,Fee Statement,Critical,Portal,1.87,2,0,24.71,4,Resolved
ADM06212,Registrar,Course Registration,Medium,Email,6.73,6,0,19.17,4,Resolved
ADM06213,Admissions,Exam or Assessment Issue,Low,Portal,10.56,2,0,37.28,3,Resolved
ADM06214,Finance,Accommodation Request,Low,Helpdesk,8.14,2,0,32.21,4,Resolved
ADM06215,Library,Student ID Issue,High,Portal,1.63,4,0,14.0,4,Pending
ADM06216,Library,Application Issue,Medium,Portal,9.9,3,0,32.06,3,Resolved
ADM06217,Registrar,Library Issue,Medium,Email,6.92,3,0,15.43,3,Resolved
ADM06218,Finance,Application Issue,Medium,Email,5.52,5,0,31.94,2,Resolved
ADM06219,Finance,Library Issue,High,Email,1.54,4,0,17.17,5,Resolved
ADM06220,Registrar,Password Reset,High,Phone,3.98,6,0,17.09,5,Resolved
ADM06221,Library,Graduation Clearance,Medium,Email,5.1,4,0,36.49,4,Resolved
ADM06222,IT,Payment Issue,Medium,Portal,4.41,3,1,44.32,3,Resolved
ADM06223,Registrar,Password Reset,High,Phone,1.5,2,1,14.12,4,Resolved
ADM06224,Finance,Portal Access,High,Phone,1.34,6,1,22.31,4,Resolved
ADM06225,Registrar,Fee Statement,Medium,Portal,4.19,6,0,29.81,2,Resolved
ADM06226,IT,Accommodation Request,Medium,Portal,7.02,6,1,48.97,1,Resolved
ADM06227,Registrar,Graduation Clearance,Medium,Email,3.92,5,1,53.24,1,Escalated
ADM06228,Academic Affairs,Student ID Issue,Medium,Email,2.48,4,0,11.3,5,Resolved
ADM06229,Library,Accommodation Request,Low,Portal,11.18,1,0,39.36,3,Resolved
ADM06230,Finance,Application Issue,Medium,Portal,6.68,2,0,26.55,3,Resolved
ADM06231,IT,Library Issue,Medium,Email,2.48,3,0,12.83,5,Resolved
ADM06232,Academic Affairs,Password Reset,Medium,Walk-in,5.62,6,1,30.15,3,Resolved
ADM06233,IT,Accommodation Request,Low,Phone,5.05,1,0,30.86,3,Resolved
ADM06234,Registrar,Password Reset,Low,Portal,19.36,3,0,25.22,4,Resolved
ADM06235,Finance,Payment Issue,Medium,Email,8.98,2,0,40.71,3,Resolved
ADM06236,Student Affairs,Payment Issue,Medium,Portal,9.71,3,0,42.18,2,Resolved
ADM06237,IT,Exam or Assessment Issue,Medium,Portal,7.53,3,1,46.32,3,Resolved
ADM06238,IT,Library Issue,High,Email,3.34,3,1,26.34,3,Resolved
ADM06239,Student Affairs,Portal Access,Low,Phone,17.88,4,0,25.42,2,Resolved
ADM06240,Student Affairs,Accommodation Request,Medium,Portal,8.84,4,0,41.56,2,Resolved
ADM06241,Academic Affairs,Student ID Issue,Medium,Email,8.46,1,0,14.87,5,Pending
ADM06242,Registrar,Password Reset,High,Portal,2.47,5,0,15.75,3,Resolved
ADM06243,Admissions,Password Reset,Medium,Walk-in,7.21,3,0,12.4,4,Resolved
ADM06244,Library,Payment Issue,Medium,Walk-in,3.3,3,0,35.35,2,Resolved
ADM06245,Library,Fee Statement,Medium,Walk-in,7.56,5,0,31.71,3,Resolved
ADM06246,IT,Library Issue,Medium,Portal,7.85,3,0,23.72,4,Resolved
ADM06247,Registrar,Password Reset,High,Walk-in,4.11,2,0,9.88,5,Resolved
ADM06248,Library,Payment Issue,Medium,Helpdesk,8.54,4,0,44.35,4,Resolved
ADM06249,IT,Payment Issue,High,Portal,2.48,2,0,33.34,3,Resolved
ADM06250,Registrar,Course Registration,Medium,Portal,9.23,6,0,41.1,2,Resolved
ADM06251,Admissions,Exam or Assessment Issue,Critical,Phone,1.97,5,0,32.73,3,Resolved
ADM06252,Registrar,Password Reset,Medium,Helpdesk,9.82,3,0,21.1,4,Resolved
ADM06253,Finance,Course Registration,High,Helpdesk,3.14,3,1,32.17,4,Resolved
ADM06254,Registrar,Student ID Issue,Medium,Email,6.48,4,1,25.72,4,Resolved
ADM06255,Admissions,Student ID Issue,Medium,Helpdesk,5.66,2,0,17.21,5,Pending
ADM06256,Admissions,Payment Issue,Medium,Portal,4.4,6,0,43.41,4,Resolved
ADM06257,IT,Exam or Assessment Issue,High,Portal,2.0,2,0,27.69,4,Resolved
ADM06258,IT,Fee Statement,Medium,Helpdesk,3.73,6,0,33.65,3,Resolved
ADM06259,Student Affairs,Exam or Assessment Issue,Medium,Helpdesk,9.65,4,0,40.69,4,Resolved
ADM06260,Registrar,Fee Statement,Low,Phone,16.4,4,0,36.82,3,Resolved
ADM06261,Registrar,Graduation Clearance,Critical,Helpdesk,1.88,9,0,42.31,3,Resolved
ADM06262,Student Affairs,Course Registration,Medium,Phone,5.1,1,0,22.64,3,Resolved
ADM06263,Registrar,Payment Issue,Medium,Portal,4.39,5,0,38.2,3,Resolved
ADM06264,Academic Affairs,Course Registration,High,Helpdesk,1.1,2,0,17.6,4,Resolved
ADM06265,Student Affairs,Library Issue,High,Helpdesk,1.85,2,0,12.99,4,Pending
ADM06266,Admissions,Course Registration,Medium,Portal,9.12,3,0,21.98,3,Resolved
ADM06267,Academic Affairs,Graduation Clearance,High,Portal,3.12,4,0,35.11,3,Resolved
ADM06268,Registrar,Portal Access,Medium,Portal,5.62,2,0,14.4,3,Resolved
ADM06269,Finance,Password Reset,Low,Walk-in,15.36,3,0,20.25,5,Resolved
ADM06270,IT,Student ID Issue,High,Walk-in,4.52,2,0,16.7,5,Resolved
ADM06271,Finance,Graduation Clearance,High,Helpdesk,1.37,6,0,36.9,4,Resolved
ADM06272,Academic Affairs,Transcript Request,Medium,Portal,9.73,3,0,31.24,4,Resolved
ADM06273,Registrar,Payment Issue,Low,Phone,17.32,3,1,56.72,3,Resolved
ADM06274,Admissions,Exam or Assessment Issue,Medium,Helpdesk,8.84,4,0,36.23,3,Resolved
ADM06275,IT,Fee Statement,High,Email,2.86,4,1,35.64,4,Resolved
ADM06276,IT,Accommodation Request,Critical,Phone,0.63,6,1,44.1,2,Resolved
ADM06277,Finance,Password Reset,Medium,Portal,6.54,3,0,17.78,3,Resolved
ADM06278,Finance,Transcript Request,High,Phone,0.81,4,0,23.39,4,Resolved
ADM06279,Student Affairs,Exam or Assessment Issue,Medium,Phone,8.82,3,1,43.49,4,Resolved
ADM06280,Registrar,Graduation Clearance,High,Walk-in,3.42,3,0,33.8,4,Resolved
ADM06281,Student Affairs,Portal Access,Low,Portal,9.66,6,0,20.87,5,Resolved
ADM06282,IT,Accommodation Request,Medium,Email,4.2,3,0,37.5,3,Resolved
ADM06283,Library,Graduation Clearance,Medium,Walk-in,9.22,2,0,36.78,4,Resolved
ADM06284,IT,Fee Statement,High,Portal,4.28,5,0,35.54,3,Resolved
ADM06285,Registrar,Exam or Assessment Issue,Medium,Email,8.1,2,0,28.0,3,Pending
ADM06286,IT,Portal Access,Medium,Portal,5.32,6,0,16.24,4,Resolved
ADM06287,Student Affairs,Fee Statement,High,Email,4.43,2,0,30.71,2,Resolved
ADM06288,Admissions,Fee Statement,Medium,Walk-in,3.98,3,1,41.0,2,Resolved
ADM06289,Academic Affairs,Payment Issue,Medium,Phone,2.19,4,0,38.22,4,Resolved
ADM06290,Admissions,Accommodation Request,Medium,Portal,5.46,6,1,53.42,3,Resolved
ADM06291,Registrar,Exam or Assessment Issue,High,Phone,4.64,3,0,34.62,3,Resolved
ADM06292,Finance,Library Issue,Medium,Portal,6.57,3,1,29.69,3,Escalated
ADM06293,Academic Affairs,Course Registration,Low,Email,8.59,5,1,38.16,2,Escalated
ADM06294,Finance,Graduation Clearance,Medium,Helpdesk,7.21,4,0,39.48,4,Resolved
ADM06295,Student Affairs,Exam or Assessment Issue,Critical,Portal,1.54,3,0,29.17,4,Resolved
ADM06296,Student Affairs,Course Registration,Low,Email,15.01,4,1,40.72,4,Escalated
ADM06297,Finance,Password Reset,Medium,Phone,8.74,4,0,16.21,3,Resolved
ADM06298,Registrar,Fee Statement,Medium,Portal,6.74,5,0,35.0,3,Resolved
ADM06299,IT,Exam or Assessment Issue,Low,Email,5.92,7,0,34.31,3,Resolved
ADM06300,Finance,Password Reset,Medium,Email,8.48,3,0,19.25,5,Resolved
ADM06301,Library,Accommodation Request,High,Helpdesk,1.16,3,0,31.21,3,Resolved
ADM06302,Admissions,Fee Statement,Low,Portal,21.66,2,0,47.09,4,Resolved
ADM06303,Admissions,Fee Statement,High,Email,2.85,6,0,26.36,2,Resolved
ADM06304,Library,Transcript Request,High,Walk-in,3.79,3,0,24.43,4,Resolved
ADM06305,Finance,Student ID Issue,Medium,Helpdesk,9.78,5,0,22.26,5,Pending
ADM06306,Admissions,Course Registration,Medium,Portal,5.46,4,0,20.04,4,Resolved
ADM06307,Finance,Accommodation Request,High,Email,2.57,6,0,32.51,2,Resolved
ADM06308,Finance,Portal Access,High,Portal,4.22,1,0,11.49,5,Resolved
ADM06309,Admissions,Portal Access,Low,Email,6.2,6,0,17.31,5,Resolved
ADM06310,Library,Library Issue,Medium,Phone,2.22,3,0,17.33,4,Resolved
ADM06311,Finance,Exam or Assessment Issue,Medium,Portal,6.83,5,0,35.89,3,Resolved
ADM06312,Admissions,Application Issue,Medium,Portal,3.34,2,1,40.59,4,Resolved
ADM06313,IT,Accommodation Request,Medium,Phone,4.05,4,0,26.97,3,Resolved
ADM06314,Finance,Exam or Assessment Issue,Critical,Portal,1.96,3,0,27.25,2,Resolved
ADM06315,Finance,Application Issue,Medium,Helpdesk,7.23,3,0,34.16,2,Resolved
ADM06316,Academic Affairs,Transcript Request,High,Portal,4.35,4,0,22.07,5,Resolved
ADM06317,IT,Portal Access,High,Portal,4.54,2,0,10.74,3,Resolved
ADM06318,IT,Accommodation Request,Low,Walk-in,6.43,2,0,33.44,3,Resolved
ADM06319,IT,Fee Statement,High,Email,4.67,4,0,31.99,3,Resolved
ADM06320,Registrar,Student ID Issue,Medium,Email,8.93,6,1,31.7,3,Resolved
ADM06321,IT,Payment Issue,Medium,Walk-in,2.36,1,0,36.96,2,Resolved
ADM06322,Admissions,Student ID Issue,Medium,Portal,9.82,9,0,25.89,3,Resolved
ADM06323,Admissions,Exam or Assessment Issue,Medium,Portal,5.67,2,0,32.6,4,Resolved
ADM06324,Finance,Library Issue,Medium,Helpdesk,9.8,2,0,18.57,4,Resolved
ADM06325,Registrar,Portal Access,Critical,Phone,1.68,4,1,21.24,3,Resolved
ADM06326,Registrar,Password Reset,High,Walk-in,2.48,7,0,14.92,4,Resolved
ADM06327,Academic Affairs,Password Reset,Medium,Walk-in,6.09,6,0,19.94,3,Resolved
ADM06328,Admissions,Payment Issue,High,Email,1.74,6,0,46.32,3,Resolved
ADM06329,Admissions,Graduation Clearance,Low,Phone,13.74,3,1,58.01,2,Resolved
ADM06330,Registrar,Portal Access,Low,Helpdesk,6.15,1,0,11.92,4,Resolved
ADM06331,Registrar,Graduation Clearance,Low,Portal,22.17,3,0,57.06,1,Resolved
ADM06332,IT,Accommodation Request,Medium,Phone,7.71,4,0,36.96,2,Resolved
ADM06333,Admissions,Fee Statement,Low,Portal,20.1,5,0,47.24,2,Resolved
ADM06334,Admissions,Library Issue,Medium,Email,6.25,5,0,30.6,3,Resolved
ADM06335,Finance,Password Reset,Medium,Email,3.01,5,0,13.36,3,Resolved
ADM06336,Library,Payment Issue,Medium,Portal,6.3,3,0,43.26,4,Resolved
ADM06337,Registrar,Student ID Issue,High,Portal,1.98,5,0,8.39,4,Resolved
ADM06338,Registrar,Fee Statement,Critical,Portal,0.22,5,0,27.04,4,Resolved
ADM06339,Admissions,Password Reset,High,Helpdesk,3.27,3,0,8.47,4,Resolved
ADM06340,Finance,Student ID Issue,Medium,Email,8.83,6,0,24.29,4,Pending
ADM06341,Finance,Accommodation Request,High,Portal,3.7,5,0,33.99,4,Resolved
ADM06342,IT,Graduation Clearance,High,Portal,1.51,6,0,37.74,4,Resolved
ADM06343,IT,Student ID Issue,High,Helpdesk,4.19,4,0,13.41,4,Resolved
ADM06344,Student Affairs,Fee Statement,Low,Portal,10.19,6,0,37.23,2,Resolved
ADM06345,Admissions,Student ID Issue,Medium,Walk-in,3.75,8,0,19.96,3,Resolved
ADM06346,Registrar,Accommodation Request,Medium,Phone,9.69,2,1,49.37,2,Resolved
ADM06347,Finance,Library Issue,Medium,Portal,2.13,2,0,8.59,5,Resolved
ADM06348,Academic Affairs,Graduation Clearance,Medium,Email,3.34,6,0,43.69,4,Resolved
ADM06349,IT,Fee Statement,High,Email,2.6,3,0,22.12,4,Resolved
ADM06350,IT,Library Issue,High,Email,1.25,3,1,27.81,2,Escalated
ADM06351,Registrar,Graduation Clearance,Low,Email,7.34,4,0,40.18,3,Resolved
ADM06352,Admissions,Payment Issue,Medium,Portal,7.07,5,0,37.55,4,Resolved
ADM06353,Registrar,Portal Access,Medium,Phone,8.55,3,0,14.2,5,Resolved
ADM06354,IT,Graduation Clearance,Low,Email,17.23,7,0,54.2,1,Resolved
ADM06355,Academic Affairs,Student ID Issue,Low,Email,6.03,5,0,25.26,3,Resolved
ADM06356,Academic Affairs,Transcript Request,High,Phone,4.53,5,0,24.82,4,Resolved
ADM06357,Admissions,Library Issue,Medium,Email,9.38,5,0,27.94,3,Resolved
ADM06358,Admissions,Accommodation Request,High,Email,1.76,7,0,34.54,2,Resolved
ADM06359,Academic Affairs,Password Reset,High,Helpdesk,2.99,4,0,9.46,3,Resolved
ADM06360,IT,Library Issue,High,Email,2.68,6,0,21.36,3,Resolved
ADM06361,Registrar,Password Reset,Low,Portal,17.36,5,0,28.91,2,Pending
ADM06362,Admissions,Exam or Assessment Issue,Low,Email,23.56,4,0,50.83,3,Resolved
ADM06363,Finance,Student ID Issue,Medium,Walk-in,9.89,1,1,28.46,3,Resolved
ADM06364,Admissions,Payment Issue,Low,Portal,14.18,4,0,45.95,4,Resolved
ADM06365,Admissions,Course Registration,Medium,Email,2.74,2,0,21.71,5,Resolved
ADM06366,IT,Fee Statement,High,Phone,2.01,5,0,22.88,4,Resolved
ADM06367,Finance,Password Reset,Critical,Email,0.94,5,0,9.23,4,Resolved
ADM06368,Registrar,Exam or Assessment Issue,High,Portal,2.91,2,0,28.64,2,Resolved
ADM06369,Admissions,Exam or Assessment Issue,Medium,Phone,9.68,3,0,39.08,2,Resolved
ADM06370,Student Affairs,Password Reset,Medium,Email,4.1,4,1,19.51,4,Escalated
ADM06371,IT,Exam or Assessment Issue,Medium,Portal,6.29,4,1,40.1,2,Resolved
ADM06372,Finance,Fee Statement,Medium,Portal,4.33,1,0,26.74,2,Resolved
ADM06373,Academic Affairs,Course Registration,High,Helpdesk,4.64,4,0,23.96,5,Pending
ADM06374,Academic Affairs,Student ID Issue,Low,Helpdesk,23.8,4,0,37.86,3,Resolved
ADM06375,Registrar,Accommodation Request,Medium,Phone,8.97,6,0,44.46,3,Resolved
ADM06376,Registrar,Graduation Clearance,High,Helpdesk,2.02,4,1,47.69,3,Resolved
ADM06377,Library,Portal Access,Low,Phone,9.56,6,0,22.0,5,Resolved
ADM06378,Student Affairs,Graduation Clearance,Critical,Helpdesk,0.98,4,0,36.05,2,Resolved
ADM06379,Academic Affairs,Password Reset,Low,Portal,18.95,4,0,23.74,3,Resolved
ADM06380,Student Affairs,Course Registration,High,Phone,0.54,7,0,28.38,2,Resolved
ADM06381,IT,Course Registration,Medium,Walk-in,9.96,5,0,27.45,2,Resolved
ADM06382,Admissions,Payment Issue,Low,Helpdesk,21.67,2,0,52.9,2,Resolved
ADM06383,Registrar,Password Reset,Low,Email,4.48,5,0,14.09,4,Resolved
ADM06384,Finance,Exam or Assessment Issue,High,Email,2.22,1,1,37.32,3,Resolved
ADM06385,Admissions,Exam or Assessment Issue,High,Helpdesk,3.6,4,0,30.75,3,Resolved
ADM06386,IT,Library Issue,Medium,Portal,3.93,6,0,25.91,4,Resolved
ADM06387,IT,Student ID Issue,High,Helpdesk,1.14,5,0,16.79,5,Resolved
ADM06388,Library,Accommodation Request,High,Walk-in,3.33,5,0,32.31,2,Resolved
ADM06389,Finance,Course Registration,Low,Walk-in,22.07,5,0,44.83,4,Resolved
ADM06390,IT,Payment Issue,High,Portal,4.8,3,0,38.84,4,Resolved
ADM06391,Registrar,Payment Issue,Medium,Email,2.08,5,0,39.36,4,Resolved
ADM06392,Admissions,Fee Statement,Medium,Portal,9.0,3,1,47.26,4,Resolved
ADM06393,Library,Password Reset,Low,Helpdesk,15.22,4,0,17.24,3,Resolved
ADM06394,IT,Course Registration,Medium,Phone,3.9,4,0,24.48,3,Resolved
ADM06395,Academic Affairs,Accommodation Request,Medium,Portal,6.94,3,1,43.4,3,Resolved
ADM06396,Finance,Library Issue,Medium,Walk-in,9.97,2,0,21.77,3,Resolved
ADM06397,Admissions,Transcript Request,Medium,Phone,4.21,5,1,32.0,4,Resolved
ADM06398,Finance,Transcript Request,High,Helpdesk,1.75,3,0,23.56,4,Resolved
ADM06399,Admissions,Library Issue,Low,Email,17.98,5,1,44.83,4,Resolved
ADM06400,Student Affairs,Exam or Assessment Issue,High,Email,0.69,3,0,30.55,2,Resolved
ADM06401,IT,Course Registration,Medium,Portal,8.56,1,1,36.37,4,Escalated
ADM06402,Student Affairs,Password Reset,Low,Portal,17.05,3,0,25.41,4,Resolved
ADM06403,Registrar,Accommodation Request,High,Helpdesk,4.29,3,0,31.73,4,Resolved
ADM06404,Student Affairs,Graduation Clearance,Medium,Email,3.85,6,0,38.69,4,Resolved
ADM06405,Registrar,Fee Statement,Medium,Helpdesk,8.78,1,0,22.22,4,Pending
ADM06406,Student Affairs,Password Reset,Low,Helpdesk,12.97,3,1,29.67,3,Escalated
ADM06407,Finance,Portal Access,Medium,Email,3.06,5,1,23.57,4,Resolved
ADM06408,Finance,Password Reset,Medium,Helpdesk,9.21,3,0,13.68,5,Resolved
ADM06409,Admissions,Password Reset,Medium,Portal,7.64,4,0,12.15,5,Pending
ADM06410,Academic Affairs,Student ID Issue,Low,Walk-in,7.37,4,1,28.96,4,Resolved
ADM06411,Registrar,Course Registration,High,Email,1.61,4,0,17.93,5,Resolved
ADM06412,Finance,Fee Statement,High,Helpdesk,1.71,6,0,29.35,3,Resolved
ADM06413,Student Affairs,Student ID Issue,Medium,Phone,9.71,3,0,19.35,4,Resolved
ADM06414,Finance,Course Registration,Medium,Helpdesk,9.09,3,0,28.04,3,Resolved
ADM06415,Registrar,Application Issue,Low,Phone,10.93,2,0,30.36,4,Pending
ADM06416,Admissions,Fee Statement,High,Portal,2.6,4,0,24.86,3,Resolved
ADM06417,Finance,Course Registration,Low,Email,9.71,3,0,30.03,3,Resolved
ADM06418,Academic Affairs,Transcript Request,Low,Email,18.85,5,0,41.14,3,Resolved
ADM06419,Library,Student ID Issue,Medium,Portal,3.29,4,0,19.12,5,Resolved
ADM06420,Admissions,Application Issue,High,Helpdesk,2.02,5,1,40.59,3,Resolved
ADM06421,Academic Affairs,Exam or Assessment Issue,Medium,Email,6.85,5,0,36.62,3,Resolved
ADM06422,Admissions,Fee Statement,Low,Helpdesk,21.55,3,0,45.05,3,Resolved
ADM06423,Registrar,Portal Access,High,Helpdesk,3.36,1,0,7.3,5,Pending
ADM06424,Finance,Accommodation Request,Medium,Portal,9.52,3,0,35.39,4,Resolved
ADM06425,Admissions,Portal Access,High,Email,4.69,3,0,16.61,5,Resolved
ADM06426,Registrar,Transcript Request,Medium,Helpdesk,7.75,3,0,29.21,3,Resolved
ADM06427,Academic Affairs,Transcript Request,High,Email,1.75,6,1,38.56,4,Resolved
ADM06428,Library,Library Issue,Medium,Portal,7.46,8,0,32.96,4,Resolved
ADM06429,Finance,Exam or Assessment Issue,Medium,Email,3.54,4,0,31.52,4,Resolved
ADM06430,IT,Library Issue,Medium,Helpdesk,4.67,6,0,24.05,3,Resolved
ADM06431,IT,Portal Access,Medium,Phone,8.06,3,0,12.84,5,Resolved
ADM06432,Academic Affairs,Student ID Issue,Medium,Portal,8.81,4,0,24.12,2,Resolved
ADM06433,Student Affairs,Password Reset,Low,Email,12.34,4,0,16.23,4,Resolved
ADM06434,Admissions,Course Registration,Medium,Portal,6.19,4,0,22.47,5,Resolved
ADM06435,Library,Graduation Clearance,Medium,Email,5.09,6,0,40.38,3,Resolved
ADM06436,IT,Accommodation Request,High,Helpdesk,2.66,2,0,31.37,3,Pending
ADM06437,IT,Application Issue,Low,Portal,14.25,3,0,37.63,2,Resolved
ADM06438,Registrar,Accommodation Request,High,Phone,3.61,2,0,29.85,4,Pending
ADM06439,Registrar,Transcript Request,Medium,Email,8.0,6,1,41.07,3,Escalated
ADM06440,Admissions,Library Issue,Medium,Portal,9.8,3,0,22.81,3,Pending
ADM06441,Finance,Password Reset,Low,Email,12.75,1,0,16.74,3,Resolved
ADM06442,Registrar,Exam or Assessment Issue,High,Walk-in,0.87,4,0,27.16,4,Resolved
ADM06443,IT,Payment Issue,High,Walk-in,3.6,6,0,44.57,2,Resolved
ADM06444,Registrar,Fee Statement,High,Email,2.74,5,0,27.67,3,Resolved
ADM06445,IT,Payment Issue,Medium,Email,8.73,3,0,43.2,4,Resolved
ADM06446,Admissions,Payment Issue,Medium,Walk-in,3.17,1,0,37.86,4,Pending
ADM06447,Academic Affairs,Student ID Issue,High,Email,3.4,4,0,15.7,4,Resolved
ADM06448,Admissions,Student ID Issue,High,Portal,2.57,2,0,9.1,5,Resolved
ADM06449,Registrar,Library Issue,High,Portal,2.39,2,0,12.1,5,Resolved
ADM06450,IT,Payment Issue,Medium,Email,6.52,5,0,47.97,2,Resolved
ADM06451,Student Affairs,Application Issue,High,Portal,3.58,4,0,26.87,2,Resolved
ADM06452,Academic Affairs,Transcript Request,Low,Portal,21.02,2,1,47.69,2,Resolved
ADM06453,Admissions,Payment Issue,Medium,Portal,3.88,4,0,43.16,3,Resolved
ADM06454,Finance,Password Reset,Low,Portal,9.86,4,0,17.22,4,Resolved
ADM06455,Student Affairs,Fee Statement,High,Walk-in,2.97,5,0,29.78,4,Resolved
ADM06456,Registrar,Course Registration,Medium,Email,4.77,5,0,22.46,5,Resolved
ADM06457,IT,Library Issue,Low,Portal,15.37,4,0,29.5,4,Resolved
ADM06458,Admissions,Library Issue,Medium,Email,3.6,6,0,17.52,5,Resolved
ADM06459,Registrar,Portal Access,Medium,Walk-in,4.46,5,1,27.0,4,Resolved
ADM06460,Finance,Password Reset,Medium,Email,4.6,4,0,14.21,5,Resolved
ADM06461,Finance,Student ID Issue,Low,Walk-in,23.85,7,1,50.74,2,Escalated
ADM06462,IT,Exam or Assessment Issue,Medium,Phone,8.83,4,0,33.85,2,Resolved
ADM06463,Academic Affairs,Transcript Request,High,Helpdesk,4.27,7,0,32.27,4,Resolved
ADM06464,Finance,Application Issue,Medium,Portal,6.11,1,0,28.9,4,Resolved
ADM06465,Student Affairs,Graduation Clearance,Medium,Portal,5.73,1,0,39.56,2,Resolved
ADM06466,Registrar,Password Reset,High,Walk-in,0.82,3,0,4.62,5,Resolved
ADM06467,Admissions,Accommodation Request,Low,Portal,7.95,5,1,45.91,4,Escalated
ADM06468,Registrar,Course Registration,High,Walk-in,4.53,2,0,18.03,5,Resolved
ADM06469,Academic Affairs,Fee Statement,Medium,Email,6.21,2,0,31.14,4,Resolved
ADM06470,Library,Portal Access,High,Portal,4.94,6,0,28.93,3,Resolved
ADM06471,IT,Password Reset,Medium,Walk-in,6.73,5,0,14.87,4,Resolved
ADM06472,Student Affairs,Portal Access,High,Walk-in,2.2,4,0,17.38,4,Resolved
ADM06473,IT,Course Registration,Low,Walk-in,9.48,1,0,21.51,3,Resolved
ADM06474,Academic Affairs,Payment Issue,High,Phone,4.63,3,0,37.53,4,Resolved
ADM06475,IT,Portal Access,Medium,Helpdesk,4.97,3,0,15.49,3,Resolved
ADM06476,Academic Affairs,Library Issue,Medium,Email,3.17,2,0,12.42,5,Resolved
ADM06477,Admissions,Student ID Issue,Low,Email,9.57,2,1,26.53,2,Resolved
ADM06478,Registrar,Payment Issue,High,Email,3.41,9,1,57.44,1,Escalated
ADM06479,Admissions,Password Reset,High,Helpdesk,1.1,2,0,6.71,5,Resolved
ADM06480,Registrar,Exam or Assessment Issue,Low,Portal,5.83,3,0,38.17,4,Resolved
ADM06481,IT,Fee Statement,Low,Walk-in,13.15,5,0,33.51,4,Resolved
ADM06482,Admissions,Library Issue,Medium,Email,2.67,3,0,17.24,4,Resolved
ADM06483,IT,Course Registration,Medium,Email,5.14,3,1,31.66,4,Resolved
ADM06484,Registrar,Payment Issue,Medium,Phone,4.58,7,0,43.94,2,Resolved
ADM06485,Registrar,Library Issue,Critical,Portal,0.9,4,1,30.06,2,Resolved
ADM06486,Admissions,Student ID Issue,High,Email,2.7,3,0,16.58,3,Resolved
ADM06487,Academic Affairs,Payment Issue,High,Portal,1.33,4,0,43.13,4,Resolved
ADM06488,Finance,Transcript Request,Medium,Email,5.54,8,0,27.01,2,Pending
ADM06489,Admissions,Transcript Request,High,Portal,2.13,6,0,19.67,3,Resolved
ADM06490,IT,Payment Issue,Medium,Email,8.36,3,1,55.04,1,Resolved
ADM06491,IT,Payment Issue,Medium,Phone,7.56,4,0,42.7,4,Resolved
ADM06492,Finance,Transcript Request,Medium,Email,8.98,4,0,33.96,3,Resolved
ADM06493,Admissions,Password Reset,Medium,Portal,7.35,2,0,10.63,3,Resolved
ADM06494,Registrar,Portal Access,Critical,Email,0.42,4,1,19.5,3,Resolved
ADM06495,Academic Affairs,Exam or Assessment Issue,Medium,Portal,6.06,5,0,28.36,4,Resolved
ADM06496,Registrar,Fee Statement,High,Portal,3.84,3,0,26.41,4,Resolved
ADM06497,Finance,Library Issue,High,Walk-in,4.29,6,0,19.62,4,Resolved
ADM06498,Registrar,Library Issue,Medium,Phone,3.45,8,0,22.33,3,Resolved
ADM06499,Finance,Course Registration,Medium,Helpdesk,3.79,5,0,24.35,4,Resolved
ADM06500,Library,Fee Statement,Medium,Helpdesk,8.9,3,0,32.73,4,Pending
ADM06501,Registrar,Application Issue,Low,Phone,13.71,6,1,56.46,3,Resolved
ADM06502,Registrar,Transcript Request,High,Walk-in,2.54,4,0,23.89,4,Resolved
ADM06503,Admissions,Graduation Clearance,High,Phone,2.72,9,0,38.28,4,Resolved
ADM06504,Registrar,Graduation Clearance,Medium,Phone,3.39,5,0,40.03,3,Resolved
ADM06505,Registrar,Application Issue,High,Phone,3.32,4,0,27.22,4,Pending
ADM06506,Library,Exam or Assessment Issue,Medium,Portal,8.46,4,0,34.43,3,Resolved
ADM06507,Library,Student ID Issue,Medium,Portal,8.7,4,0,27.06,2,Resolved
ADM06508,Academic Affairs,Fee Statement,Medium,Portal,2.24,4,0,24.22,4,Resolved
ADM06509,Student Affairs,Accommodation Request,Low,Phone,18.3,3,0,41.21,2,Resolved
ADM06510,IT,Exam or Assessment Issue,Low,Portal,5.82,3,0,31.42,3,Resolved
ADM06511,Registrar,Course Registration,Medium,Email,9.73,8,0,34.65,4,Resolved
ADM06512,Library,Payment Issue,Low,Portal,13.64,4,0,49.45,2,Resolved
ADM06513,Student Affairs,Student ID Issue,Low,Helpdesk,19.51,3,0,30.22,2,Resolved
ADM06514,Library,Portal Access,Low,Email,16.44,7,0,32.22,3,Resolved
ADM06515,Admissions,Accommodation Request,Low,Phone,23.04,5,0,51.98,2,Resolved
ADM06516,Finance,Fee Statement,Low,Helpdesk,23.47,6,0,49.73,1,Pending
ADM06517,Student Affairs,Fee Statement,Medium,Portal,4.23,4,0,31.92,4,Resolved
ADM06518,IT,Graduation Clearance,High,Helpdesk,2.67,5,0,38.76,3,Resolved
ADM06519,Academic Affairs,Application Issue,Low,Helpdesk,14.08,3,0,38.96,3,Resolved
ADM06520,Registrar,Password Reset,Low,Portal,7.55,3,0,6.55,4,Resolved
ADM06521,Finance,Application Issue,High,Email,4.57,4,0,35.33,4,Resolved
ADM06522,Registrar,Exam or Assessment Issue,Low,Email,10.99,4,0,36.61,2,Resolved
ADM06523,Library,Library Issue,High,Portal,0.89,4,1,27.28,3,Escalated
ADM06524,Registrar,Application Issue,Low,Helpdesk,7.09,3,0,40.27,2,Resolved
ADM06525,Registrar,Password Reset,Medium,Email,6.11,4,0,15.47,4,Resolved
ADM06526,Academic Affairs,Portal Access,Low,Helpdesk,21.63,3,1,36.02,4,Resolved
ADM06527,Registrar,Student ID Issue,Medium,Email,7.03,4,0,24.74,4,Resolved
ADM06528,Student Affairs,Transcript Request,High,Helpdesk,1.47,5,0,23.82,4,Resolved
ADM06529,Finance,Fee Statement,Low,Email,9.94,3,0,28.17,4,Resolved
ADM06530,Student Affairs,Exam or Assessment Issue,Critical,Phone,1.96,4,0,32.7,3,Resolved
ADM06531,IT,Exam or Assessment Issue,Medium,Email,2.42,2,0,31.34,4,Resolved
ADM06532,Student Affairs,Payment Issue,High,Email,4.97,4,0,42.9,3,Pending
ADM06533,Academic Affairs,Application Issue,Low,Email,22.12,4,0,48.11,3,Resolved
ADM06534,Registrar,Accommodation Request,Low,Email,17.57,2,1,61.13,3,Resolved
ADM06535,Registrar,Portal Access,Medium,Email,9.55,4,1,28.51,3,Resolved
ADM06536,Finance,Course Registration,Low,Portal,7.05,5,0,32.81,4,Resolved
ADM06537,IT,Fee Statement,High,Portal,4.74,2,1,39.19,3,Escalated
ADM06538,Student Affairs,Password Reset,Medium,Phone,3.7,3,0,5.64,4,Resolved
ADM06539,Admissions,Library Issue,High,Phone,2.96,3,0,15.46,5,Resolved
ADM06540,IT,Password Reset,Low,Walk-in,13.78,3,0,14.74,4,Resolved
ADM06541,Registrar,Application Issue,Medium,Helpdesk,6.1,3,0,29.85,3,Pending
ADM06542,Library,Student ID Issue,Medium,Walk-in,4.14,2,1,23.25,3,Escalated
ADM06543,Academic Affairs,Library Issue,High,Portal,4.01,2,0,12.51,3,Resolved
ADM06544,Finance,Accommodation Request,Medium,Portal,7.94,5,0,40.43,4,Pending
ADM06545,Admissions,Password Reset,High,Portal,4.79,4,0,12.81,3,Resolved
ADM06546,Registrar,Exam or Assessment Issue,Critical,Portal,1.11,3,1,40.52,4,Resolved
ADM06547,IT,Accommodation Request,High,Portal,2.97,1,0,26.76,2,Resolved
ADM06548,Admissions,Course Registration,Medium,Portal,9.23,8,1,41.23,2,Resolved
ADM06549,Registrar,Accommodation Request,Medium,Email,9.36,3,0,35.42,3,Resolved
ADM06550,Admissions,Fee Statement,Low,Email,16.99,3,1,50.41,3,Resolved
ADM06551,Finance,Portal Access,High,Phone,4.19,4,0,17.77,4,Pending
ADM06552,Admissions,Library Issue,Critical,Email,1.11,3,0,13.53,4,Resolved
ADM06553,IT,Fee Statement,Low,Email,11.76,5,1,47.07,2,Resolved
ADM06554,Registrar,Payment Issue,Medium,Email,8.91,4,0,46.79,3,Resolved
ADM06555,Library,Password Reset,High,Portal,4.0,6,0,12.13,3,Resolved
ADM06556,IT,Graduation Clearance,Low,Portal,8.85,4,0,38.51,2,Pending
ADM06557,Finance,Password Reset,Low,Portal,4.95,1,0,9.64,5,Resolved
ADM06558,Registrar,Payment Issue,Critical,Email,1.22,4,0,36.92,4,Resolved
ADM06559,Library,Accommodation Request,High,Email,4.29,3,0,31.14,4,Resolved
ADM06560,Academic Affairs,Fee Statement,High,Email,1.61,5,0,27.13,3,Resolved
ADM06561,Finance,Graduation Clearance,Low,Portal,19.35,4,0,51.92,3,Resolved
ADM06562,Finance,Library Issue,Medium,Portal,5.31,4,0,15.54,4,Resolved
ADM06563,Registrar,Library Issue,Medium,Walk-in,4.69,6,0,25.0,4,Resolved
ADM06564,IT,Payment Issue,Medium,Portal,3.38,7,1,52.34,1,Resolved
ADM06565,Registrar,Password Reset,Medium,Portal,9.47,4,0,16.32,4,Resolved
ADM06566,Finance,Payment Issue,High,Portal,1.52,3,0,36.91,4,Resolved
ADM06567,IT,Graduation Clearance,High,Portal,1.76,3,0,34.62,4,Pending
ADM06568,IT,Course Registration,Medium,Helpdesk,4.65,3,0,20.39,4,Resolved
ADM06569,Finance,Course Registration,Low,Email,9.69,1,1,29.51,2,Escalated
ADM06570,Admissions,Course Registration,Low,Email,7.26,2,0,21.43,4,Resolved
ADM06571,IT,Transcript Request,Medium,Email,4.84,4,0,24.53,4,Resolved
ADM06572,Registrar,Portal Access,Low,Helpdesk,13.44,5,0,25.08,4,Resolved
ADM06573,Registrar,Graduation Clearance,Medium,Helpdesk,6.41,4,0,40.49,4,Resolved
ADM06574,Student Affairs,Student ID Issue,Medium,Walk-in,3.25,1,0,13.53,3,Resolved
ADM06575,Registrar,Exam or Assessment Issue,High,Portal,4.01,3,1,39.97,4,Resolved
ADM06576,IT,Application Issue,Medium,Helpdesk,4.49,6,0,34.85,3,Resolved
ADM06577,Academic Affairs,Exam or Assessment Issue,Medium,Email,9.34,2,0,38.78,4,Resolved
ADM06578,Finance,Transcript Request,High,Phone,1.98,4,0,21.29,3,Resolved
ADM06579,Finance,Library Issue,Medium,Helpdesk,8.9,2,0,21.04,3,Resolved
ADM06580,IT,Accommodation Request,Critical,Walk-in,0.83,6,0,33.58,3,Pending
ADM06581,Student Affairs,Password Reset,Medium,Email,6.05,6,0,18.43,5,Resolved
ADM06582,Academic Affairs,Graduation Clearance,High,Phone,2.18,5,1,47.13,4,Resolved
ADM06583,Library,Graduation Clearance,Medium,Email,5.1,4,0,37.97,2,Resolved
ADM06584,Registrar,Accommodation Request,Medium,Email,6.95,2,0,40.99,2,Resolved
ADM06585,IT,Payment Issue,Medium,Phone,7.54,6,0,46.88,3,Resolved
ADM06586,Admissions,Password Reset,Critical,Email,1.77,3,0,2.02,5,Resolved
ADM06587,Admissions,Application Issue,Medium,Email,6.55,5,0,37.96,4,Resolved
ADM06588,Registrar,Application Issue,Low,Portal,8.34,8,1,53.19,2,Resolved
ADM06589,Registrar,Fee Statement,Medium,Phone,9.92,3,0,33.06,3,Resolved
ADM06590,Library,Accommodation Request,Medium,Email,7.47,2,1,42.55,2,Escalated
ADM06591,Admissions,Student ID Issue,Medium,Email,5.0,4,0,16.48,3,Resolved
ADM06592,Finance,Application Issue,Critical,Helpdesk,1.94,4,0,30.74,2,Resolved
ADM06593,Finance,Portal Access,High,Email,4.81,1,1,22.82,4,Resolved
ADM06594,Student Affairs,Fee Statement,Medium,Portal,2.64,3,0,22.0,3,Resolved
ADM06595,Library,Student ID Issue,Low,Helpdesk,4.4,8,0,28.75,2,Resolved
ADM06596,Finance,Password Reset,Medium,Portal,2.36,3,0,9.37,4,Resolved
ADM06597,Registrar,Accommodation Request,Medium,Email,7.48,2,1,41.76,2,Resolved
ADM06598,Finance,Accommodation Request,High,Portal,3.7,2,0,24.96,2,Resolved
ADM06599,Academic Affairs,Student ID Issue,High,Phone,3.76,4,0,16.45,5,Resolved
ADM06600,IT,Student ID Issue,Medium,Walk-in,7.04,2,1,26.15,3,Resolved
ADM06601,Admissions,Application Issue,Low,Phone,9.71,5,0,38.32,4,Pending
ADM06602,IT,Password Reset,High,Email,1.25,7,0,14.27,3,Resolved
ADM06603,Finance,Graduation Clearance,Low,Email,22.56,5,1,72.81,3,Escalated
ADM06604,Library,Graduation Clearance,Low,Portal,22.26,9,0,63.5,1,Resolved
ADM06605,Admissions,Fee Statement,High,Phone,1.59,7,0,29.79,3,Resolved
ADM06606,Registrar,Portal Access,Medium,Portal,3.34,3,0,14.06,3,Resolved
ADM06607,Registrar,Graduation Clearance,High,Email,2.19,4,1,45.69,2,Escalated
ADM06608,Admissions,Library Issue,Medium,Walk-in,2.39,7,0,24.7,2,Resolved
ADM06609,Academic Affairs,Library Issue,Low,Phone,7.24,5,0,22.33,4,Resolved
ADM06610,Finance,Transcript Request,Medium,Helpdesk,5.04,6,0,25.63,4,Resolved
ADM06611,Student Affairs,Portal Access,Medium,Portal,3.91,4,0,17.28,5,Resolved
ADM06612,Library,Password Reset,Medium,Portal,7.89,4,1,17.95,4,Resolved
ADM06613,Finance,Graduation Clearance,High,Portal,4.57,4,0,39.1,3,Resolved
ADM06614,Registrar,Password Reset,High,Phone,4.59,4,1,24.54,4,Resolved
ADM06615,Registrar,Fee Statement,Medium,Walk-in,6.83,4,1,40.4,4,Resolved
ADM06616,IT,Accommodation Request,High,Phone,3.67,5,1,42.63,4,Resolved
ADM06617,Registrar,Transcript Request,High,Email,2.72,2,0,24.57,2,Resolved
ADM06618,Finance,Exam or Assessment Issue,High,Phone,1.16,3,0,27.14,2,Resolved
ADM06619,Admissions,Fee Statement,High,Portal,3.36,4,0,19.2,3,Resolved
ADM06620,IT,Exam or Assessment Issue,Medium,Walk-in,4.8,5,0,36.36,2,Resolved
ADM06621,Registrar,Transcript Request,Medium,Email,2.05,4,0,24.1,3,Resolved
ADM06622,Admissions,Exam or Assessment Issue,High,Email,3.09,8,0,35.72,3,Resolved
ADM06623,Admissions,Accommodation Request,Medium,Email,3.59,5,0,33.04,2,Pending
ADM06624,Admissions,Payment Issue,High,Email,4.49,2,0,39.35,2,Resolved
ADM06625,Student Affairs,Transcript Request,Medium,Email,9.47,3,0,27.08,2,Resolved
ADM06626,Registrar,Fee Statement,Low,Email,7.24,3,1,40.47,4,Escalated
ADM06627,Library,Payment Issue,Medium,Portal,2.24,2,1,49.04,2,Resolved
ADM06628,IT,Student ID Issue,Low,Email,4.08,5,1,34.49,3,Resolved
ADM06629,IT,Portal Access,Low,Walk-in,22.26,4,0,33.33,4,Resolved
ADM06630,IT,Application Issue,High,Email,1.18,6,0,27.71,3,Resolved
ADM06631,Admissions,Fee Statement,Medium,Helpdesk,5.48,4,0,28.76,3,Resolved
ADM06632,Registrar,Student ID Issue,Medium,Helpdesk,2.46,4,1,21.03,4,Resolved
ADM06633,IT,Library Issue,Medium,Email,4.99,1,0,16.39,5,Resolved
ADM06634,Admissions,Library Issue,Medium,Email,8.28,3,1,33.1,4,Resolved
ADM06635,IT,Password Reset,Low,Email,12.13,6,0,24.91,3,Resolved
ADM06636,Finance,Fee Statement,High,Portal,3.99,3,0,25.56,4,Resolved
ADM06637,Student Affairs,Course Registration,High,Phone,3.6,6,0,25.26,4,Resolved
ADM06638,IT,Application Issue,High,Portal,2.83,5,0,31.51,4,Resolved
ADM06639,Registrar,Course Registration,Low,Email,18.75,3,0,34.42,2,Resolved
ADM06640,Admissions,Portal Access,Medium,Portal,9.03,6,0,22.79,4,Resolved
ADM06641,Library,Exam or Assessment Issue,High,Portal,4.07,2,0,30.46,2,Resolved
ADM06642,Library,Password Reset,Low,Helpdesk,17.83,3,1,34.16,2,Resolved
ADM06643,Admissions,Graduation Clearance,Low,Portal,18.04,3,0,50.01,3,Resolved
ADM06644,Student Affairs,Application Issue,High,Email,1.22,5,1,36.15,3,Escalated
ADM06645,Finance,Payment Issue,High,Email,4.78,8,0,47.05,3,Resolved
ADM06646,Admissions,Transcript Request,Medium,Phone,3.65,4,0,26.12,2,Resolved
ADM06647,Student Affairs,Application Issue,Low,Portal,10.98,1,0,32.02,4,Resolved
ADM06648,Student Affairs,Accommodation Request,Medium,Email,6.14,5,0,37.47,2,Resolved
ADM06649,IT,Payment Issue,Medium,Email,3.01,2,0,37.58,3,Resolved
ADM06650,Student Affairs,Transcript Request,Medium,Portal,6.75,5,1,41.37,2,Escalated
ADM06651,Registrar,Portal Access,Medium,Phone,3.46,2,0,3.86,4,Resolved
ADM06652,Student Affairs,Library Issue,Medium,Email,9.39,2,0,21.88,4,Resolved
ADM06653,Finance,Transcript Request,High,Phone,4.5,5,1,38.64,2,Resolved
ADM06654,Registrar,Accommodation Request,High,Portal,2.95,5,0,38.77,4,Pending
ADM06655,Finance,Password Reset,Medium,Portal,5.6,5,0,16.47,3,Resolved
ADM06656,Admissions,Transcript Request,Low,Phone,6.05,5,0,27.6,2,Resolved
ADM06657,Finance,Exam or Assessment Issue,Medium,Portal,8.59,2,0,37.02,3,Resolved
ADM06658,Finance,Application Issue,Low,Phone,11.59,3,0,36.42,2,Resolved
ADM06659,Registrar,Application Issue,Medium,Portal,3.97,5,1,41.23,2,Escalated
ADM06660,Finance,Password Reset,Critical,Helpdesk,1.99,6,0,12.62,3,Resolved
ADM06661,IT,Application Issue,Medium,Portal,7.35,3,1,44.45,3,Escalated
ADM06662,Admissions,Exam or Assessment Issue,Low,Portal,5.48,4,0,32.08,3,Resolved
ADM06663,Finance,Portal Access,Medium,Email,8.41,4,0,19.43,5,Resolved
ADM06664,Library,Accommodation Request,Low,Email,19.01,4,0,50.4,3,Resolved
ADM06665,Student Affairs,Fee Statement,Low,Phone,12.02,4,1,42.33,4,Resolved
ADM06666,Library,Fee Statement,Medium,Email,2.99,4,0,33.82,3,Resolved
ADM06667,Finance,Library Issue,Medium,Helpdesk,5.98,2,0,17.79,3,Resolved
ADM06668,Library,Student ID Issue,Medium,Email,8.11,1,0,13.5,4,Resolved
ADM06669,Registrar,Graduation Clearance,Low,Portal,5.52,7,1,54.6,2,Resolved
ADM06670,Registrar,Portal Access,High,Phone,1.24,5,0,13.28,3,Resolved
ADM06671,Finance,Graduation Clearance,Medium,Helpdesk,6.95,3,0,40.93,4,Resolved
ADM06672,Library,Student ID Issue,High,Email,3.02,1,0,6.1,4,Resolved
ADM06673,Finance,Fee Statement,Low,Helpdesk,22.1,1,1,50.56,1,Resolved
ADM06674,Registrar,Transcript Request,High,Helpdesk,4.17,2,0,18.88,4,Resolved
ADM06675,Registrar,Transcript Request,Medium,Helpdesk,9.35,4,1,45.05,2,Escalated
ADM06676,Student Affairs,Transcript Request,Medium,Helpdesk,5.73,3,0,27.74,4,Pending
ADM06677,IT,Application Issue,Medium,Helpdesk,8.3,5,0,37.34,2,Resolved
ADM06678,Finance,Graduation Clearance,Medium,Portal,2.39,2,0,31.1,4,Resolved
ADM06679,IT,Application Issue,Medium,Walk-in,4.36,6,1,39.82,4,Resolved
ADM06680,Admissions,Course Registration,Low,Portal,16.89,4,0,38.66,2,Resolved
ADM06681,IT,Transcript Request,High,Portal,3.94,2,0,19.11,5,Resolved
ADM06682,Finance,Transcript Request,Low,Portal,15.41,1,0,33.53,4,Resolved
ADM06683,Student Affairs,Payment Issue,Medium,Helpdesk,5.85,2,0,42.73,2,Resolved
ADM06684,Finance,Password Reset,Medium,Email,3.87,5,0,8.43,4,Resolved
ADM06685,IT,Fee Statement,Medium,Walk-in,3.39,3,0,24.93,2,Resolved
ADM06686,Registrar,Application Issue,High,Email,4.44,3,0,30.16,4,Resolved
ADM06687,Finance,Exam or Assessment Issue,Critical,Portal,0.46,8,0,35.12,3,Resolved
ADM06688,Finance,Accommodation Request,Low,Email,12.71,3,0,42.03,4,Resolved
ADM06689,Admissions,Application Issue,Medium,Portal,9.11,3,0,36.37,4,Pending
ADM06690,Registrar,Accommodation Request,High,Helpdesk,1.16,3,0,30.79,4,Resolved
ADM06691,Library,Course Registration,Medium,Portal,3.02,2,0,19.29,3,Resolved
ADM06692,Registrar,Accommodation Request,Medium,Phone,7.54,2,0,34.04,3,Resolved
ADM06693,IT,Application Issue,Critical,Email,0.8,5,0,29.22,3,Pending
ADM06694,Library,Library Issue,Medium,Helpdesk,5.49,4,0,15.74,5,Resolved
ADM06695,IT,Application Issue,Low,Walk-in,16.51,4,0,47.43,2,Resolved
ADM06696,Library,Graduation Clearance,High,Portal,2.21,4,0,35.56,3,Resolved
ADM06697,IT,Portal Access,Critical,Portal,1.64,7,0,18.06,4,Resolved
ADM06698,Finance,Library Issue,High,Portal,4.86,4,0,18.17,5,Resolved
ADM06699,Library,Transcript Request,Medium,Portal,9.46,7,0,35.64,3,Resolved
ADM06700,Finance,Fee Statement,High,Email,2.95,3,0,23.03,5,Resolved
ADM06701,IT,Exam or Assessment Issue,Critical,Helpdesk,0.84,5,1,42.21,2,Resolved
ADM06702,Library,Accommodation Request,High,Walk-in,2.45,3,1,38.9,3,Escalated
ADM06703,Finance,Application Issue,Medium,Email,4.64,5,0,33.13,4,Resolved
ADM06704,Finance,Application Issue,High,Helpdesk,2.49,6,0,38.09,4,Resolved
ADM06705,Admissions,Accommodation Request,High,Email,0.56,7,0,36.67,3,Resolved
ADM06706,Student Affairs,Student ID Issue,Low,Portal,5.1,3,0,12.02,3,Resolved
ADM06707,Academic Affairs,Fee Statement,Medium,Portal,8.17,2,1,39.8,4,Escalated
ADM06708,Admissions,Payment Issue,High,Email,2.01,2,0,35.32,2,Resolved
ADM06709,IT,Password Reset,High,Email,4.07,3,0,7.92,4,Resolved
ADM06710,Student Affairs,Transcript Request,High,Email,2.66,7,0,24.09,2,Resolved
ADM06711,Registrar,Library Issue,Low,Phone,20.12,2,0,36.7,3,Resolved
ADM06712,Finance,Application Issue,Medium,Helpdesk,7.31,4,0,31.83,3,Resolved
ADM06713,IT,Course Registration,Medium,Phone,3.61,3,0,18.65,5,Resolved
ADM06714,Student Affairs,Fee Statement,High,Portal,2.51,3,0,27.07,2,Resolved
ADM06715,Student Affairs,Accommodation Request,Low,Portal,18.09,2,0,40.18,4,Resolved
ADM06716,Admissions,Application Issue,High,Portal,1.99,2,0,25.79,4,Resolved
ADM06717,Registrar,Library Issue,Medium,Walk-in,3.55,3,1,28.27,3,Escalated
ADM06718,Admissions,Course Registration,High,Portal,2.93,3,0,19.25,5,Resolved
ADM06719,Finance,Password Reset,Medium,Email,4.19,2,0,8.88,5,Pending
ADM06720,Finance,Password Reset,High,Email,3.17,4,0,14.23,4,Resolved
ADM06721,Library,Library Issue,Critical,Helpdesk,0.69,5,1,28.35,2,Resolved
ADM06722,Registrar,Fee Statement,High,Email,4.58,5,0,23.68,3,Resolved
ADM06723,Student Affairs,Course Registration,Low,Helpdesk,10.88,4,0,27.19,4,Resolved
ADM06724,Admissions,Exam or Assessment Issue,Low,Email,22.15,5,1,62.68,3,Escalated
ADM06725,IT,Accommodation Request,High,Phone,1.76,4,0,30.5,4,Resolved
ADM06726,Registrar,Course Registration,Medium,Portal,6.84,5,0,25.44,3,Resolved
ADM06727,Finance,Exam or Assessment Issue,High,Helpdesk,1.09,3,0,31.56,4,Resolved
ADM06728,Registrar,Portal Access,High,Portal,4.0,1,0,7.62,4,Resolved
ADM06729,Academic Affairs,Accommodation Request,Critical,Email,0.56,3,1,45.03,3,Escalated
ADM06730,Library,Transcript Request,Medium,Email,8.91,7,0,34.29,2,Resolved
ADM06731,Admissions,Payment Issue,High,Portal,2.54,8,0,33.23,4,Resolved
ADM06732,Finance,Transcript Request,Low,Helpdesk,5.89,3,0,23.57,5,Resolved
ADM06733,Academic Affairs,Payment Issue,Medium,Walk-in,4.91,2,0,38.81,2,Resolved
ADM06734,Finance,Transcript Request,Low,Walk-in,19.59,5,0,44.6,2,Resolved
ADM06735,Registrar,Graduation Clearance,High,Email,0.84,4,0,35.34,2,Resolved
ADM06736,IT,Course Registration,High,Portal,3.32,4,0,18.46,5,Resolved
ADM06737,Academic Affairs,Exam or Assessment Issue,Medium,Helpdesk,6.06,6,0,37.79,4,Resolved
ADM06738,Registrar,Fee Statement,Medium,Walk-in,4.48,5,0,26.75,4,Resolved
ADM06739,Finance,Library Issue,High,Email,3.9,5,0,16.18,3,Resolved
ADM06740,Academic Affairs,Application Issue,High,Phone,0.74,6,0,31.43,3,Resolved
ADM06741,Registrar,Payment Issue,High,Phone,2.74,5,0,39.13,3,Resolved
ADM06742,Registrar,Application Issue,Critical,Portal,1.11,5,0,27.42,4,Resolved
ADM06743,IT,Portal Access,High,Email,0.89,6,0,12.82,3,Resolved
ADM06744,Student Affairs,Portal Access,Medium,Email,3.09,4,0,14.11,3,Resolved
ADM06745,Admissions,Application Issue,Medium,Helpdesk,5.28,4,1,39.66,2,Resolved
ADM06746,Academic Affairs,Graduation Clearance,Medium,Email,6.29,2,0,39.34,3,Resolved
ADM06747,IT,Exam or Assessment Issue,High,Portal,0.74,5,0,31.69,4,Resolved
ADM06748,Registrar,Graduation Clearance,Medium,Walk-in,2.09,3,0,31.13,4,Pending
ADM06749,Academic Affairs,Portal Access,High,Phone,1.37,5,0,14.03,3,Resolved
ADM06750,Admissions,Accommodation Request,Low,Helpdesk,13.76,4,0,45.76,4,Resolved
ADM06751,Finance,Application Issue,High,Email,0.68,5,0,23.56,3,Resolved
ADM06752,IT,Portal Access,High,Phone,3.8,3,0,13.38,4,Resolved
ADM06753,Finance,Payment Issue,Medium,Email,3.22,2,1,49.42,3,Escalated
ADM06754,Registrar,Fee Statement,Medium,Email,8.18,2,0,28.36,4,Resolved
ADM06755,Registrar,Graduation Clearance,Low,Email,8.09,2,0,37.24,4,Resolved
ADM06756,Admissions,Portal Access,High,Phone,2.06,4,0,14.04,4,Resolved
ADM06757,Student Affairs,Exam or Assessment Issue,High,Phone,2.66,4,0,29.65,2,Resolved
ADM06758,IT,Exam or Assessment Issue,Medium,Portal,4.78,3,1,42.74,4,Resolved
ADM06759,Academic Affairs,Application Issue,Low,Email,4.47,3,1,40.97,3,Resolved
ADM06760,Finance,Payment Issue,Medium,Phone,9.27,5,0,51.75,3,Resolved
ADM06761,Finance,Application Issue,Medium,Email,4.29,3,0,31.18,2,Resolved
ADM06762,Registrar,Password Reset,Medium,Email,3.09,7,0,13.58,4,Resolved
ADM06763,Registrar,Course Registration,Medium,Portal,3.06,3,0,18.49,4,Resolved
ADM06764,Finance,Course Registration,Medium,Portal,9.8,3,0,22.89,5,Resolved
ADM06765,Library,Exam or Assessment Issue,Medium,Portal,2.98,4,0,30.23,3,Resolved
ADM06766,Student Affairs,Course Registration,High,Phone,2.06,6,0,24.66,4,Resolved
ADM06767,Academic Affairs,Transcript Request,High,Email,0.8,5,0,17.62,3,Resolved
ADM06768,Finance,Accommodation Request,Medium,Helpdesk,7.88,4,0,32.98,2,Resolved
ADM06769,Student Affairs,Application Issue,High,Portal,3.19,3,1,41.31,3,Resolved
ADM06770,Finance,Accommodation Request,Low,Email,14.67,3,1,53.94,2,Escalated
ADM06771,Registrar,Application Issue,Medium,Phone,8.85,5,0,38.45,2,Resolved
ADM06772,Student Affairs,Password Reset,High,Portal,3.08,2,0,8.3,3,Resolved
ADM06773,IT,Portal Access,Low,Phone,23.11,5,0,35.47,2,Resolved
ADM06774,Registrar,Transcript Request,Medium,Walk-in,6.98,4,0,30.82,4,Resolved
ADM06775,Admissions,Fee Statement,Low,Helpdesk,11.09,6,0,32.56,4,Resolved
ADM06776,Finance,Application Issue,Medium,Helpdesk,2.29,4,0,26.14,3,Resolved
ADM06777,Library,Payment Issue,High,Portal,3.76,2,1,50.42,1,Resolved
ADM06778,Admissions,Exam or Assessment Issue,Low,Portal,11.47,3,0,39.3,3,Pending
ADM06779,Academic Affairs,Portal Access,Low,Email,15.98,6,0,32.11,4,Resolved
ADM06780,Registrar,Library Issue,High,Helpdesk,4.44,5,0,19.99,3,Resolved
ADM06781,Finance,Library Issue,Medium,Email,2.06,4,0,18.25,3,Resolved
ADM06782,Admissions,Fee Statement,Medium,Phone,8.08,3,0,29.29,3,Resolved
ADM06783,Admissions,Payment Issue,High,Email,2.46,5,0,36.2,4,Resolved
ADM06784,Finance,Course Registration,Medium,Email,2.99,5,0,25.44,4,Resolved
ADM06785,IT,Transcript Request,High,Email,3.12,3,1,31.14,2,Resolved
ADM06786,Student Affairs,Accommodation Request,Critical,Email,1.16,3,0,29.39,3,Resolved
ADM06787,Academic Affairs,Graduation Clearance,Medium,Email,8.74,4,1,53.09,1,Resolved
ADM06788,Library,Student ID Issue,Medium,Portal,6.17,4,1,28.71,2,Resolved
ADM06789,Student Affairs,Student ID Issue,Medium,Portal,8.62,6,0,24.68,4,Resolved
ADM06790,IT,Transcript Request,High,Portal,2.95,5,0,25.7,4,Resolved
ADM06791,Student Affairs,Graduation Clearance,Medium,Portal,5.58,3,0,35.01,2,Resolved
ADM06792,Finance,Portal Access,High,Portal,2.17,4,0,9.97,5,Resolved
ADM06793,Finance,Password Reset,Critical,Helpdesk,0.51,5,0,7.52,5,Pending
ADM06794,Finance,Portal Access,High,Phone,3.13,6,0,19.63,5,Pending
ADM06795,Admissions,Library Issue,High,Email,2.95,1,0,9.67,4,Resolved
ADM06796,Finance,Accommodation Request,High,Email,4.89,4,0,32.33,3,Resolved
ADM06797,Academic Affairs,Library Issue,High,Portal,2.36,7,0,21.33,4,Resolved
ADM06798,Finance,Application Issue,Low,Helpdesk,12.43,4,0,37.53,3,Resolved
ADM06799,Registrar,Library Issue,High,Email,1.24,7,1,29.81,3,Resolved
ADM06800,Admissions,Student ID Issue,High,Phone,3.19,3,0,13.15,3,Resolved
ADM06801,Registrar,Student ID Issue,Medium,Email,8.78,4,0,23.39,5,Resolved
ADM06802,Registrar,Accommodation Request,Low,Portal,8.96,3,0,33.84,2,Resolved
ADM06803,Registrar,Library Issue,Medium,Walk-in,2.07,3,0,14.99,4,Resolved
ADM06804,Admissions,Transcript Request,Low,Portal,17.83,5,0,41.31,2,Resolved
ADM06805,Admissions,Transcript Request,Medium,Portal,2.25,3,0,18.32,3,Resolved
ADM06806,Library,Graduation Clearance,Medium,Helpdesk,5.27,2,0,34.97,2,Resolved
ADM06807,Library,Fee Statement,Critical,Email,1.3,5,0,25.24,3,Resolved
ADM06808,Admissions,Password Reset,Medium,Portal,5.09,3,0,5.49,5,Resolved
ADM06809,Finance,Accommodation Request,High,Portal,1.67,6,0,34.67,3,Resolved
ADM06810,Finance,Library Issue,Low,Helpdesk,19.99,3,0,34.87,4,Resolved
ADM06811,Library,Accommodation Request,Medium,Walk-in,4.41,2,0,26.16,4,Resolved
ADM06812,Registrar,Portal Access,Medium,Email,3.44,4,1,22.79,3,Escalated
ADM06813,Registrar,Course Registration,Medium,Helpdesk,5.11,5,0,26.78,4,Resolved
ADM06814,Library,Graduation Clearance,High,Email,1.09,7,1,48.97,3,Resolved
ADM06815,Admissions,Payment Issue,High,Email,3.61,4,0,42.67,3,Resolved
ADM06816,Registrar,Portal Access,High,Portal,3.7,4,0,8.2,3,Resolved
ADM06817,Finance,Graduation Clearance,Medium,Phone,2.12,2,0,32.2,4,Resolved
ADM06818,Academic Affairs,Portal Access,High,Phone,3.63,4,1,21.22,5,Resolved
ADM06819,Student Affairs,Library Issue,Medium,Portal,4.39,3,0,13.09,5,Resolved
ADM06820,IT,Course Registration,Low,Portal,17.12,3,0,40.28,4,Resolved
ADM06821,Admissions,Exam or Assessment Issue,High,Helpdesk,3.68,4,1,42.48,2,Escalated
ADM06822,Admissions,Transcript Request,High,Walk-in,1.75,5,0,27.35,2,Resolved
ADM06823,Academic Affairs,Transcript Request,Medium,Phone,3.48,4,1,35.46,4,Escalated
ADM06824,Academic Affairs,Portal Access,High,Email,4.22,4,0,20.32,4,Resolved
ADM06825,Registrar,Exam or Assessment Issue,High,Walk-in,3.83,4,0,34.26,3,Resolved
ADM06826,Student Affairs,Password Reset,Medium,Phone,8.7,5,1,23.22,3,Resolved
ADM06827,Registrar,Transcript Request,Medium,Helpdesk,5.49,4,0,29.36,4,Resolved
ADM06828,Registrar,Application Issue,Critical,Email,1.02,3,0,28.55,3,Resolved
ADM06829,IT,Portal Access,High,Phone,2.05,1,0,6.58,4,Resolved
ADM06830,Admissions,Payment Issue,Medium,Helpdesk,5.99,4,0,46.35,3,Resolved
ADM06831,Academic Affairs,Course Registration,Medium,Portal,7.17,4,0,23.34,4,Resolved
ADM06832,Registrar,Fee Statement,Medium,Phone,8.52,6,0,31.05,2,Resolved
ADM06833,Admissions,Student ID Issue,Medium,Helpdesk,3.47,4,0,15.78,4,Resolved
ADM06834,Academic Affairs,Accommodation Request,Medium,Portal,5.24,4,0,35.52,3,Resolved
ADM06835,Student Affairs,Portal Access,Medium,Phone,5.69,2,0,10.92,5,Resolved
ADM06836,Registrar,Transcript Request,High,Email,2.7,3,0,27.71,3,Resolved
ADM06837,Finance,Accommodation Request,High,Portal,2.94,2,0,27.2,4,Resolved
ADM06838,IT,Payment Issue,Critical,Email,1.64,8,0,49.43,1,Resolved
ADM06839,Registrar,Exam or Assessment Issue,High,Email,4.49,6,0,33.67,4,Pending
ADM06840,Academic Affairs,Library Issue,High,Phone,1.22,6,0,14.91,5,Pending
ADM06841,Academic Affairs,Student ID Issue,High,Email,3.71,3,0,11.9,4,Pending
ADM06842,Registrar,Password Reset,Medium,Helpdesk,5.83,3,0,12.91,3,Resolved
ADM06843,Registrar,Graduation Clearance,High,Portal,2.38,3,0,32.15,4,Resolved
ADM06844,Registrar,Exam or Assessment Issue,Low,Phone,6.27,9,0,46.82,2,Resolved
ADM06845,Student Affairs,Fee Statement,Medium,Email,2.51,2,1,40.6,2,Resolved
ADM06846,Registrar,Library Issue,Medium,Email,9.82,1,0,20.03,5,Resolved
ADM06847,Admissions,Payment Issue,Medium,Email,7.14,6,0,46.18,3,Resolved
ADM06848,Admissions,Transcript Request,Medium,Email,5.62,6,0,30.63,2,Resolved
ADM06849,IT,Exam or Assessment Issue,High,Helpdesk,3.93,2,0,29.9,2,Resolved
ADM06850,Registrar,Application Issue,Low,Walk-in,5.82,4,0,29.31,4,Resolved
ADM06851,Finance,Course Registration,Critical,Helpdesk,1.29,5,1,25.9,2,Escalated
ADM06852,Academic Affairs,Library Issue,Medium,Phone,7.28,4,0,24.59,4,Resolved
ADM06853,Student Affairs,Library Issue,High,Phone,2.53,5,0,19.69,5,Resolved
ADM06854,Library,Fee Statement,Medium,Portal,4.02,5,1,40.13,4,Resolved
ADM06855,Registrar,Course Registration,Medium,Email,9.64,5,0,30.22,4,Resolved
ADM06856,Finance,Payment Issue,Medium,Phone,4.41,3,0,36.91,4,Resolved
ADM06857,IT,Accommodation Request,High,Email,1.06,1,0,24.51,4,Resolved
ADM06858,Finance,Accommodation Request,Low,Portal,16.61,4,0,47.42,4,Pending
ADM06859,Student Affairs,Course Registration,Medium,Email,6.59,4,0,25.45,4,Resolved
ADM06860,IT,Exam or Assessment Issue,Low,Portal,19.1,4,0,54.83,3,Resolved
ADM06861,Registrar,Password Reset,Medium,Email,8.03,3,0,10.75,4,Resolved
ADM06862,Student Affairs,Portal Access,Critical,Email,1.32,5,0,13.12,4,Resolved
ADM06863,Academic Affairs,Password Reset,Low,Portal,8.15,4,0,20.51,5,Pending
ADM06864,Registrar,Password Reset,High,Email,4.49,3,1,15.59,4,Resolved
ADM06865,Admissions,Library Issue,High,Email,1.62,5,0,8.84,5,Resolved
ADM06866,Finance,Library Issue,Medium,Portal,2.75,3,1,24.2,3,Escalated
ADM06867,Finance,Student ID Issue,Medium,Portal,4.41,3,0,12.32,4,Resolved
ADM06868,Registrar,Exam or Assessment Issue,Medium,Helpdesk,5.87,2,1,36.63,2,Escalated
ADM06869,IT,Transcript Request,Medium,Portal,3.66,3,0,23.48,5,Resolved
ADM06870,Academic Affairs,Graduation Clearance,Low,Helpdesk,10.67,5,1,56.59,3,Resolved
ADM06871,Admissions,Graduation Clearance,Medium,Email,6.11,5,1,50.22,3,Resolved
ADM06872,Registrar,Graduation Clearance,Medium,Portal,4.58,3,0,42.32,4,Resolved
ADM06873,IT,Payment Issue,High,Portal,0.9,7,0,46.3,4,Resolved
ADM06874,Finance,Payment Issue,High,Email,1.39,3,1,42.62,2,Resolved
ADM06875,Student Affairs,Exam or Assessment Issue,High,Email,4.07,4,0,34.28,2,Resolved
ADM06876,Admissions,Student ID Issue,Medium,Phone,9.63,4,0,16.08,3,Resolved
ADM06877,Registrar,Graduation Clearance,Medium,Phone,3.19,6,0,37.83,3,Resolved
ADM06878,Registrar,Library Issue,Medium,Email,7.45,4,1,31.67,3,Escalated
ADM06879,Library,Fee Statement,Medium,Email,9.24,4,1,40.02,2,Resolved
ADM06880,Finance,Graduation Clearance,Medium,Phone,4.39,4,0,41.48,3,Resolved
ADM06881,Library,Graduation Clearance,High,Email,4.23,2,0,29.85,4,Resolved
ADM06882,Registrar,Fee Statement,Medium,Helpdesk,9.24,2,0,26.71,3,Resolved
ADM06883,Finance,Transcript Request,Medium,Helpdesk,4.4,2,0,20.84,5,Resolved
ADM06884,Admissions,Course Registration,High,Helpdesk,0.76,5,0,20.24,5,Resolved
ADM06885,Academic Affairs,Library Issue,High,Email,4.63,2,0,14.38,4,Resolved
ADM06886,Academic Affairs,Accommodation Request,Medium,Email,4.64,3,0,32.03,3,Resolved
ADM06887,Registrar,Accommodation Request,Medium,Helpdesk,2.11,3,0,31.36,3,Resolved
ADM06888,Finance,Exam or Assessment Issue,High,Portal,2.64,9,0,42.25,2,Resolved
ADM06889,Registrar,Library Issue,Low,Portal,6.32,5,1,34.2,2,Resolved
ADM06890,Admissions,Application Issue,Medium,Email,9.21,4,0,38.22,3,Resolved
ADM06891,Admissions,Course Registration,High,Email,1.2,2,0,16.44,3,Resolved
ADM06892,Student Affairs,Accommodation Request,High,Phone,1.87,1,0,22.13,5,Resolved
ADM06893,Academic Affairs,Portal Access,Low,Helpdesk,19.81,3,0,29.48,2,Resolved
ADM06894,Finance,Graduation Clearance,Medium,Walk-in,8.45,9,0,48.47,1,Resolved
ADM06895,Admissions,Password Reset,Medium,Phone,9.21,2,0,18.36,4,Resolved
ADM06896,Student Affairs,Library Issue,Medium,Email,5.98,5,0,20.12,4,Resolved
ADM06897,Library,Application Issue,Medium,Portal,9.89,2,0,32.71,4,Resolved
ADM06898,Registrar,Portal Access,Critical,Email,1.13,2,0,11.76,4,Resolved
ADM06899,Finance,Graduation Clearance,Medium,Email,8.33,4,0,37.38,3,Resolved
ADM06900,Admissions,Password Reset,Medium,Email,4.9,3,0,14.66,5,Resolved
ADM06901,Finance,Password Reset,Medium,Phone,9.53,3,0,18.49,5,Resolved
ADM06902,Registrar,Transcript Request,Low,Email,17.7,4,0,42.24,4,Resolved
ADM06903,Registrar,Exam or Assessment Issue,Medium,Helpdesk,2.62,5,0,36.77,4,Resolved
ADM06904,IT,Graduation Clearance,Medium,Helpdesk,2.87,4,0,36.32,2,Resolved
ADM06905,Finance,Course Registration,High,Email,4.51,6,1,37.02,3,Resolved
ADM06906,Registrar,Library Issue,Medium,Portal,8.48,2,0,22.7,5,Resolved
ADM06907,Finance,Application Issue,Medium,Walk-in,4.64,5,0,32.07,4,Resolved
ADM06908,Library,Student ID Issue,Medium,Helpdesk,6.17,4,0,17.15,5,Resolved
ADM06909,Student Affairs,Transcript Request,Medium,Helpdesk,8.82,3,1,41.14,3,Resolved
ADM06910,Admissions,Fee Statement,Low,Email,6.07,1,0,25.12,2,Resolved
ADM06911,Admissions,Portal Access,High,Email,1.12,5,0,5.59,4,Resolved
ADM06912,Academic Affairs,Student ID Issue,High,Email,3.72,4,0,16.3,3,Resolved
ADM06913,Registrar,Portal Access,Low,Portal,5.64,4,1,28.2,2,Escalated
ADM06914,Registrar,Library Issue,High,Portal,2.09,7,0,15.63,3,Resolved
ADM06915,Finance,Application Issue,Medium,Walk-in,4.01,2,0,22.93,4,Pending
ADM06916,Registrar,Application Issue,Medium,Email,8.08,3,1,44.49,2,Escalated
ADM06917,Finance,Password Reset,High,Helpdesk,0.51,3,1,18.6,4,Resolved
ADM06918,Academic Affairs,Student ID Issue,Medium,Email,2.92,4,1,24.07,2,Resolved
ADM06919,IT,Application Issue,Low,Portal,5.98,1,0,30.54,2,Resolved
ADM06920,Admissions,Accommodation Request,Medium,Portal,4.54,4,0,31.97,3,Resolved
ADM06921,Academic Affairs,Portal Access,Low,Email,8.65,4,0,23.17,5,Resolved
ADM06922,Registrar,Password Reset,Low,Walk-in,8.57,5,1,25.78,3,Escalated
ADM06923,Registrar,Graduation Clearance,Medium,Portal,4.96,2,0,40.22,2,Resolved
ADM06924,IT,Library Issue,Medium,Helpdesk,3.71,5,0,21.94,3,Resolved
ADM06925,IT,Application Issue,High,Helpdesk,0.98,4,0,22.45,4,Resolved
ADM06926,Registrar,Exam or Assessment Issue,Medium,Helpdesk,6.67,6,0,33.72,4,Resolved
ADM06927,Admissions,Payment Issue,Low,Portal,23.03,5,0,62.18,3,Resolved
ADM06928,IT,Graduation Clearance,Medium,Portal,6.86,4,0,39.61,2,Resolved
ADM06929,IT,Library Issue,High,Email,3.91,4,0,23.98,4,Resolved
ADM06930,IT,Graduation Clearance,Medium,Portal,9.78,7,0,51.62,1,Resolved
ADM06931,Finance,Student ID Issue,High,Helpdesk,1.19,2,0,11.19,5,Resolved
ADM06932,Registrar,Accommodation Request,Medium,Email,5.68,3,1,38.48,4,Resolved
ADM06933,Admissions,Course Registration,High,Walk-in,3.12,7,0,22.32,3,Resolved
ADM06934,Registrar,Fee Statement,Medium,Helpdesk,4.58,5,0,28.99,4,Resolved
ADM06935,Academic Affairs,Graduation Clearance,Low,Helpdesk,16.26,1,0,41.58,2,Resolved
ADM06936,Admissions,Payment Issue,Medium,Portal,6.99,5,0,40.71,2,Resolved
ADM06937,Finance,Password Reset,Medium,Portal,8.74,3,0,11.37,5,Resolved
ADM06938,Library,Portal Access,Medium,Email,8.66,5,0,17.87,4,Resolved
ADM06939,Admissions,Student ID Issue,Medium,Walk-in,3.14,4,0,16.59,3,Resolved
ADM06940,Finance,Student ID Issue,Low,Email,7.38,3,1,28.02,4,Escalated
ADM06941,Student Affairs,Exam or Assessment Issue,Medium,Email,3.78,5,0,33.58,4,Resolved
ADM06942,Student Affairs,Course Registration,High,Email,1.68,3,0,16.31,4,Resolved
ADM06943,IT,Payment Issue,Critical,Portal,1.22,3,0,35.43,4,Resolved
ADM06944,Registrar,Portal Access,Medium,Portal,4.62,2,0,13.27,5,Resolved
ADM06945,IT,Fee Statement,Low,Portal,23.06,5,1,55.65,2,Resolved
ADM06946,Library,Transcript Request,Low,Helpdesk,6.37,2,0,24.71,2,Resolved
ADM06947,Registrar,Transcript Request,High,Email,1.61,2,0,14.5,5,Resolved
ADM06948,Finance,Student ID Issue,High,Walk-in,4.41,4,0,20.64,3,Resolved
ADM06949,Student Affairs,Graduation Clearance,High,Phone,3.13,7,0,41.63,4,Resolved
ADM06950,Registrar,Graduation Clearance,Medium,Email,6.38,5,0,47.21,3,Resolved
ADM06951,Library,Payment Issue,High,Walk-in,3.17,6,0,42.89,2,Resolved
ADM06952,Admissions,Course Registration,High,Email,1.64,5,1,33.95,4,Resolved
ADM06953,Admissions,Student ID Issue,Medium,Phone,8.09,4,1,29.49,2,Escalated
ADM06954,Registrar,Transcript Request,High,Phone,2.73,4,1,32.41,4,Resolved
ADM06955,Student Affairs,Student ID Issue,Low,Phone,4.85,1,0,13.75,4,Resolved
ADM06956,Finance,Transcript Request,Medium,Email,3.42,3,0,27.43,2,Resolved
ADM06957,Admissions,Payment Issue,Critical,Portal,1.67,3,0,35.07,2,Resolved
ADM06958,IT,Payment Issue,Low,Walk-in,10.9,5,0,50.36,3,Resolved
ADM06959,IT,Course Registration,High,Phone,3.98,8,0,27.36,4,Resolved
ADM06960,Academic Affairs,Password Reset,Medium,Walk-in,7.31,6,1,31.39,3,Escalated
ADM06961,Admissions,Password Reset,High,Phone,1.86,3,1,20.73,5,Escalated
ADM06962,Finance,Student ID Issue,High,Email,1.07,3,0,13.51,5,Resolved
ADM06963,Academic Affairs,Exam or Assessment Issue,High,Email,4.13,4,0,25.87,2,Pending
ADM06964,IT,Student ID Issue,High,Phone,3.39,7,0,23.24,5,Resolved
ADM06965,Finance,Student ID Issue,Medium,Walk-in,4.41,5,1,23.53,5,Resolved
ADM06966,Registrar,Course Registration,Low,Email,14.47,4,0,26.74,2,Resolved
ADM06967,Student Affairs,Exam or Assessment Issue,High,Email,3.25,5,0,38.85,4,Resolved
ADM06968,Finance,Library Issue,Medium,Email,2.02,1,0,11.69,3,Resolved
ADM06969,IT,Student ID Issue,High,Portal,3.52,6,0,22.83,3,Resolved
ADM06970,Admissions,Password Reset,Low,Portal,17.12,3,0,20.45,4,Resolved
ADM06971,Registrar,Password Reset,High,Portal,0.87,3,0,9.83,5,Resolved
ADM06972,IT,Exam or Assessment Issue,Medium,Portal,8.3,5,0,32.23,4,Resolved
ADM06973,Registrar,Portal Access,High,Portal,4.21,4,1,20.91,3,Resolved
ADM06974,Admissions,Graduation Clearance,High,Walk-in,1.81,3,0,39.16,2,Resolved
ADM06975,Admissions,Payment Issue,Low,Email,7.24,7,0,46.72,3,Resolved
ADM06976,Admissions,Exam or Assessment Issue,Medium,Email,7.49,4,0,35.58,4,Resolved
ADM06977,Library,Library Issue,High,Phone,1.06,4,0,19.03,4,Resolved
ADM06978,Student Affairs,Transcript Request,High,Helpdesk,4.36,2,0,22.06,5,Resolved
ADM06979,Library,Password Reset,Medium,Portal,5.84,3,1,19.18,3,Resolved
ADM06980,Registrar,Fee Statement,Critical,Helpdesk,1.84,6,0,26.13,4,Pending
ADM06981,Registrar,Fee Statement,Medium,Email,7.14,5,1,40.48,3,Escalated
ADM06982,Admissions,Password Reset,Medium,Email,4.28,1,0,11.06,5,Resolved
ADM06983,Academic Affairs,Graduation Clearance,High,Portal,2.61,3,0,38.63,4,Resolved
ADM06984,Student Affairs,Fee Statement,Medium,Phone,6.23,2,0,26.01,3,Resolved
ADM06985,Student Affairs,Application Issue,Medium,Portal,8.52,1,0,28.25,3,Resolved
ADM06986,Finance,Library Issue,High,Portal,4.38,4,0,16.49,3,Resolved
ADM06987,Admissions,Payment Issue,Medium,Email,7.46,5,0,43.69,3,Resolved
ADM06988,Admissions,Password Reset,Low,Portal,9.88,5,1,30.3,2,Resolved
ADM06989,Registrar,Password Reset,Medium,Email,6.23,3,1,26.05,4,Resolved
ADM06990,Registrar,Transcript Request,Medium,Portal,3.04,6,0,28.06,3,Pending
ADM06991,Academic Affairs,Library Issue,Medium,Portal,3.84,3,0,15.16,5,Resolved
ADM06992,Finance,Student ID Issue,High,Walk-in,1.86,6,0,13.28,4,Resolved
ADM06993,Finance,Graduation Clearance,Low,Portal,5.46,7,0,40.45,4,Resolved
ADM06994,Registrar,Student ID Issue,High,Phone,4.48,1,0,15.22,4,Resolved
ADM06995,Academic Affairs,Accommodation Request,High,Portal,1.05,4,0,32.37,4,Resolved
ADM06996,IT,Portal Access,High,Helpdesk,3.64,7,1,28.77,2,Resolved
ADM06997,IT,Application Issue,Medium,Walk-in,6.05,5,0,31.64,4,Resolved
ADM06998,Academic Affairs,Course Registration,Medium,Walk-in,8.65,2,0,27.18,2,Resolved
ADM06999,Finance,Course Registration,Medium,Phone,7.93,4,0,25.84,3,Pending
ADM07000,IT,Accommodation Request,High,Portal,3.92,3,0,31.08,4,Resolved
ADM07001,Registrar,Payment Issue,Medium,Portal,5.35,5,0,43.11,4,Resolved
ADM07002,Registrar,Course Registration,Medium,Walk-in,8.67,4,1,29.77,4,Escalated
ADM07003,Student Affairs,Exam or Assessment Issue,Medium,Email,2.76,3,0,29.32,3,Resolved
ADM07004,Library,Student ID Issue,High,Email,2.5,1,0,9.1,3,Resolved
ADM07005,Finance,Graduation Clearance,Low,Phone,23.89,6,0,66.06,3,Resolved
ADM07006,Finance,Fee Statement,Critical,Email,1.91,4,0,23.42,3,Resolved
ADM07007,Admissions,Portal Access,Low,Helpdesk,5.64,5,0,19.52,5,Resolved
ADM07008,Registrar,Exam or Assessment Issue,Medium,Walk-in,6.58,3,0,31.36,2,Resolved
ADM07009,Finance,Exam or Assessment Issue,Medium,Phone,4.53,7,1,50.92,2,Resolved
ADM07010,Registrar,Library Issue,Low,Portal,18.57,3,0,35.33,2,Resolved
ADM07011,Finance,Student ID Issue,High,Phone,3.81,5,0,14.96,4,Resolved
ADM07012,Library,Transcript Request,Medium,Portal,2.0,6,1,35.03,4,Resolved
ADM07013,Finance,Library Issue,Low,Email,20.92,4,1,43.35,4,Resolved
ADM07014,Registrar,Course Registration,High,Helpdesk,1.51,2,1,32.46,4,Escalated
ADM07015,Admissions,Exam or Assessment Issue,High,Email,4.85,5,1,43.98,4,Escalated
ADM07016,Student Affairs,Transcript Request,Critical,Walk-in,1.83,6,0,27.63,4,Resolved
ADM07017,Finance,Library Issue,Medium,Walk-in,3.53,2,0,12.77,3,Resolved
ADM07018,Registrar,Password Reset,Medium,Helpdesk,7.09,2,0,13.3,5,Resolved
ADM07019,Finance,Application Issue,Low,Portal,9.93,1,0,30.64,3,Resolved
ADM07020,Library,Student ID Issue,High,Portal,0.96,4,0,13.17,4,Resolved
ADM07021,IT,Transcript Request,Medium,Helpdesk,8.99,2,0,22.43,4,Resolved
ADM07022,Student Affairs,Accommodation Request,Critical,Walk-in,0.53,4,1,39.14,3,Resolved
ADM07023,Academic Affairs,Application Issue,High,Walk-in,2.39,5,0,33.29,2,Resolved
ADM07024,Library,Library Issue,High,Walk-in,4.66,3,1,22.65,3,Escalated
ADM07025,IT,Payment Issue,Critical,Portal,0.34,5,1,44.02,3,Resolved
ADM07026,Admissions,Accommodation Request,Medium,Email,6.4,2,0,31.21,4,Resolved
ADM07027,Registrar,Student ID Issue,Low,Email,15.44,3,0,26.99,2,Resolved
ADM07028,Academic Affairs,Password Reset,Low,Phone,19.26,5,1,44.11,4,Resolved
ADM07029,Finance,Transcript Request,Medium,Portal,8.62,2,1,32.43,2,Resolved
ADM07030,Registrar,Fee Statement,Medium,Phone,5.39,6,0,36.93,4,Resolved
ADM07031,IT,Transcript Request,Low,Portal,18.87,6,0,40.3,4,Pending
ADM07032,Finance,Application Issue,Medium,Portal,9.28,3,0,31.28,4,Pending
ADM07033,IT,Transcript Request,Medium,Email,9.09,4,0,30.91,4,Pending
ADM07034,IT,Application Issue,Low,Phone,14.04,4,0,37.76,3,Resolved
ADM07035,Admissions,Accommodation Request,Medium,Helpdesk,6.86,2,0,32.93,4,Resolved
ADM07036,Student Affairs,Transcript Request,Low,Walk-in,17.46,2,1,43.62,3,Escalated
ADM07037,Finance,Accommodation Request,Medium,Email,8.55,2,0,36.05,3,Resolved
ADM07038,Admissions,Password Reset,Low,Portal,14.15,5,0,26.99,3,Resolved
ADM07039,Admissions,Password Reset,High,Walk-in,1.0,2,0,1.21,4,Resolved
ADM07040,IT,Application Issue,Low,Portal,11.71,4,1,46.83,3,Resolved
ADM07041,Library,Library Issue,High,Portal,3.74,7,0,23.75,3,Resolved
ADM07042,Finance,Password Reset,Medium,Email,6.99,5,0,20.16,4,Resolved
ADM07043,IT,Portal Access,Medium,Portal,8.03,4,0,12.97,4,Resolved
ADM07044,Registrar,Transcript Request,Medium,Email,6.0,2,0,24.62,3,Resolved
ADM07045,Academic Affairs,Portal Access,Medium,Email,3.4,3,0,8.66,4,Resolved
ADM07046,Finance,Transcript Request,Low,Portal,6.3,1,1,30.39,3,Resolved
ADM07047,IT,Course Registration,High,Portal,2.67,3,0,23.01,4,Resolved
ADM07048,Registrar,Accommodation Request,High,Phone,1.43,5,0,37.68,2,Resolved
ADM07049,Registrar,Application Issue,Critical,Portal,1.97,6,0,29.46,2,Resolved
ADM07050,Admissions,Student ID Issue,High,Portal,1.39,2,0,7.45,5,Pending
ADM07051,Student Affairs,Student ID Issue,Medium,Phone,6.53,4,0,11.67,3,Resolved
ADM07052,Admissions,Payment Issue,Medium,Helpdesk,2.01,3,1,48.11,1,Resolved
ADM07053,Academic Affairs,Graduation Clearance,High,Portal,1.64,3,0,29.3,4,Pending
ADM07054,Admissions,Exam or Assessment Issue,High,Email,1.67,5,0,36.53,2,Resolved
ADM07055,Admissions,Library Issue,Medium,Portal,7.9,6,0,25.72,2,Resolved
ADM07056,Registrar,Application Issue,High,Phone,2.73,6,0,29.73,2,Pending
ADM07057,Library,Password Reset,Medium,Helpdesk,2.1,3,0,8.49,4,Resolved
ADM07058,Finance,Fee Statement,Medium,Portal,5.03,5,0,30.75,2,Resolved
ADM07059,Student Affairs,Library Issue,Critical,Walk-in,1.36,4,0,16.88,3,Resolved
ADM07060,Academic Affairs,Library Issue,High,Portal,3.37,2,1,23.06,5,Resolved
ADM07061,Academic Affairs,Fee Statement,High,Email,0.74,6,0,25.45,2,Resolved
ADM07062,Admissions,Accommodation Request,Medium,Helpdesk,9.43,2,0,32.14,3,Resolved
ADM07063,IT,Library Issue,Medium,Email,3.98,4,0,19.75,5,Resolved
ADM07064,Library,Course Registration,Low,Email,21.83,11,0,46.52,4,Resolved
ADM07065,Registrar,Library Issue,High,Helpdesk,1.46,7,0,13.63,4,Resolved
ADM07066,IT,Graduation Clearance,Medium,Portal,6.54,3,1,46.61,3,Resolved
ADM07067,Registrar,Exam or Assessment Issue,Medium,Email,5.25,5,1,44.06,4,Escalated
ADM07068,Admissions,Payment Issue,Medium,Portal,6.65,5,1,52.88,2,Escalated
ADM07069,Registrar,Portal Access,Medium,Portal,5.98,5,0,20.66,3,Resolved
ADM07070,Registrar,Student ID Issue,Medium,Email,2.02,3,0,10.97,4,Resolved
ADM07071,Finance,Accommodation Request,High,Portal,2.08,4,0,30.21,4,Pending
ADM07072,Admissions,Application Issue,Low,Phone,4.22,5,0,34.56,3,Resolved
ADM07073,IT,Password Reset,High,Helpdesk,3.58,2,0,8.43,3,Resolved
ADM07074,Registrar,Course Registration,Medium,Portal,8.83,3,1,39.59,4,Escalated
ADM07075,Admissions,Accommodation Request,High,Portal,2.23,3,0,29.49,3,Resolved
ADM07076,Registrar,Portal Access,High,Phone,2.86,3,1,21.47,4,Resolved
ADM07077,IT,Exam or Assessment Issue,Medium,Email,2.53,4,0,25.28,2,Resolved
ADM07078,IT,Payment Issue,Low,Portal,11.7,7,0,51.63,2,Resolved
ADM07079,IT,Portal Access,Medium,Phone,3.11,5,0,13.67,5,Resolved
ADM07080,Library,Application Issue,Medium,Phone,2.52,5,1,33.76,2,Escalated
ADM07081,Finance,Fee Statement,High,Portal,1.27,3,0,22.27,4,Resolved
ADM07082,Library,Password Reset,Low,Email,21.42,4,0,30.09,3,Resolved
ADM07083,Admissions,Fee Statement,Low,Email,23.64,5,0,44.39,4,Resolved
ADM07084,Admissions,Transcript Request,High,Portal,4.46,1,0,23.44,3,Resolved
ADM07085,IT,Payment Issue,Medium,Portal,9.76,2,1,49.04,3,Resolved
ADM07086,Registrar,Password Reset,Medium,Portal,7.85,2,0,13.31,5,Resolved
ADM07087,IT,Application Issue,Medium,Phone,3.28,4,0,34.69,3,Resolved
ADM07088,IT,Accommodation Request,High,Helpdesk,3.03,2,0,30.83,2,Resolved
ADM07089,Finance,Student ID Issue,Low,Helpdesk,18.63,3,0,27.85,3,Resolved
ADM07090,Registrar,Password Reset,Medium,Phone,6.11,6,0,17.13,5,Resolved
ADM07091,Registrar,Graduation Clearance,High,Portal,3.0,3,0,39.05,3,Resolved
ADM07092,Academic Affairs,Accommodation Request,Medium,Email,6.69,5,1,47.49,3,Resolved
ADM07093,IT,Accommodation Request,High,Portal,2.6,1,0,23.82,4,Pending
ADM07094,Registrar,Graduation Clearance,High,Portal,1.81,6,0,36.7,2,Resolved
ADM07095,Finance,Transcript Request,High,Helpdesk,3.37,4,0,22.59,3,Pending
ADM07096,IT,Course Registration,High,Email,0.74,3,0,16.3,4,Resolved
ADM07097,Student Affairs,Exam or Assessment Issue,High,Walk-in,1.27,2,0,30.2,2,Pending
ADM07098,Registrar,Payment Issue,High,Helpdesk,4.66,3,0,37.52,4,Resolved
ADM07099,Finance,Payment Issue,High,Walk-in,2.7,4,0,44.74,2,Resolved
ADM07100,Student Affairs,Transcript Request,Medium,Walk-in,8.57,3,0,26.18,4,Resolved
ADM07101,Registrar,Fee Statement,Low,Email,18.53,4,0,38.34,4,Resolved
ADM07102,Registrar,Fee Statement,Medium,Email,4.57,6,0,29.29,2,Resolved
ADM07103,Academic Affairs,Application Issue,Medium,Email,8.43,4,0,34.24,2,Resolved
ADM07104,IT,Course Registration,Medium,Walk-in,2.73,2,0,15.01,4,Resolved
ADM07105,Finance,Accommodation Request,Medium,Email,9.0,3,0,42.43,2,Resolved
ADM07106,Registrar,Library Issue,Critical,Email,1.43,4,0,9.9,4,Resolved
ADM07107,Registrar,Library Issue,Critical,Portal,1.87,6,0,15.41,5,Resolved
ADM07108,Finance,Fee Statement,High,Portal,4.53,7,0,26.54,2,Resolved
ADM07109,Student Affairs,Transcript Request,Critical,Portal,0.88,4,0,20.73,4,Resolved
ADM07110,Admissions,Course Registration,Critical,Helpdesk,1.74,5,0,22.13,4,Resolved
ADM07111,IT,Graduation Clearance,High,Email,3.03,4,0,33.87,3,Resolved
ADM07112,Academic Affairs,Portal Access,Low,Portal,7.14,5,0,17.83,4,Pending
ADM07113,Admissions,Student ID Issue,Medium,Portal,8.64,2,0,14.84,5,Resolved
ADM07114,Registrar,Course Registration,Medium,Email,9.26,5,0,28.52,4,Resolved
ADM07115,Admissions,Exam or Assessment Issue,Low,Portal,5.69,1,0,30.99,4,Resolved
ADM07116,Student Affairs,Application Issue,High,Phone,4.69,1,0,25.88,4,Resolved
ADM07117,Library,Accommodation Request,Low,Phone,16.03,5,0,51.42,3,Resolved
ADM07118,Registrar,Exam or Assessment Issue,Medium,Email,2.21,1,0,22.1,4,Resolved
ADM07119,IT,Accommodation Request,Low,Walk-in,14.84,5,0,49.87,1,Resolved
ADM07120,IT,Graduation Clearance,Medium,Helpdesk,8.37,2,1,44.3,3,Escalated
ADM07121,Student Affairs,Payment Issue,Medium,Email,6.27,1,0,39.58,2,Resolved
ADM07122,Registrar,Password Reset,High,Portal,3.68,4,1,17.76,5,Escalated
ADM07123,Admissions,Exam or Assessment Issue,Medium,Portal,9.04,6,0,33.25,2,Resolved
ADM07124,Student Affairs,Password Reset,Medium,Email,8.96,3,0,15.91,3,Resolved
ADM07125,Admissions,Payment Issue,High,Portal,1.3,7,0,41.7,4,Resolved
ADM07126,Admissions,Application Issue,High,Email,2.42,2,1,26.71,3,Resolved
ADM07127,Registrar,Exam or Assessment Issue,Medium,Helpdesk,2.89,6,1,41.75,2,Resolved
ADM07128,Finance,Accommodation Request,Low,Portal,15.9,1,0,40.98,4,Resolved
ADM07129,Finance,Password Reset,Low,Helpdesk,23.09,2,0,30.0,2,Resolved
ADM07130,Academic Affairs,Password Reset,High,Email,1.32,6,0,15.66,4,Resolved
ADM07131,Finance,Student ID Issue,Medium,Email,5.23,4,0,16.22,4,Resolved
ADM07132,Admissions,Password Reset,Low,Portal,23.08,4,0,31.49,4,Resolved
ADM07133,IT,Accommodation Request,Low,Helpdesk,19.0,3,0,49.65,3,Resolved
ADM07134,Registrar,Application Issue,High,Portal,0.82,1,0,24.44,3,Resolved
ADM07135,Admissions,Portal Access,Medium,Phone,5.43,3,1,25.4,3,Escalated
ADM07136,Library,Fee Statement,Medium,Portal,9.9,4,0,37.69,4,Resolved
ADM07137,Student Affairs,Course Registration,Medium,Email,5.63,5,1,38.38,2,Escalated
ADM07138,IT,Exam or Assessment Issue,Low,Phone,16.59,6,0,47.72,4,Resolved
ADM07139,IT,Graduation Clearance,Medium,Phone,7.61,7,0,43.58,4,Resolved
ADM07140,Registrar,Transcript Request,Medium,Email,7.31,4,1,38.82,3,Resolved
ADM07141,Academic Affairs,Library Issue,Medium,Email,6.15,2,0,21.09,5,Resolved
ADM07142,Registrar,Course Registration,High,Portal,1.1,2,0,13.3,4,Resolved
ADM07143,Library,Student ID Issue,Medium,Portal,7.67,5,0,25.11,2,Resolved
ADM07144,Finance,Password Reset,High,Walk-in,4.7,3,0,10.03,4,Pending
ADM07145,Academic Affairs,Application Issue,Medium,Portal,9.53,3,1,37.12,3,Escalated
ADM07146,IT,Portal Access,Medium,Phone,6.75,3,0,13.28,3,Resolved
ADM07147,Library,Library Issue,Medium,Phone,5.94,4,0,15.94,4,Resolved
ADM07148,Registrar,Payment Issue,High,Phone,2.0,7,1,49.24,2,Resolved
ADM07149,Admissions,Portal Access,Medium,Portal,2.83,6,1,33.25,4,Resolved
ADM07150,IT,Exam or Assessment Issue,Medium,Walk-in,9.06,2,0,32.51,4,Resolved
ADM07151,Library,Fee Statement,High,Phone,1.12,7,0,30.14,4,Resolved
ADM07152,Registrar,Password Reset,Critical,Walk-in,0.72,5,0,11.17,3,Pending
ADM07153,Academic Affairs,Transcript Request,Low,Phone,18.81,3,0,37.62,4,Resolved
ADM07154,Student Affairs,Graduation Clearance,Low,Email,18.1,4,0,47.76,4,Resolved
ADM07155,Finance,Library Issue,Low,Portal,17.62,4,0,28.44,4,Resolved
ADM07156,Student Affairs,Password Reset,High,Portal,3.84,4,0,9.45,5,Pending
ADM07157,Admissions,Graduation Clearance,Low,Email,14.84,4,0,46.5,3,Resolved
ADM07158,Admissions,Graduation Clearance,Medium,Phone,3.24,2,1,45.2,4,Escalated
ADM07159,Finance,Library Issue,Medium,Portal,9.99,4,1,33.78,2,Escalated
ADM07160,IT,Transcript Request,Medium,Portal,9.14,3,0,27.5,2,Resolved
ADM07161,IT,Fee Statement,Low,Portal,12.62,5,1,48.22,3,Escalated
ADM07162,Admissions,Graduation Clearance,Medium,Portal,6.24,5,0,38.34,3,Resolved
ADM07163,IT,Payment Issue,Low,Email,11.87,3,0,42.66,2,Resolved
ADM07164,IT,Graduation Clearance,Low,Email,16.76,2,0,48.32,3,Resolved
ADM07165,IT,Accommodation Request,Medium,Phone,7.85,7,1,50.33,1,Resolved
ADM07166,Registrar,Graduation Clearance,High,Email,1.54,5,0,38.07,3,Resolved
ADM07167,Student Affairs,Graduation Clearance,Low,Email,12.66,6,0,54.29,1,Resolved
ADM07168,Admissions,Application Issue,Medium,Portal,7.12,3,0,35.36,4,Resolved
ADM07169,Finance,Portal Access,Medium,Email,9.9,2,0,17.35,3,Resolved
ADM07170,Finance,Course Registration,High,Email,1.96,4,1,30.32,4,Resolved
ADM07171,Admissions,Payment Issue,High,Portal,3.85,3,0,41.59,3,Resolved
ADM07172,Student Affairs,Payment Issue,High,Email,2.06,6,1,55.63,3,Escalated
ADM07173,Finance,Student ID Issue,Medium,Email,2.74,4,0,15.67,3,Resolved
ADM07174,Library,Library Issue,Medium,Walk-in,8.16,5,0,29.66,4,Resolved
ADM07175,Registrar,Library Issue,High,Portal,3.42,5,0,21.29,4,Resolved
ADM07176,Admissions,Student ID Issue,Low,Portal,14.29,1,0,22.47,5,Resolved
ADM07177,Academic Affairs,Portal Access,Medium,Email,7.4,2,0,11.11,5,Resolved
ADM07178,Library,Library Issue,High,Helpdesk,4.46,3,0,20.17,3,Resolved
ADM07179,Registrar,Accommodation Request,Medium,Phone,8.05,4,0,36.57,3,Resolved
ADM07180,Admissions,Application Issue,Medium,Portal,8.86,4,0,35.64,4,Resolved
ADM07181,Finance,Course Registration,High,Email,1.81,2,0,10.18,3,Resolved
ADM07182,Admissions,Course Registration,Low,Email,20.01,4,0,35.1,3,Resolved
ADM07183,Library,Transcript Request,Medium,Walk-in,4.88,4,0,29.25,4,Resolved
ADM07184,Library,Transcript Request,Medium,Portal,2.17,1,0,14.14,4,Resolved
ADM07185,Finance,Application Issue,Low,Email,4.86,4,0,33.45,3,Resolved
ADM07186,Academic Affairs,Password Reset,Low,Helpdesk,18.61,5,1,34.87,4,Resolved
ADM07187,IT,Password Reset,Medium,Portal,4.18,6,1,21.01,3,Resolved
ADM07188,Finance,Payment Issue,Low,Portal,10.15,5,1,56.77,1,Resolved
ADM07189,Admissions,Payment Issue,Medium,Helpdesk,6.98,3,0,35.83,2,Resolved
ADM07190,IT,Exam or Assessment Issue,Medium,Walk-in,7.93,6,0,35.81,4,Resolved
ADM07191,IT,Student ID Issue,Low,Phone,15.18,5,0,30.64,3,Resolved
ADM07192,Admissions,Fee Statement,Medium,Helpdesk,7.65,2,1,42.11,2,Resolved
ADM07193,Admissions,Exam or Assessment Issue,Low,Helpdesk,22.82,3,1,58.38,1,Escalated
ADM07194,Registrar,Transcript Request,Medium,Helpdesk,8.83,4,0,33.37,3,Resolved
ADM07195,Student Affairs,Fee Statement,Medium,Portal,3.93,3,0,24.02,4,Resolved
ADM07196,Admissions,Library Issue,High,Portal,4.58,3,1,25.11,4,Resolved
ADM07197,Registrar,Course Registration,Medium,Email,4.38,5,0,20.0,5,Resolved
ADM07198,Library,Payment Issue,Medium,Walk-in,7.28,2,1,46.41,4,Escalated
ADM07199,Academic Affairs,Password Reset,High,Email,4.44,4,0,13.32,3,Resolved
ADM07200,Academic Affairs,Application Issue,Medium,Portal,6.99,2,0,26.83,2,Resolved
ADM07201,Finance,Transcript Request,Medium,Email,8.45,4,1,39.45,3,Resolved
ADM07202,Registrar,Course Registration,High,Portal,4.67,4,0,20.12,4,Resolved
ADM07203,Admissions,Portal Access,Medium,Phone,9.74,4,0,23.35,4,Pending
ADM07204,Registrar,Application Issue,Critical,Email,0.94,7,0,30.2,2,Pending
ADM07205,Academic Affairs,Fee Statement,High,Phone,4.97,3,0,28.41,4,Resolved
ADM07206,Registrar,Exam or Assessment Issue,Medium,Portal,4.17,6,0,30.79,2,Resolved
ADM07207,Finance,Exam or Assessment Issue,High,Portal,2.58,3,0,30.15,4,Resolved
ADM07208,Admissions,Exam or Assessment Issue,High,Helpdesk,3.92,3,0,28.54,4,Resolved
ADM07209,Finance,Accommodation Request,High,Portal,4.87,4,0,35.61,3,Resolved
ADM07210,Library,Fee Statement,High,Email,0.74,7,0,28.96,3,Resolved
ADM07211,Admissions,Transcript Request,High,Helpdesk,4.76,9,0,33.12,4,Resolved
ADM07212,Registrar,Application Issue,Low,Portal,23.97,4,1,62.68,1,Resolved
ADM07213,Finance,Accommodation Request,Medium,Phone,9.28,3,1,46.96,2,Resolved
ADM07214,Admissions,Library Issue,Medium,Phone,2.87,8,0,27.26,3,Resolved
ADM07215,Registrar,Portal Access,Medium,Portal,8.73,4,0,17.92,4,Resolved
ADM07216,IT,Fee Statement,Critical,Portal,1.35,6,1,36.87,4,Resolved
ADM07217,IT,Portal Access,Low,Email,4.19,4,0,17.38,5,Resolved
ADM07218,IT,Application Issue,High,Portal,4.93,4,1,37.97,4,Escalated
ADM07219,Academic Affairs,Course Registration,Low,Portal,7.01,2,1,32.52,3,Resolved
ADM07220,Academic Affairs,Application Issue,Low,Portal,11.94,6,0,45.36,4,Resolved
ADM07221,Academic Affairs,Password Reset,Medium,Phone,2.24,4,0,7.43,4,Resolved
ADM07222,Finance,Accommodation Request,Low,Phone,10.19,3,0,33.55,4,Resolved
ADM07223,Registrar,Graduation Clearance,Critical,Walk-in,1.22,5,0,41.1,2,Pending
ADM07224,Finance,Course Registration,Medium,Email,9.45,2,0,28.61,4,Resolved
ADM07225,Student Affairs,Fee Statement,Low,Email,23.81,5,0,49.32,2,Resolved
ADM07226,Academic Affairs,Library Issue,Low,Email,12.47,2,0,19.45,5,Resolved
ADM07227,Student Affairs,Portal Access,Medium,Helpdesk,5.43,2,0,17.14,3,Pending
ADM07228,Registrar,Application Issue,Low,Walk-in,7.21,3,0,32.98,4,Resolved
ADM07229,Academic Affairs,Student ID Issue,Medium,Helpdesk,5.99,3,1,28.67,3,Resolved
ADM07230,Admissions,Transcript Request,Medium,Email,9.52,6,0,33.36,3,Resolved
ADM07231,Registrar,Fee Statement,Low,Portal,7.31,2,0,32.01,4,Resolved
ADM07232,Admissions,Graduation Clearance,Medium,Portal,4.13,5,0,42.39,3,Resolved
ADM07233,Registrar,Transcript Request,High,Portal,4.51,5,0,30.4,2,Resolved
ADM07234,Admissions,Course Registration,Medium,Phone,7.01,7,0,30.36,3,Resolved
ADM07235,Finance,Password Reset,Medium,Portal,4.64,5,0,13.27,4,Resolved
ADM07236,Admissions,Fee Statement,High,Phone,4.16,7,1,42.4,4,Resolved
ADM07237,IT,Password Reset,High,Walk-in,0.99,3,0,6.95,5,Resolved
ADM07238,Student Affairs,Graduation Clearance,High,Email,4.36,3,0,33.95,3,Pending
ADM07239,IT,Password Reset,High,Helpdesk,2.83,3,1,16.17,3,Resolved
ADM07240,Admissions,Library Issue,Medium,Portal,8.06,3,0,14.13,3,Resolved
ADM07241,Student Affairs,Course Registration,Low,Phone,14.37,4,1,35.36,4,Resolved
ADM07242,Student Affairs,Application Issue,Medium,Phone,3.97,3,0,31.43,4,Resolved
ADM07243,Registrar,Student ID Issue,High,Portal,3.38,7,1,30.26,4,Resolved
ADM07244,Admissions,Accommodation Request,Low,Portal,7.1,3,0,37.68,2,Pending
ADM07245,Finance,Graduation Clearance,Medium,Phone,3.84,4,1,44.82,2,Resolved
ADM07246,Registrar,Exam or Assessment Issue,High,Email,2.97,3,0,29.22,2,Resolved
ADM07247,IT,Password Reset,Medium,Helpdesk,5.12,4,0,12.49,4,Resolved
ADM07248,Student Affairs,Course Registration,Medium,Email,7.96,7,1,42.4,3,Escalated
ADM07249,Registrar,Library Issue,Medium,Email,6.67,4,0,18.71,4,Resolved
ADM07250,Student Affairs,Fee Statement,Low,Helpdesk,11.63,5,0,38.89,2,Resolved
ADM07251,Student Affairs,Payment Issue,Medium,Email,4.61,3,0,39.9,3,Resolved
ADM07252,Academic Affairs,Payment Issue,Low,Email,22.26,4,0,59.79,3,Resolved
ADM07253,Finance,Student ID Issue,High,Walk-in,0.68,3,0,14.44,3,Resolved
ADM07254,Student Affairs,Graduation Clearance,High,Email,3.61,3,0,33.75,3,Resolved
ADM07255,Finance,Library Issue,Medium,Email,5.14,2,0,13.14,5,Resolved
ADM07256,IT,Course Registration,High,Email,2.2,5,0,19.64,5,Resolved
ADM07257,Registrar,Library Issue,Medium,Helpdesk,7.22,5,0,20.97,3,Resolved
ADM07258,Registrar,Accommodation Request,Low,Email,21.01,3,0,54.7,2,Resolved
ADM07259,IT,Accommodation Request,Low,Phone,18.49,2,0,38.59,2,Resolved
ADM07260,Admissions,Application Issue,Medium,Portal,7.36,4,0,34.29,4,Resolved
ADM07261,Finance,Payment Issue,High,Email,2.73,3,0,37.69,4,Resolved
ADM07262,Registrar,Payment Issue,Critical,Email,1.04,4,0,38.18,4,Resolved
ADM07263,IT,Accommodation Request,Medium,Helpdesk,5.69,5,0,33.95,4,Resolved
ADM07264,Registrar,Library Issue,Medium,Portal,3.16,3,1,27.92,4,Escalated
ADM07265,Library,Student ID Issue,Medium,Email,6.48,5,1,35.78,3,Resolved
ADM07266,Registrar,Student ID Issue,Medium,Email,4.52,7,1,29.33,3,Resolved
ADM07267,Registrar,Graduation Clearance,Medium,Portal,6.95,5,0,34.92,4,Pending
ADM07268,Finance,Password Reset,High,Portal,2.9,4,0,6.83,5,Resolved
ADM07269,Admissions,Graduation Clearance,High,Email,4.73,6,0,37.97,3,Resolved
ADM07270,Finance,Fee Statement,Medium,Email,5.48,2,1,35.58,2,Resolved
ADM07271,Finance,Payment Issue,Medium,Walk-in,7.32,2,0,37.76,3,Resolved
ADM07272,Academic Affairs,Accommodation Request,Critical,Portal,1.27,5,0,29.48,2,Resolved
ADM07273,IT,Library Issue,High,Email,3.58,5,0,19.12,3,Resolved
ADM07274,Registrar,Graduation Clearance,Medium,Email,4.14,4,0,39.79,2,Resolved
ADM07275,Admissions,Graduation Clearance,Medium,Portal,4.06,5,1,47.33,2,Escalated
ADM07276,Student Affairs,Course Registration,High,Email,3.02,3,0,21.91,4,Resolved
ADM07277,Finance,Fee Statement,Medium,Email,8.79,4,0,37.85,2,Resolved
ADM07278,Registrar,Graduation Clearance,Medium,Phone,7.76,5,0,39.23,4,Resolved
ADM07279,Library,Student ID Issue,Medium,Portal,5.91,5,0,17.46,4,Resolved
ADM07280,IT,Transcript Request,High,Portal,1.65,4,0,18.44,3,Resolved
ADM07281,IT,Transcript Request,Medium,Portal,8.07,4,0,32.75,4,Resolved
ADM07282,Registrar,Library Issue,Medium,Walk-in,9.41,4,0,23.15,4,Resolved
ADM07283,Registrar,Portal Access,High,Email,1.46,3,0,11.56,4,Resolved
ADM07284,IT,Graduation Clearance,High,Email,4.1,2,1,45.84,4,Escalated
ADM07285,Registrar,Graduation Clearance,High,Email,1.28,6,0,38.19,2,Resolved
ADM07286,Admissions,Graduation Clearance,Low,Helpdesk,22.02,1,1,63.07,3,Resolved
ADM07287,Admissions,Portal Access,Medium,Portal,7.14,7,0,26.23,2,Resolved
ADM07288,Finance,Payment Issue,Medium,Email,3.45,6,0,36.39,2,Resolved
ADM07289,Academic Affairs,Course Registration,Medium,Email,2.29,7,0,26.6,4,Resolved
ADM07290,Student Affairs,Exam or Assessment Issue,High,Phone,3.63,3,0,28.69,2,Resolved
ADM07291,IT,Password Reset,High,Email,3.23,4,1,25.03,2,Resolved
ADM07292,Registrar,Library Issue,Medium,Phone,6.89,2,0,18.14,4,Resolved
ADM07293,Registrar,Transcript Request,Low,Helpdesk,13.65,4,0,37.9,2,Resolved
ADM07294,Admissions,Transcript Request,Low,Email,16.29,3,1,47.37,2,Resolved
ADM07295,Registrar,Course Registration,Medium,Email,8.99,4,0,26.51,4,Resolved
ADM07296,Academic Affairs,Payment Issue,Low,Email,23.04,4,0,58.96,2,Resolved
ADM07297,Registrar,Portal Access,Medium,Email,4.76,6,0,17.66,3,Resolved
ADM07298,Admissions,Application Issue,Medium,Phone,5.9,2,0,35.06,4,Resolved
ADM07299,Finance,Payment Issue,High,Email,1.73,3,0,31.72,2,Resolved
ADM07300,IT,Payment Issue,Low,Portal,12.23,4,0,50.94,2,Resolved
ADM07301,Registrar,Student ID Issue,Medium,Portal,8.37,3,0,16.48,5,Resolved
ADM07302,Admissions,Password Reset,High,Helpdesk,2.41,6,0,13.42,4,Pending
ADM07303,Finance,Password Reset,Medium,Portal,5.13,4,0,10.57,3,Resolved
ADM07304,Student Affairs,Transcript Request,Low,Email,21.0,3,0,40.45,3,Resolved
ADM07305,Registrar,Password Reset,Low,Email,4.03,4,0,7.06,5,Resolved
ADM07306,Academic Affairs,Transcript Request,High,Phone,4.33,5,0,28.72,4,Pending
ADM07307,Student Affairs,Payment Issue,High,Email,1.32,4,0,34.63,2,Resolved
ADM07308,Finance,Course Registration,High,Email,1.74,3,0,19.47,5,Resolved
ADM07309,Library,Application Issue,Low,Helpdesk,11.23,4,0,36.44,4,Resolved
ADM07310,Registrar,Course Registration,High,Email,4.46,7,0,33.5,2,Resolved
ADM07311,Academic Affairs,Payment Issue,High,Email,4.59,4,0,44.1,2,Resolved
ADM07312,Admissions,Accommodation Request,Medium,Walk-in,7.29,4,0,36.0,3,Resolved
ADM07313,Finance,Graduation Clearance,Critical,Email,0.99,2,0,29.27,2,Resolved
ADM07314,Finance,Library Issue,Medium,Email,6.13,4,1,31.13,3,Resolved
ADM07315,Registrar,Portal Access,High,Email,3.11,1,1,25.82,2,Escalated
ADM07316,Academic Affairs,Library Issue,High,Phone,4.79,2,0,19.34,4,Resolved
ADM07317,Registrar,Application Issue,Medium,Helpdesk,9.75,4,0,37.26,3,Resolved
ADM07318,IT,Password Reset,Medium,Portal,8.78,4,0,19.72,4,Resolved
ADM07319,Admissions,Library Issue,Medium,Email,6.67,2,0,18.47,3,Resolved
ADM07320,Academic Affairs,Password Reset,High,Email,2.26,3,0,12.18,4,Resolved
ADM07321,Finance,Payment Issue,Medium,Portal,3.84,2,1,48.03,3,Resolved
ADM07322,Admissions,Application Issue,High,Phone,2.91,8,0,33.16,4,Resolved
ADM07323,Admissions,Student ID Issue,Low,Phone,10.91,3,0,17.18,5,Resolved
ADM07324,IT,Portal Access,High,Portal,0.83,2,0,11.62,4,Resolved
ADM07325,Registrar,Graduation Clearance,Medium,Helpdesk,5.81,3,0,38.52,2,Resolved
ADM07326,Registrar,Exam or Assessment Issue,Medium,Email,6.57,5,0,36.24,3,Resolved
ADM07327,Registrar,Portal Access,High,Email,3.25,1,0,8.39,4,Resolved
ADM07328,Library,Accommodation Request,Low,Helpdesk,5.48,2,0,37.69,2,Resolved
ADM07329,Registrar,Student ID Issue,Medium,Email,5.86,5,0,16.22,4,Resolved
ADM07330,IT,Transcript Request,Medium,Portal,7.25,2,0,23.04,4,Resolved
ADM07331,Registrar,Portal Access,Medium,Portal,9.69,1,1,26.6,4,Resolved
ADM07332,Student Affairs,Fee Statement,Medium,Portal,2.2,6,0,32.28,4,Resolved
ADM07333,Academic Affairs,Transcript Request,High,Email,3.54,3,0,19.55,3,Pending
ADM07334,Admissions,Portal Access,High,Helpdesk,0.78,5,0,13.92,4,Resolved
ADM07335,Finance,Payment Issue,Medium,Email,3.27,6,0,43.09,4,Resolved
ADM07336,Finance,Application Issue,Medium,Portal,3.39,4,0,29.48,4,Resolved
ADM07337,Registrar,Application Issue,Medium,Email,4.63,2,0,33.4,4,Resolved
ADM07338,Finance,Fee Statement,High,Walk-in,4.24,5,0,23.79,3,Resolved
ADM07339,IT,Graduation Clearance,Medium,Email,8.85,6,0,42.01,4,Resolved
ADM07340,Admissions,Payment Issue,Low,Walk-in,11.5,4,0,51.31,2,Resolved
ADM07341,Academic Affairs,Fee Statement,Low,Email,12.63,5,0,37.92,3,Resolved
ADM07342,Finance,Password Reset,Medium,Portal,3.74,4,0,16.49,4,Resolved
ADM07343,IT,Course Registration,High,Phone,2.45,6,0,29.74,4,Resolved
ADM07344,Admissions,Portal Access,Low,Email,9.5,3,0,20.2,3,Resolved
ADM07345,Admissions,Payment Issue,Medium,Portal,3.4,2,0,36.02,3,Resolved
ADM07346,Finance,Course Registration,Low,Phone,7.17,4,0,29.33,2,Resolved
ADM07347,Admissions,Course Registration,Critical,Email,1.6,2,0,18.62,5,Resolved
ADM07348,Admissions,Application Issue,High,Helpdesk,1.03,4,0,22.7,3,Resolved
ADM07349,IT,Application Issue,Medium,Email,6.93,2,0,32.18,4,Resolved
ADM07350,Academic Affairs,Student ID Issue,Medium,Phone,3.34,4,0,24.36,2,Resolved
ADM07351,Finance,Password Reset,High,Walk-in,4.27,4,1,23.62,3,Resolved
ADM07352,Registrar,Graduation Clearance,Low,Portal,9.49,6,0,45.92,4,Resolved
ADM07353,Admissions,Payment Issue,Critical,Email,0.28,3,0,33.28,2,Resolved
ADM07354,Admissions,Accommodation Request,Medium,Email,5.62,4,0,34.6,3,Resolved
ADM07355,Registrar,Payment Issue,Low,Helpdesk,24.0,3,0,57.74,1,Resolved
ADM07356,Library,Password Reset,High,Phone,4.16,7,0,16.14,5,Resolved
ADM07357,Academic Affairs,Application Issue,Medium,Portal,6.56,2,0,28.62,2,Resolved
ADM07358,Academic Affairs,Application Issue,Critical,Email,0.54,3,0,28.35,3,Resolved
ADM07359,Registrar,Portal Access,High,Email,1.03,4,0,12.36,3,Resolved
ADM07360,Student Affairs,Library Issue,Medium,Phone,8.71,6,1,38.91,2,Escalated
ADM07361,IT,Application Issue,High,Helpdesk,4.04,3,0,25.69,2,Resolved
ADM07362,Admissions,Fee Statement,High,Email,2.58,2,0,23.4,5,Pending
ADM07363,Admissions,Portal Access,Medium,Walk-in,5.37,6,0,18.56,5,Resolved
ADM07364,Student Affairs,Graduation Clearance,Medium,Email,7.99,8,0,46.42,4,Resolved
ADM07365,Admissions,Transcript Request,Medium,Walk-in,6.29,8,0,32.5,4,Resolved
ADM07366,Finance,Graduation Clearance,Medium,Portal,5.23,4,0,35.09,3,Resolved
ADM07367,Admissions,Graduation Clearance,High,Phone,1.63,4,1,42.77,2,Escalated
ADM07368,IT,Library Issue,Medium,Helpdesk,2.98,3,1,27.53,3,Resolved
ADM07369,Registrar,Library Issue,Medium,Phone,6.76,2,0,19.82,5,Resolved
ADM07370,Student Affairs,Fee Statement,High,Helpdesk,4.22,2,0,21.36,4,Resolved
ADM07371,IT,Graduation Clearance,Low,Email,18.92,3,0,50.53,3,Resolved
ADM07372,IT,Library Issue,Medium,Helpdesk,7.57,3,0,17.15,3,Resolved
ADM07373,Registrar,Accommodation Request,High,Helpdesk,4.68,4,0,32.23,4,Resolved
ADM07374,IT,Application Issue,Medium,Email,5.16,4,1,34.6,3,Escalated
ADM07375,Registrar,Application Issue,Medium,Portal,3.1,3,0,24.15,4,Resolved
ADM07376,Registrar,Portal Access,Medium,Helpdesk,2.82,7,0,14.55,4,Resolved
ADM07377,Admissions,Password Reset,High,Email,4.8,5,0,14.98,5,Resolved
ADM07378,Admissions,Fee Statement,Medium,Portal,6.71,4,0,31.42,4,Resolved
ADM07379,IT,Application Issue,Low,Phone,20.22,3,0,44.42,3,Resolved
ADM07380,Registrar,Course Registration,Low,Email,14.71,4,0,35.21,4,Resolved
ADM07381,Admissions,Exam or Assessment Issue,High,Walk-in,2.29,2,0,29.85,4,Resolved
ADM07382,Registrar,Student ID Issue,Medium,Portal,3.6,2,0,13.94,4,Resolved
ADM07383,Academic Affairs,Application Issue,High,Email,4.35,5,0,32.69,3,Resolved
ADM07384,IT,Payment Issue,Medium,Portal,2.51,3,0,32.87,4,Resolved
ADM07385,IT,Course Registration,Medium,Portal,9.2,5,0,30.79,3,Resolved
ADM07386,Finance,Password Reset,High,Helpdesk,1.42,4,1,21.53,4,Resolved
ADM07387,Registrar,Course Registration,Low,Phone,4.19,5,0,24.1,3,Resolved
ADM07388,Academic Affairs,Library Issue,Low,Portal,6.08,6,0,25.93,4,Pending
ADM07389,Finance,Student ID Issue,Medium,Phone,9.07,3,0,17.19,4,Pending
ADM07390,Admissions,Graduation Clearance,Low,Walk-in,5.47,3,1,48.31,3,Resolved
ADM07391,IT,Transcript Request,Medium,Helpdesk,4.84,1,0,20.99,3,Resolved
ADM07392,Registrar,Student ID Issue,Critical,Phone,0.65,6,0,20.4,5,Resolved
ADM07393,Student Affairs,Graduation Clearance,High,Portal,0.67,5,0,35.09,2,Resolved
ADM07394,Admissions,Application Issue,Medium,Portal,6.25,7,0,35.91,2,Resolved
ADM07395,Finance,Portal Access,High,Helpdesk,4.99,2,0,12.55,3,Resolved
ADM07396,Registrar,Accommodation Request,Low,Walk-in,21.06,3,0,52.39,3,Resolved
ADM07397,Registrar,Password Reset,Medium,Email,3.35,4,0,7.26,4,Resolved
ADM07398,Student Affairs,Portal Access,Medium,Phone,9.07,4,1,30.94,2,Resolved
ADM07399,IT,Application Issue,Medium,Portal,5.61,2,1,34.99,4,Resolved
ADM07400,Finance,Portal Access,Low,Email,9.47,4,0,20.0,4,Resolved
ADM07401,Registrar,Exam or Assessment Issue,High,Portal,3.38,3,0,25.35,3,Pending
ADM07402,IT,Payment Issue,High,Email,1.48,2,0,33.03,4,Pending
ADM07403,IT,Course Registration,High,Phone,4.46,5,0,25.29,2,Resolved
ADM07404,Admissions,Graduation Clearance,Low,Email,16.48,5,0,50.5,2,Resolved
ADM07405,Finance,Accommodation Request,Medium,Email,3.09,3,1,44.86,4,Resolved
ADM07406,Registrar,Exam or Assessment Issue,High,Email,3.07,3,0,31.34,2,Resolved
ADM07407,IT,Application Issue,Medium,Portal,6.08,1,0,26.48,2,Resolved
ADM07408,Academic Affairs,Library Issue,Medium,Email,5.77,6,0,26.13,3,Resolved
ADM07409,Registrar,Password Reset,High,Helpdesk,2.14,3,0,11.09,4,Resolved
ADM07410,IT,Library Issue,Medium,Email,5.79,2,0,19.47,3,Resolved
ADM07411,Admissions,Course Registration,Medium,Walk-in,6.69,3,0,25.62,4,Resolved
ADM07412,Admissions,Accommodation Request,Medium,Portal,7.87,3,0,33.11,4,Resolved
ADM07413,Finance,Course Registration,Medium,Helpdesk,9.34,6,0,30.97,2,Resolved
ADM07414,Student Affairs,Fee Statement,High,Email,0.7,6,0,29.14,3,Resolved
ADM07415,Admissions,Library Issue,Medium,Email,6.55,2,1,31.18,4,Resolved
ADM07416,Admissions,Graduation Clearance,Medium,Phone,8.02,3,0,37.42,4,Resolved
ADM07417,Finance,Exam or Assessment Issue,Medium,Phone,2.92,2,0,31.84,3,Resolved
ADM07418,Registrar,Course Registration,Low,Portal,22.23,3,0,39.77,3,Resolved
ADM07419,Registrar,Course Registration,Medium,Email,3.96,3,0,18.21,4,Resolved
ADM07420,IT,Portal Access,Medium,Portal,8.67,5,0,18.65,5,Resolved
ADM07421,Registrar,Application Issue,High,Email,3.48,3,0,33.9,2,Resolved
ADM07422,IT,Exam or Assessment Issue,Medium,Portal,6.48,1,0,26.82,4,Resolved
ADM07423,Finance,Portal Access,Medium,Portal,8.95,1,1,23.66,5,Escalated
ADM07424,Admissions,Fee Statement,Medium,Phone,9.75,3,0,30.91,2,Resolved
ADM07425,Admissions,Student ID Issue,Medium,Helpdesk,9.98,4,0,23.46,3,Resolved
ADM07426,Finance,Graduation Clearance,Medium,Email,7.47,2,1,46.64,4,Resolved
ADM07427,Registrar,Student ID Issue,High,Phone,2.03,6,0,19.72,3,Resolved
ADM07428,Finance,Portal Access,Medium,Email,9.0,3,0,21.88,3,Resolved
ADM07429,IT,Transcript Request,High,Email,3.44,5,0,18.91,5,Resolved
ADM07430,IT,Library Issue,Low,Phone,10.47,5,1,31.03,3,Resolved
ADM07431,Finance,Graduation Clearance,Low,Walk-in,22.65,4,0,60.67,2,Resolved
ADM07432,Admissions,Portal Access,High,Helpdesk,3.86,3,0,12.58,4,Resolved
ADM07433,Registrar,Payment Issue,Medium,Walk-in,5.62,6,1,59.08,3,Escalated
ADM07434,Registrar,Payment Issue,Medium,Email,5.64,4,1,53.38,3,Resolved
ADM07435,Registrar,Exam or Assessment Issue,Medium,Email,9.97,4,0,37.49,2,Resolved
ADM07436,Student Affairs,Password Reset,Low,Walk-in,11.47,4,0,14.35,5,Resolved
ADM07437,Registrar,Fee Statement,Medium,Portal,2.75,6,0,25.38,2,Resolved
ADM07438,Finance,Exam or Assessment Issue,High,Email,2.92,3,0,32.5,3,Resolved
ADM07439,Finance,Fee Statement,Low,Portal,21.7,4,1,59.41,2,Resolved
ADM07440,Registrar,Portal Access,High,Helpdesk,3.13,2,1,20.34,3,Resolved
ADM07441,IT,Accommodation Request,Medium,Walk-in,8.34,1,0,29.38,4,Pending
ADM07442,Registrar,Course Registration,Medium,Portal,2.44,2,0,22.63,5,Resolved
ADM07443,Registrar,Application Issue,Low,Helpdesk,17.47,6,0,52.63,2,Resolved
ADM07444,IT,Course Registration,Medium,Walk-in,2.63,3,0,22.69,5,Resolved
ADM07445,Finance,Course Registration,Low,Email,15.13,4,0,35.06,3,Resolved
ADM07446,IT,Fee Statement,Low,Email,13.96,5,0,41.25,3,Resolved
ADM07447,IT,Fee Statement,Critical,Portal,1.9,4,0,19.85,3,Resolved
ADM07448,Finance,Payment Issue,High,Portal,1.1,3,1,50.64,1,Resolved
ADM07449,IT,Fee Statement,High,Walk-in,0.54,4,0,30.18,3,Resolved
ADM07450,Registrar,Portal Access,Low,Helpdesk,6.75,9,0,28.33,3,Resolved
ADM07451,Admissions,Graduation Clearance,High,Email,1.27,3,0,29.1,2,Resolved
ADM07452,Admissions,Payment Issue,Medium,Walk-in,4.01,5,0,45.13,3,Pending
ADM07453,Finance,Library Issue,High,Portal,4.17,7,0,21.7,5,Resolved
ADM07454,IT,Course Registration,Low,Portal,11.54,1,0,24.93,3,Resolved
ADM07455,Student Affairs,Library Issue,Medium,Walk-in,8.73,5,0,19.81,4,Resolved
ADM07456,Academic Affairs,Exam or Assessment Issue,Critical,Portal,0.69,2,0,20.24,5,Resolved
ADM07457,IT,Course Registration,Medium,Phone,8.88,5,0,22.9,4,Resolved
ADM07458,Admissions,Exam or Assessment Issue,High,Email,0.54,3,0,25.97,3,Resolved
ADM07459,Finance,Course Registration,Medium,Portal,9.48,4,0,21.58,5,Resolved
ADM07460,Finance,Password Reset,Medium,Portal,7.97,2,1,20.28,5,Escalated
ADM07461,Admissions,Course Registration,High,Portal,2.36,2,0,17.07,4,Resolved
ADM07462,Finance,Accommodation Request,Medium,Email,6.62,4,0,36.15,4,Resolved
ADM07463,Academic Affairs,Library Issue,High,Phone,4.7,7,0,22.57,3,Resolved
ADM07464,Finance,Course Registration,Medium,Email,6.66,4,0,23.73,4,Pending
ADM07465,Finance,Transcript Request,Low,Email,8.57,4,0,28.65,3,Resolved
ADM07466,Finance,Transcript Request,Medium,Email,6.58,5,0,27.15,3,Resolved
ADM07467,Student Affairs,Transcript Request,Medium,Walk-in,8.97,4,0,29.5,2,Resolved
ADM07468,IT,Portal Access,High,Email,4.94,2,0,13.04,4,Resolved
ADM07469,IT,Payment Issue,Medium,Phone,6.67,4,0,38.74,4,Resolved
ADM07470,Finance,Library Issue,Medium,Email,3.25,1,0,16.09,3,Resolved
ADM07471,Student Affairs,Course Registration,High,Portal,3.97,3,0,18.89,3,Resolved
ADM07472,Registrar,Student ID Issue,Medium,Walk-in,9.98,3,1,25.95,2,Escalated
ADM07473,Student Affairs,Payment Issue,High,Email,2.63,2,1,46.47,2,Resolved
ADM07474,Admissions,Student ID Issue,Critical,Email,0.89,5,0,18.13,3,Resolved
ADM07475,Finance,Exam or Assessment Issue,Low,Email,15.05,3,0,36.45,3,Resolved
ADM07476,Admissions,Application Issue,Low,Phone,7.3,4,0,27.84,4,Resolved
ADM07477,IT,Accommodation Request,Low,Email,23.43,4,0,57.57,2,Resolved
ADM07478,Registrar,Application Issue,High,Portal,4.27,5,0,27.69,2,Pending
ADM07479,Student Affairs,Exam or Assessment Issue,Low,Email,6.26,2,0,27.05,2,Resolved
ADM07480,Admissions,Fee Statement,High,Portal,4.75,4,1,40.42,4,Escalated
ADM07481,Finance,Exam or Assessment Issue,Medium,Phone,9.54,4,1,42.81,2,Resolved
ADM07482,Registrar,Payment Issue,High,Email,1.92,4,1,49.32,1,Escalated
ADM07483,Admissions,Student ID Issue,High,Walk-in,3.29,3,1,25.04,4,Resolved
ADM07484,Admissions,Password Reset,Critical,Helpdesk,0.4,5,0,4.61,4,Resolved
ADM07485,Admissions,Course Registration,Medium,Email,2.67,2,0,10.78,3,Resolved
ADM07486,IT,Exam or Assessment Issue,Medium,Walk-in,6.01,5,0,31.63,2,Resolved
ADM07487,Admissions,Portal Access,Low,Portal,4.99,7,0,23.75,3,Resolved
ADM07488,Academic Affairs,Library Issue,Medium,Phone,9.0,3,0,19.71,5,Resolved
ADM07489,IT,Course Registration,Medium,Portal,9.42,7,0,29.03,3,Resolved
ADM07490,Library,Library Issue,Critical,Helpdesk,0.32,2,1,17.94,4,Resolved
ADM07491,Registrar,Password Reset,High,Portal,0.71,6,0,13.15,5,Resolved
ADM07492,Finance,Course Registration,Low,Walk-in,8.43,2,0,23.68,5,Resolved
ADM07493,Finance,Accommodation Request,High,Walk-in,4.68,2,0,29.68,2,Resolved
ADM07494,IT,Exam or Assessment Issue,Low,Email,19.38,3,0,40.91,2,Resolved
ADM07495,Student Affairs,Fee Statement,Low,Email,17.53,3,0,41.05,3,Resolved
ADM07496,Registrar,Transcript Request,High,Walk-in,3.99,6,1,35.3,4,Escalated
ADM07497,Registrar,Password Reset,Critical,Portal,0.56,4,0,9.08,3,Resolved
ADM07498,Student Affairs,Exam or Assessment Issue,Low,Helpdesk,9.13,2,0,29.16,3,Resolved
ADM07499,Registrar,Fee Statement,High,Helpdesk,1.93,5,1,41.72,4,Escalated
ADM07500,IT,Course Registration,High,Phone,3.22,4,0,19.98,5,Resolved
ADM07501,Admissions,Student ID Issue,Low,Portal,16.16,3,1,38.22,3,Resolved
ADM07502,Student Affairs,Fee Statement,Medium,Email,3.67,4,0,29.86,4,Resolved
ADM07503,Registrar,Portal Access,High,Helpdesk,2.47,4,0,5.87,5,Resolved
ADM07504,Registrar,Fee Statement,High,Email,3.61,4,0,23.75,5,Resolved
ADM07505,IT,Application Issue,Medium,Portal,4.48,5,0,32.13,4,Resolved
ADM07506,Academic Affairs,Accommodation Request,Low,Portal,5.51,5,0,29.09,4,Resolved
ADM07507,Admissions,Password Reset,Medium,Helpdesk,3.58,5,0,8.48,5,Resolved
ADM07508,Finance,Transcript Request,High,Email,1.24,2,0,22.35,3,Pending
ADM07509,IT,Course Registration,Medium,Helpdesk,7.06,4,0,26.4,2,Resolved
ADM07510,Academic Affairs,Password Reset,Low,Portal,5.37,5,0,15.64,3,Resolved
ADM07511,Student Affairs,Payment Issue,High,Email,4.48,5,0,45.38,4,Pending
ADM07512,Academic Affairs,Exam or Assessment Issue,Medium,Phone,2.68,5,0,36.27,3,Resolved
ADM07513,Registrar,Password Reset,High,Email,3.19,5,0,16.51,4,Resolved
ADM07514,Registrar,Portal Access,High,Email,4.68,3,0,12.69,4,Resolved
ADM07515,IT,Password Reset,High,Walk-in,0.78,4,0,3.35,5,Resolved
ADM07516,Student Affairs,Payment Issue,Critical,Email,0.89,6,1,46.71,3,Resolved
ADM07517,Finance,Fee Statement,Critical,Portal,0.79,5,1,34.81,2,Escalated
ADM07518,Finance,Graduation Clearance,Medium,Portal,4.75,5,0,42.12,2,Pending
ADM07519,Library,Application Issue,High,Portal,3.2,3,1,32.28,2,Escalated
ADM07520,Registrar,Fee Statement,High,Walk-in,1.68,3,0,25.91,4,Resolved
ADM07521,Finance,Fee Statement,Medium,Email,2.22,5,0,27.61,4,Resolved
ADM07522,Admissions,Payment Issue,Low,Email,23.25,3,0,56.84,3,Resolved
ADM07523,IT,Library Issue,Medium,Email,7.99,4,0,30.87,4,Resolved
ADM07524,IT,Transcript Request,Low,Portal,6.7,6,0,27.42,4,Resolved
ADM07525,Finance,Payment Issue,Medium,Portal,5.64,3,0,42.38,4,Resolved
ADM07526,IT,Exam or Assessment Issue,Low,Email,5.25,3,0,29.66,3,Resolved
ADM07527,IT,Fee Statement,High,Walk-in,0.63,4,1,37.24,2,Resolved
ADM07528,Admissions,Password Reset,Medium,Helpdesk,2.38,4,1,14.86,3,Resolved
ADM07529,IT,Transcript Request,Low,Walk-in,19.12,2,0,35.79,2,Resolved
ADM07530,Finance,Course Registration,Medium,Email,5.56,4,0,22.86,3,Pending
ADM07531,Registrar,Student ID Issue,Low,Portal,20.89,4,1,45.04,2,Escalated
ADM07532,Registrar,Course Registration,High,Walk-in,1.87,4,0,18.23,5,Resolved
ADM07533,Finance,Portal Access,Medium,Portal,8.2,1,0,15.55,5,Resolved
ADM07534,Admissions,Fee Statement,Medium,Helpdesk,2.62,5,1,32.11,3,Resolved
ADM07535,Student Affairs,Password Reset,High,Helpdesk,3.36,6,0,14.4,5,Resolved
ADM07536,IT,Library Issue,Medium,Email,4.88,3,0,16.42,4,Resolved
ADM07537,Library,Application Issue,High,Portal,1.75,5,0,31.02,2,Resolved
ADM07538,Finance,Application Issue,Medium,Email,8.52,2,0,36.36,2,Resolved
ADM07539,Admissions,Graduation Clearance,Medium,Email,2.42,2,0,32.72,2,Pending
ADM07540,Finance,Transcript Request,Medium,Walk-in,9.6,3,0,30.05,4,Resolved
ADM07541,Registrar,Library Issue,Low,Helpdesk,19.71,2,0,27.49,3,Resolved
ADM07542,Registrar,Student ID Issue,Low,Helpdesk,11.11,4,0,19.52,3,Resolved
ADM07543,IT,Course Registration,Medium,Email,9.93,8,0,34.98,3,Resolved
ADM07544,Academic Affairs,Student ID Issue,High,Helpdesk,1.41,3,0,13.12,3,Resolved
ADM07545,Registrar,Accommodation Request,High,Walk-in,2.31,4,1,38.53,4,Resolved
ADM07546,Registrar,Course Registration,Low,Helpdesk,21.7,5,0,39.49,2,Resolved
ADM07547,Library,Course Registration,Medium,Helpdesk,9.97,4,0,26.9,4,Resolved
ADM07548,Finance,Course Registration,High,Portal,1.58,7,1,34.69,4,Resolved
ADM07549,Student Affairs,Password Reset,Low,Email,18.86,5,0,31.11,2,Resolved
ADM07550,IT,Payment Issue,Medium,Email,4.45,2,0,35.42,4,Resolved
ADM07551,Academic Affairs,Graduation Clearance,Medium,Email,8.13,3,0,37.92,3,Resolved
ADM07552,Admissions,Password Reset,High,Phone,1.06,6,0,13.28,5,Resolved
ADM07553,IT,Application Issue,Medium,Portal,4.69,4,1,36.84,3,Escalated
ADM07554,Admissions,Graduation Clearance,High,Portal,0.84,6,1,48.67,3,Resolved
ADM07555,IT,Password Reset,Medium,Email,5.94,3,0,10.91,5,Resolved
ADM07556,Admissions,Student ID Issue,Medium,Helpdesk,7.61,5,0,32.81,4,Resolved
ADM07557,Registrar,Password Reset,Medium,Email,5.03,7,0,16.72,5,Pending
ADM07558,Admissions,Payment Issue,Medium,Portal,6.92,4,1,52.55,1,Resolved
ADM07559,Admissions,Transcript Request,Low,Portal,15.38,3,1,44.5,4,Resolved
ADM07560,Student Affairs,Library Issue,High,Email,1.83,3,0,18.75,5,Resolved
ADM07561,Library,Transcript Request,Low,Phone,13.74,4,1,47.09,4,Resolved
ADM07562,IT,Accommodation Request,High,Portal,0.81,2,0,28.94,3,Resolved
ADM07563,Registrar,Application Issue,Medium,Portal,5.68,2,0,30.18,2,Resolved
ADM07564,IT,Accommodation Request,Medium,Walk-in,5.67,4,0,31.01,3,Pending
ADM07565,Admissions,Accommodation Request,Low,Email,4.57,2,0,32.22,2,Resolved
ADM07566,Student Affairs,Library Issue,Medium,Helpdesk,6.11,2,0,19.07,3,Resolved
ADM07567,Academic Affairs,Library Issue,High,Helpdesk,3.82,6,0,20.25,4,Pending
ADM07568,Registrar,Payment Issue,High,Walk-in,2.54,2,0,38.59,3,Resolved
ADM07569,Student Affairs,Payment Issue,High,Portal,3.41,5,0,41.76,3,Resolved
ADM07570,Registrar,Transcript Request,Medium,Email,6.26,2,0,26.7,4,Resolved
ADM07571,Finance,Payment Issue,Low,Portal,19.7,5,1,68.26,1,Resolved
ADM07572,Admissions,Payment Issue,High,Email,2.82,4,0,42.86,3,Resolved
ADM07573,Registrar,Portal Access,High,Email,1.99,8,0,19.7,3,Resolved
ADM07574,Library,Fee Statement,Medium,Email,8.62,9,0,34.82,3,Resolved
ADM07575,Registrar,Transcript Request,Low,Portal,5.35,5,1,40.55,4,Resolved
ADM07576,Registrar,Library Issue,High,Email,1.8,3,0,17.94,4,Resolved
ADM07577,IT,Transcript Request,High,Helpdesk,3.16,2,1,29.95,4,Resolved
ADM07578,IT,Library Issue,Medium,Phone,8.85,4,0,22.76,5,Resolved
ADM07579,Academic Affairs,Password Reset,Medium,Email,2.58,4,1,22.82,4,Resolved
ADM07580,IT,Fee Statement,High,Walk-in,0.93,5,0,26.85,2,Resolved
ADM07581,IT,Portal Access,Low,Helpdesk,9.65,3,0,18.71,3,Resolved
ADM07582,Finance,Portal Access,Medium,Email,4.76,1,0,17.41,5,Resolved
ADM07583,Registrar,Student ID Issue,Low,Email,20.87,3,0,31.35,2,Resolved
ADM07584,Registrar,Application Issue,Low,Portal,23.18,5,0,50.6,3,Resolved
ADM07585,Admissions,Library Issue,High,Walk-in,0.58,3,0,12.54,4,Resolved
ADM07586,IT,Exam or Assessment Issue,Medium,Email,2.12,2,0,27.68,4,Resolved
ADM07587,Admissions,Graduation Clearance,High,Walk-in,4.39,4,0,36.54,2,Pending
ADM07588,Library,Application Issue,Medium,Phone,3.08,6,1,44.56,2,Resolved
ADM07589,Admissions,Password Reset,High,Phone,2.03,5,0,6.13,4,Resolved
ADM07590,Registrar,Portal Access,Medium,Portal,4.2,3,0,13.93,4,Resolved
ADM07591,Registrar,Exam or Assessment Issue,Low,Portal,9.64,5,0,41.04,2,Resolved
ADM07592,Student Affairs,Password Reset,High,Email,1.98,6,0,11.83,4,Resolved
ADM07593,IT,Accommodation Request,Low,Portal,10.72,5,0,39.16,4,Resolved
ADM07594,Student Affairs,Fee Statement,Medium,Phone,6.96,4,1,43.01,3,Escalated
ADM07595,Registrar,Student ID Issue,Medium,Helpdesk,7.03,8,0,30.14,3,Resolved
ADM07596,Academic Affairs,Password Reset,Low,Walk-in,14.46,6,0,16.46,4,Resolved
ADM07597,Registrar,Student ID Issue,Low,Email,21.17,4,1,45.89,4,Resolved
ADM07598,Registrar,Fee Statement,High,Email,4.31,3,0,30.27,4,Resolved
ADM07599,Academic Affairs,Transcript Request,Medium,Walk-in,3.74,3,1,30.08,4,Resolved
ADM07600,Finance,Graduation Clearance,Medium,Helpdesk,6.35,5,1,56.45,2,Resolved
ADM07601,IT,Password Reset,Medium,Email,8.27,5,0,17.82,4,Resolved
ADM07602,Registrar,Payment Issue,Medium,Phone,8.93,3,0,38.7,3,Pending
ADM07603,IT,Course Registration,High,Portal,1.65,5,1,32.35,2,Escalated
ADM07604,Student Affairs,Portal Access,High,Portal,2.72,5,0,14.99,3,Resolved
ADM07605,Finance,Exam or Assessment Issue,Low,Phone,14.5,3,0,38.99,4,Resolved
ADM07606,IT,Portal Access,Medium,Walk-in,7.6,3,0,20.58,5,Resolved
ADM07607,Registrar,Portal Access,Medium,Email,4.64,8,0,19.81,4,Resolved
ADM07608,IT,Transcript Request,Medium,Phone,4.35,3,1,35.4,2,Escalated
ADM07609,Finance,Course Registration,Medium,Phone,7.64,5,0,25.78,2,Resolved
ADM07610,Registrar,Fee Statement,Medium,Portal,5.19,2,1,34.6,2,Resolved
ADM07611,Finance,Graduation Clearance,Low,Phone,4.08,2,0,31.71,2,Resolved
ADM07612,Registrar,Transcript Request,Medium,Email,9.5,4,0,35.56,2,Resolved
ADM07613,Student Affairs,Portal Access,Low,Email,6.99,7,0,22.96,4,Resolved
ADM07614,Finance,Graduation Clearance,Low,Portal,6.97,3,0,37.45,4,Resolved
ADM07615,Finance,Portal Access,Critical,Portal,1.67,2,0,9.07,4,Resolved
ADM07616,Admissions,Application Issue,Medium,Email,4.68,5,1,45.6,2,Resolved
ADM07617,Finance,Student ID Issue,Medium,Portal,4.63,5,0,17.83,5,Resolved
ADM07618,Library,Student ID Issue,Medium,Walk-in,6.98,5,0,22.1,3,Resolved
ADM07619,Academic Affairs,Application Issue,High,Portal,0.77,5,0,26.13,4,Resolved
ADM07620,Admissions,Accommodation Request,Medium,Portal,3.9,2,0,30.87,2,Resolved
ADM07621,Student Affairs,Application Issue,Medium,Phone,2.43,4,0,23.0,4,Resolved
ADM07622,IT,Student ID Issue,Medium,Email,4.33,3,1,24.54,2,Resolved
ADM07623,Registrar,Portal Access,High,Portal,4.41,5,0,13.83,5,Resolved
ADM07624,IT,Exam or Assessment Issue,High,Email,4.59,4,1,46.48,4,Resolved
ADM07625,Admissions,Payment Issue,Medium,Portal,4.48,5,1,49.99,3,Resolved
ADM07626,IT,Student ID Issue,High,Portal,1.34,4,0,10.73,3,Resolved
ADM07627,Student Affairs,Course Registration,High,Email,1.11,5,0,23.02,3,Resolved
ADM07628,Admissions,Payment Issue,Critical,Email,0.91,2,0,31.58,3,Resolved
ADM07629,Student Affairs,Transcript Request,High,Email,4.22,3,0,23.85,3,Resolved
ADM07630,Library,Student ID Issue,Medium,Portal,8.82,3,0,18.88,3,Resolved
ADM07631,Admissions,Fee Statement,High,Email,0.71,3,0,22.6,5,Pending
ADM07632,IT,Password Reset,Medium,Email,3.67,4,0,8.7,5,Resolved
ADM07633,Finance,Password Reset,Medium,Phone,3.63,5,0,16.23,3,Resolved
ADM07634,Academic Affairs,Course Registration,Low,Email,20.57,4,0,36.47,4,Resolved
ADM07635,IT,Library Issue,Low,Portal,13.13,4,0,28.5,2,Resolved
ADM07636,Registrar,Password Reset,Low,Helpdesk,11.37,5,0,22.01,3,Resolved
ADM07637,Finance,Course Registration,Critical,Walk-in,1.92,7,0,26.36,2,Resolved
ADM07638,IT,Library Issue,Low,Email,22.51,5,0,36.51,2,Resolved
ADM07639,Registrar,Transcript Request,Low,Portal,12.8,2,1,39.38,2,Resolved
ADM07640,Registrar,Library Issue,Medium,Phone,3.03,9,0,26.25,2,Pending
ADM07641,Admissions,Fee Statement,Medium,Helpdesk,3.37,1,1,30.91,4,Escalated
ADM07642,Finance,Student ID Issue,High,Portal,1.0,3,0,10.02,4,Pending
ADM07643,Admissions,Password Reset,High,Portal,3.56,4,0,10.23,4,Resolved
ADM07644,Finance,Portal Access,Medium,Helpdesk,6.44,6,0,19.11,5,Resolved
ADM07645,Registrar,Application Issue,High,Email,3.0,3,0,26.44,3,Resolved
ADM07646,IT,Exam or Assessment Issue,Low,Phone,5.97,1,0,29.07,3,Resolved
ADM07647,Admissions,Student ID Issue,Critical,Portal,1.63,7,0,15.1,3,Resolved
ADM07648,Registrar,Exam or Assessment Issue,Low,Helpdesk,14.71,6,0,45.81,4,Resolved
ADM07649,Finance,Transcript Request,High,Helpdesk,0.91,5,0,26.04,3,Resolved
ADM07650,IT,Transcript Request,Low,Email,18.94,9,0,45.17,4,Resolved
ADM07651,Registrar,Graduation Clearance,High,Email,4.92,2,0,37.44,2,Pending
ADM07652,Registrar,Course Registration,Low,Email,12.82,5,0,38.3,3,Resolved
ADM07653,Registrar,Accommodation Request,Low,Email,6.31,4,0,32.67,3,Resolved
ADM07654,Student Affairs,Exam or Assessment Issue,High,Portal,0.96,3,0,27.08,3,Resolved
ADM07655,Library,Library Issue,Low,Portal,4.52,3,0,17.55,3,Resolved
ADM07656,Library,Library Issue,High,Portal,3.97,3,0,15.81,5,Pending
ADM07657,IT,Course Registration,High,Phone,3.62,2,0,15.03,4,Resolved
ADM07658,IT,Application Issue,Medium,Email,6.67,5,0,34.38,3,Resolved
ADM07659,Admissions,Graduation Clearance,Medium,Phone,8.13,8,0,46.14,3,Resolved
ADM07660,IT,Portal Access,High,Helpdesk,5.0,7,1,31.18,4,Escalated
ADM07661,Registrar,Transcript Request,High,Portal,2.31,5,0,30.96,2,Resolved
ADM07662,IT,Student ID Issue,Medium,Email,7.65,3,0,18.6,4,Resolved
ADM07663,Library,Application Issue,Medium,Email,5.02,6,0,38.81,2,Resolved
ADM07664,Admissions,Portal Access,Medium,Email,4.82,4,1,21.75,4,Resolved
ADM07665,Finance,Accommodation Request,Medium,Walk-in,8.81,2,0,36.52,3,Pending
ADM07666,Finance,Student ID Issue,Medium,Email,6.6,5,1,31.45,4,Escalated
ADM07667,IT,Course Registration,High,Walk-in,1.04,4,0,15.66,5,Resolved
ADM07668,IT,Student ID Issue,High,Walk-in,2.32,4,0,10.27,5,Resolved
ADM07669,Student Affairs,Fee Statement,High,Portal,4.08,5,0,28.83,2,Resolved
ADM07670,Finance,Graduation Clearance,Medium,Portal,9.52,5,0,38.77,3,Resolved
ADM07671,Library,Accommodation Request,Medium,Portal,6.92,1,0,35.25,4,Resolved
ADM07672,IT,Course Registration,High,Walk-in,2.27,7,0,23.08,4,Resolved
ADM07673,Student Affairs,Course Registration,High,Email,1.63,4,0,20.78,5,Resolved
ADM07674,Admissions,Course Registration,High,Helpdesk,2.4,2,0,19.11,4,Resolved
ADM07675,Admissions,Password Reset,Low,Phone,15.31,2,0,20.23,4,Resolved
ADM07676,IT,Application Issue,Medium,Portal,2.04,3,0,22.47,3,Resolved
ADM07677,Library,Portal Access,Medium,Portal,4.15,2,0,6.98,5,Resolved
ADM07678,Academic Affairs,Library Issue,Low,Portal,17.43,4,0,31.53,3,Resolved
ADM07679,Registrar,Transcript Request,High,Portal,3.53,3,0,18.78,4,Resolved
ADM07680,Registrar,Transcript Request,Medium,Portal,7.22,3,0,23.96,5,Resolved
ADM07681,Academic Affairs,Fee Statement,High,Email,4.77,5,0,28.57,3,Resolved
ADM07682,Admissions,Fee Statement,Medium,Email,6.55,3,0,24.57,2,Resolved
ADM07683,IT,Fee Statement,Medium,Email,4.16,6,0,32.64,2,Resolved
ADM07684,Admissions,Payment Issue,High,Portal,4.15,1,0,35.02,4,Resolved
ADM07685,Registrar,Fee Statement,Medium,Portal,5.12,5,1,44.08,3,Resolved
ADM07686,Library,Transcript Request,High,Phone,1.58,3,0,26.62,2,Resolved
ADM07687,Library,Accommodation Request,High,Email,3.01,1,0,24.77,4,Resolved
ADM07688,Finance,Portal Access,High,Email,1.8,3,0,3.5,4,Resolved
ADM07689,Finance,Fee Statement,Medium,Email,5.17,3,0,26.63,2,Resolved
ADM07690,Student Affairs,Accommodation Request,Low,Email,17.86,1,0,43.25,2,Resolved
ADM07691,Registrar,Payment Issue,Medium,Email,9.97,5,0,42.8,4,Resolved
ADM07692,Student Affairs,Payment Issue,High,Helpdesk,3.4,1,0,35.74,4,Resolved
ADM07693,Finance,Library Issue,Medium,Phone,4.21,4,1,27.01,2,Escalated
ADM07694,IT,Password Reset,Medium,Helpdesk,2.72,6,1,28.29,4,Resolved
ADM07695,Academic Affairs,Password Reset,Low,Email,11.24,4,0,16.88,5,Resolved
ADM07696,IT,Student ID Issue,Medium,Walk-in,2.15,10,0,18.12,3,Resolved
ADM07697,Admissions,Password Reset,High,Phone,2.59,4,0,4.67,4,Pending
ADM07698,IT,Student ID Issue,Low,Phone,17.2,5,0,27.23,2,Resolved
ADM07699,Finance,Exam or Assessment Issue,Medium,Portal,6.09,2,0,33.75,4,Resolved
ADM07700,Finance,Application Issue,Low,Portal,21.31,5,1,59.84,2,Resolved
ADM07701,Academic Affairs,Password Reset,High,Walk-in,2.72,2,0,7.54,4,Resolved
ADM07702,Library,Payment Issue,High,Phone,2.58,5,1,48.73,3,Resolved
ADM07703,IT,Library Issue,Medium,Phone,4.48,4,0,19.32,3,Resolved
ADM07704,Finance,Accommodation Request,Low,Email,20.75,5,0,49.8,3,Resolved
ADM07705,Registrar,Graduation Clearance,Medium,Email,9.23,4,0,47.03,2,Resolved
ADM07706,Registrar,Fee Statement,Medium,Helpdesk,9.82,3,0,28.0,3,Resolved
ADM07707,IT,Password Reset,Medium,Portal,9.85,5,0,20.99,3,Resolved
ADM07708,Library,Graduation Clearance,Medium,Walk-in,9.84,4,0,42.64,2,Resolved
ADM07709,Admissions,Student ID Issue,High,Portal,3.7,1,0,15.84,3,Resolved
ADM07710,Student Affairs,Accommodation Request,High,Walk-in,3.03,2,0,27.41,2,Resolved
ADM07711,Registrar,Course Registration,Low,Email,7.45,2,0,21.47,3,Resolved
ADM07712,Finance,Transcript Request,Low,Email,19.34,4,0,36.47,3,Resolved
ADM07713,Finance,Password Reset,Medium,Portal,7.88,1,0,11.07,5,Resolved
ADM07714,Admissions,Transcript Request,Medium,Portal,8.74,6,0,35.61,4,Pending
ADM07715,Registrar,Password Reset,Medium,Portal,5.7,10,1,32.11,2,Escalated
ADM07716,Academic Affairs,Course Registration,High,Phone,4.52,7,0,28.8,2,Resolved
ADM07717,Finance,Fee Statement,Low,Portal,18.37,4,0,38.53,4,Resolved
ADM07718,Academic Affairs,Application Issue,High,Helpdesk,1.27,4,0,33.54,3,Resolved
ADM07719,Admissions,Graduation Clearance,Medium,Email,3.66,2,0,34.48,2,Resolved
ADM07720,Academic Affairs,Exam or Assessment Issue,Critical,Email,1.67,2,1,33.4,2,Resolved
ADM07721,IT,Portal Access,High,Helpdesk,2.42,6,0,11.96,4,Resolved
ADM07722,Academic Affairs,Accommodation Request,High,Phone,1.62,3,1,38.52,2,Resolved
ADM07723,Registrar,Accommodation Request,Low,Phone,12.45,3,0,35.96,4,Pending
ADM07724,Library,Fee Statement,High,Email,1.23,4,0,23.47,3,Resolved
ADM07725,Student Affairs,Library Issue,Low,Helpdesk,21.83,7,0,42.21,2,Resolved
ADM07726,Registrar,Payment Issue,High,Walk-in,0.82,3,1,44.05,2,Escalated
ADM07727,Registrar,Password Reset,Low,Walk-in,11.06,7,1,35.77,3,Escalated
ADM07728,Admissions,Portal Access,Low,Helpdesk,15.14,3,0,26.98,4,Resolved
ADM07729,Academic Affairs,Library Issue,Low,Portal,21.47,4,0,31.65,3,Pending
ADM07730,Admissions,Portal Access,Low,Portal,19.63,2,0,24.71,2,Resolved
ADM07731,Admissions,Payment Issue,Medium,Portal,2.18,3,1,42.47,3,Escalated
ADM07732,Registrar,Transcript Request,Critical,Walk-in,1.69,6,1,38.19,4,Resolved
ADM07733,Registrar,Password Reset,Medium,Walk-in,7.1,4,0,14.74,3,Resolved
ADM07734,Student Affairs,Exam or Assessment Issue,High,Phone,1.1,3,0,32.57,3,Resolved
ADM07735,Registrar,Exam or Assessment Issue,Low,Email,16.35,2,0,43.12,4,Resolved
ADM07736,IT,Payment Issue,Medium,Walk-in,8.54,2,0,41.32,2,Resolved
ADM07737,Academic Affairs,Accommodation Request,Low,Phone,16.04,4,0,49.25,1,Resolved
ADM07738,Registrar,Accommodation Request,Low,Email,23.98,4,0,58.89,1,Resolved
ADM07739,IT,Password Reset,Low,Portal,14.14,3,0,19.89,4,Resolved
ADM07740,Registrar,Application Issue,Medium,Helpdesk,7.39,2,0,29.07,2,Resolved
ADM07741,IT,Fee Statement,Low,Portal,5.41,3,1,37.3,3,Resolved
ADM07742,Registrar,Fee Statement,High,Email,4.16,4,1,34.45,2,Resolved
ADM07743,Library,Accommodation Request,Medium,Email,6.99,8,0,43.8,2,Resolved
ADM07744,Finance,Accommodation Request,High,Email,3.03,9,0,40.59,4,Resolved
ADM07745,Admissions,Graduation Clearance,Critical,Email,1.48,4,0,32.72,4,Resolved
ADM07746,IT,Exam or Assessment Issue,High,Helpdesk,3.02,1,0,30.84,4,Resolved
ADM07747,Registrar,Payment Issue,High,Email,3.95,2,0,36.68,4,Pending
ADM07748,Library,Exam or Assessment Issue,Low,Helpdesk,15.67,5,0,49.54,2,Resolved
ADM07749,Finance,Course Registration,High,Email,2.84,5,0,22.69,5,Resolved
ADM07750,IT,Student ID Issue,Medium,Helpdesk,3.08,3,0,12.4,5,Resolved
ADM07751,Registrar,Application Issue,Medium,Email,5.77,3,0,29.4,4,Resolved
ADM07752,IT,Library Issue,Medium,Phone,6.31,4,0,18.34,5,Pending
ADM07753,Registrar,Student ID Issue,High,Email,3.31,5,1,29.43,4,Resolved
ADM07754,Admissions,Payment Issue,High,Portal,2.55,2,0,39.54,4,Resolved
ADM07755,Finance,Student ID Issue,Low,Email,6.93,6,0,17.81,3,Resolved
ADM07756,Library,Student ID Issue,Medium,Portal,3.2,7,1,29.91,2,Resolved
ADM07757,Finance,Payment Issue,High,Portal,3.74,3,1,49.15,3,Resolved
ADM07758,Student Affairs,Graduation Clearance,High,Helpdesk,3.48,5,0,37.42,2,Resolved
ADM07759,Student Affairs,Accommodation Request,Low,Email,9.19,4,1,47.86,3,Resolved
ADM07760,Registrar,Accommodation Request,Medium,Email,5.57,3,1,46.54,2,Escalated
ADM07761,IT,Password Reset,High,Email,1.88,2,0,3.73,5,Resolved
ADM07762,Registrar,Student ID Issue,High,Portal,1.31,4,0,7.57,5,Resolved
ADM07763,Finance,Library Issue,Medium,Email,4.61,4,0,20.68,3,Resolved
ADM07764,IT,Graduation Clearance,High,Email,1.68,3,0,32.49,3,Resolved
ADM07765,IT,Graduation Clearance,Medium,Phone,2.66,4,0,40.42,3,Resolved
ADM07766,IT,Payment Issue,High,Email,2.77,3,0,36.57,2,Resolved
ADM07767,Finance,Library Issue,Medium,Phone,5.61,3,1,29.78,2,Escalated
ADM07768,Finance,Portal Access,Medium,Email,7.72,7,0,24.16,3,Resolved
ADM07769,Registrar,Fee Statement,High,Portal,3.29,3,1,35.33,2,Resolved
ADM07770,IT,Password Reset,Low,Helpdesk,10.87,5,0,18.91,5,Resolved
ADM07771,Admissions,Fee Statement,High,Email,2.73,7,0,28.43,3,Pending
ADM07772,IT,Exam or Assessment Issue,High,Email,2.91,3,0,31.26,4,Pending
ADM07773,Finance,Password Reset,High,Helpdesk,4.63,6,0,22.43,5,Resolved
ADM07774,Finance,Application Issue,Medium,Phone,9.85,2,0,34.57,2,Resolved
ADM07775,Finance,Payment Issue,High,Portal,4.17,6,0,44.69,4,Resolved
ADM07776,Registrar,Fee Statement,High,Portal,3.03,3,0,22.79,4,Pending
ADM07777,Finance,Library Issue,High,Email,4.68,4,0,21.07,4,Resolved
ADM07778,Library,Payment Issue,Medium,Helpdesk,3.42,4,0,43.22,3,Resolved
ADM07779,Student Affairs,Library Issue,Medium,Phone,7.57,3,0,19.39,3,Resolved
ADM07780,Admissions,Student ID Issue,Medium,Phone,5.68,1,0,11.69,4,Resolved
ADM07781,Admissions,Fee Statement,Medium,Helpdesk,3.16,4,0,26.25,2,Resolved
ADM07782,Registrar,Student ID Issue,High,Portal,0.84,4,1,20.71,3,Resolved
ADM07783,Student Affairs,Accommodation Request,Medium,Portal,5.85,6,0,44.17,2,Resolved
ADM07784,Registrar,Portal Access,High,Helpdesk,1.58,3,0,16.21,3,Pending
ADM07785,Academic Affairs,Application Issue,Medium,Email,4.0,2,0,28.99,2,Resolved
ADM07786,Admissions,Application Issue,Low,Email,10.4,6,1,51.01,2,Resolved
ADM07787,Finance,Fee Statement,Low,Email,18.37,4,0,40.06,3,Resolved
ADM07788,Academic Affairs,Transcript Request,Medium,Helpdesk,3.31,3,0,23.57,5,Resolved
ADM07789,Registrar,Portal Access,Medium,Phone,7.74,3,0,14.2,5,Resolved
ADM07790,IT,Exam or Assessment Issue,Medium,Portal,8.26,3,0,35.14,4,Resolved
ADM07791,Admissions,Course Registration,High,Email,3.18,3,0,25.41,3,Resolved
ADM07792,Registrar,Password Reset,Medium,Email,3.98,3,0,9.02,4,Resolved
ADM07793,Admissions,Application Issue,Critical,Email,0.29,6,0,29.35,4,Resolved
ADM07794,IT,Payment Issue,High,Helpdesk,2.34,4,0,36.17,4,Resolved
ADM07795,IT,Accommodation Request,Low,Phone,20.95,4,0,50.09,3,Resolved
ADM07796,Registrar,Student ID Issue,High,Helpdesk,0.96,4,0,13.32,3,Resolved
ADM07797,Academic Affairs,Course Registration,High,Portal,3.85,3,0,19.3,5,Resolved
ADM07798,Registrar,Exam or Assessment Issue,Medium,Phone,5.74,5,0,37.91,2,Resolved
ADM07799,Finance,Payment Issue,Medium,Portal,9.19,5,0,44.46,2,Resolved
ADM07800,Finance,Fee Statement,High,Helpdesk,2.1,5,0,26.51,2,Resolved
ADM07801,Registrar,Portal Access,Critical,Helpdesk,1.47,4,0,11.59,4,Resolved
ADM07802,Registrar,Application Issue,Medium,Helpdesk,7.92,3,0,33.19,3,Resolved
ADM07803,Academic Affairs,Password Reset,Low,Portal,7.97,5,1,32.9,2,Resolved
ADM07804,Finance,Course Registration,Medium,Email,3.27,2,0,22.38,5,Resolved
ADM07805,Registrar,Application Issue,Low,Phone,5.85,5,0,27.87,2,Resolved
ADM07806,Registrar,Transcript Request,Medium,Email,7.61,2,0,21.75,5,Resolved
ADM07807,IT,Transcript Request,High,Email,2.97,4,0,20.26,4,Resolved
ADM07808,Student Affairs,Exam or Assessment Issue,Medium,Email,2.69,8,0,37.23,4,Resolved
ADM07809,Finance,Exam or Assessment Issue,Low,Portal,10.17,3,0,36.48,3,Resolved
ADM07810,Registrar,Transcript Request,High,Portal,1.14,5,0,31.52,4,Resolved
ADM07811,Finance,Accommodation Request,Medium,Portal,2.74,6,0,36.96,2,Resolved
ADM07812,Registrar,Student ID Issue,Medium,Portal,4.39,7,0,19.35,5,Resolved
ADM07813,Registrar,Fee Statement,High,Email,0.93,4,0,24.72,4,Resolved
ADM07814,Admissions,Payment Issue,Critical,Phone,0.67,3,1,44.82,3,Resolved
ADM07815,Finance,Application Issue,High,Phone,2.99,3,1,37.01,4,Escalated
ADM07816,Admissions,Payment Issue,Medium,Email,6.49,4,0,38.71,4,Resolved
ADM07817,Finance,Payment Issue,Medium,Walk-in,3.34,4,1,46.35,4,Resolved
ADM07818,Academic Affairs,Application Issue,Low,Phone,7.82,3,1,44.74,4,Escalated
ADM07819,Student Affairs,Student ID Issue,High,Portal,4.35,3,0,15.5,5,Resolved
ADM07820,IT,Accommodation Request,Medium,Portal,3.34,4,1,39.89,3,Resolved
ADM07821,Finance,Graduation Clearance,Critical,Portal,0.28,2,0,32.41,4,Resolved
ADM07822,Finance,Accommodation Request,Critical,Email,0.64,3,0,29.55,3,Resolved
ADM07823,Admissions,Portal Access,Medium,Phone,6.61,3,0,18.84,5,Resolved
ADM07824,IT,Exam or Assessment Issue,Critical,Portal,0.21,5,0,35.65,3,Resolved
ADM07825,Admissions,Graduation Clearance,Critical,Email,1.97,3,0,29.11,3,Resolved
ADM07826,Student Affairs,Fee Statement,Medium,Phone,3.84,7,0,31.67,2,Resolved
ADM07827,Academic Affairs,Portal Access,Medium,Phone,3.9,5,0,15.56,5,Resolved
ADM07828,Finance,Student ID Issue,High,Email,3.82,3,0,14.67,5,Resolved
ADM07829,IT,Payment Issue,Medium,Walk-in,3.99,5,0,48.81,1,Resolved
ADM07830,Registrar,Fee Statement,Medium,Portal,5.17,4,1,33.18,4,Resolved
ADM07831,Registrar,Portal Access,Low,Email,14.88,2,0,21.82,3,Resolved
ADM07832,Admissions,Exam or Assessment Issue,Medium,Phone,2.17,2,0,28.94,4,Resolved
ADM07833,Registrar,Portal Access,Critical,Portal,1.71,1,0,7.26,5,Pending
ADM07834,Student Affairs,Transcript Request,Medium,Email,6.1,3,0,25.92,2,Resolved
ADM07835,Registrar,Accommodation Request,High,Helpdesk,1.91,5,1,44.07,2,Resolved
ADM07836,Admissions,Library Issue,Medium,Helpdesk,5.2,4,1,30.44,2,Resolved
ADM07837,IT,Portal Access,High,Walk-in,0.75,3,0,10.02,3,Resolved
ADM07838,IT,Course Registration,High,Portal,3.73,2,0,16.13,3,Resolved
ADM07839,Finance,Graduation Clearance,Low,Walk-in,14.79,5,0,49.9,2,Resolved
ADM07840,Student Affairs,Transcript Request,Medium,Walk-in,9.31,3,0,29.87,2,Resolved
ADM07841,IT,Payment Issue,High,Helpdesk,2.59,5,0,37.58,4,Resolved
ADM07842,Admissions,Password Reset,Medium,Helpdesk,8.63,2,0,12.7,5,Pending
ADM07843,Registrar,Accommodation Request,High,Portal,1.35,4,0,25.64,4,Resolved
ADM07844,Admissions,Student ID Issue,High,Email,0.75,2,0,10.08,4,Resolved
ADM07845,Student Affairs,Application Issue,Medium,Email,9.59,3,0,32.01,3,Resolved
ADM07846,IT,Student ID Issue,High,Portal,1.66,4,0,15.58,5,Resolved
ADM07847,Student Affairs,Transcript Request,Medium,Walk-in,8.67,4,0,27.92,4,Resolved
ADM07848,Admissions,Exam or Assessment Issue,Medium,Phone,4.06,5,0,38.17,4,Resolved
ADM07849,Registrar,Exam or Assessment Issue,Low,Walk-in,7.12,3,0,33.96,4,Resolved
ADM07850,Registrar,Exam or Assessment Issue,Medium,Portal,7.86,3,0,36.38,2,Resolved
ADM07851,Finance,Course Registration,High,Email,4.0,3,0,19.53,3,Resolved
ADM07852,IT,Student ID Issue,Medium,Email,8.75,3,0,20.79,3,Resolved
ADM07853,Library,Course Registration,High,Phone,4.39,6,0,27.15,3,Resolved
ADM07854,Finance,Application Issue,High,Walk-in,2.67,4,0,25.33,3,Resolved
ADM07855,Admissions,Password Reset,Medium,Helpdesk,5.2,5,0,10.89,3,Resolved
ADM07856,Admissions,Accommodation Request,Medium,Portal,8.01,5,0,34.44,3,Resolved
ADM07857,Admissions,Accommodation Request,Critical,Helpdesk,1.22,4,0,33.78,3,Resolved
ADM07858,Finance,Library Issue,Critical,Email,1.94,4,1,23.65,3,Resolved
ADM07859,Registrar,Course Registration,Medium,Portal,5.01,4,0,24.23,2,Pending
ADM07860,Registrar,Application Issue,High,Email,0.69,3,0,25.42,2,Resolved
ADM07861,Registrar,Portal Access,Medium,Email,6.71,3,0,13.36,3,Resolved
ADM07862,Registrar,Portal Access,Low,Helpdesk,11.07,5,0,19.48,3,Resolved
ADM07863,Registrar,Payment Issue,High,Walk-in,2.04,4,0,39.08,4,Resolved
ADM07864,IT,Course Registration,Medium,Email,6.52,2,0,20.48,3,Resolved
ADM07865,Finance,Fee Statement,Low,Email,22.44,1,0,38.8,2,Pending
ADM07866,Academic Affairs,Student ID Issue,High,Email,1.7,3,0,10.45,3,Resolved
ADM07867,Registrar,Payment Issue,High,Email,2.21,3,0,31.49,2,Resolved
ADM07868,Finance,Payment Issue,High,Phone,4.51,3,0,42.93,2,Resolved
ADM07869,Finance,Payment Issue,Medium,Portal,9.16,4,1,56.9,1,Resolved
ADM07870,Registrar,Application Issue,Medium,Portal,3.88,2,0,28.94,2,Resolved
ADM07871,Student Affairs,Exam or Assessment Issue,Low,Email,18.13,2,0,44.36,4,Resolved
ADM07872,Registrar,Accommodation Request,High,Email,2.37,3,0,35.01,2,Resolved
ADM07873,Academic Affairs,Payment Issue,High,Portal,4.71,8,1,56.63,1,Resolved
ADM07874,Student Affairs,Accommodation Request,High,Walk-in,3.8,3,0,30.01,2,Resolved
ADM07875,Admissions,Accommodation Request,High,Helpdesk,2.72,3,0,29.1,4,Pending
ADM07876,Admissions,Course Registration,Low,Email,20.35,4,0,40.81,3,Resolved
ADM07877,IT,Application Issue,Medium,Portal,9.98,5,1,43.53,2,Resolved
ADM07878,Finance,Accommodation Request,Medium,Email,5.58,6,0,41.86,4,Resolved
ADM07879,IT,Payment Issue,High,Email,2.18,4,0,37.11,4,Resolved
ADM07880,Registrar,Application Issue,Low,Email,16.14,3,0,43.48,4,Resolved
ADM07881,Registrar,Payment Issue,Medium,Helpdesk,7.46,3,0,42.26,3,Pending
ADM07882,Admissions,Transcript Request,Low,Walk-in,18.09,3,1,45.93,4,Resolved
ADM07883,Admissions,Student ID Issue,High,Email,2.63,3,0,17.51,5,Resolved
ADM07884,Student Affairs,Transcript Request,High,Portal,2.0,5,0,24.52,4,Resolved
ADM07885,Registrar,Transcript Request,Medium,Portal,8.58,2,0,23.07,3,Resolved
ADM07886,Student Affairs,Course Registration,High,Email,4.81,5,0,21.32,3,Resolved
ADM07887,Registrar,Fee Statement,Medium,Phone,8.91,7,0,38.03,4,Resolved
ADM07888,Finance,Exam or Assessment Issue,Low,Portal,17.65,3,0,41.33,2,Resolved
ADM07889,Finance,Student ID Issue,Medium,Portal,4.88,6,1,29.13,2,Resolved
ADM07890,Admissions,Course Registration,Critical,Helpdesk,1.32,6,0,22.37,3,Resolved
ADM07891,Registrar,Payment Issue,Medium,Phone,2.81,5,0,39.23,3,Resolved
ADM07892,Admissions,Course Registration,Low,Email,14.68,4,1,48.21,3,Resolved
ADM07893,Library,Payment Issue,Medium,Portal,8.25,5,0,48.8,2,Resolved
ADM07894,Admissions,Fee Statement,Medium,Email,4.01,3,0,23.46,5,Resolved
ADM07895,Admissions,Accommodation Request,Medium,Portal,6.01,5,0,38.67,2,Resolved
ADM07896,Student Affairs,Course Registration,Medium,Portal,2.59,3,0,22.83,5,Resolved
ADM07897,IT,Library Issue,Critical,Helpdesk,1.71,4,0,13.43,3,Pending
ADM07898,Admissions,Exam or Assessment Issue,High,Helpdesk,2.08,4,1,35.95,4,Escalated
ADM07899,Finance,Accommodation Request,Low,Walk-in,15.64,6,0,50.93,3,Resolved
ADM07900,Student Affairs,Graduation Clearance,High,Portal,2.2,4,1,45.37,4,Resolved
ADM07901,IT,Password Reset,High,Phone,3.19,2,0,6.42,5,Resolved
ADM07902,Finance,Course Registration,High,Walk-in,3.85,2,0,20.61,5,Resolved
ADM07903,Finance,Payment Issue,Medium,Email,4.61,4,0,40.21,2,Resolved
ADM07904,Library,Student ID Issue,Medium,Portal,6.15,1,0,14.96,4,Resolved
ADM07905,Registrar,Course Registration,High,Email,4.08,3,0,26.26,3,Resolved
ADM07906,Academic Affairs,Payment Issue,High,Portal,3.6,5,0,45.65,4,Pending
ADM07907,Registrar,Fee Statement,Medium,Walk-in,2.46,1,1,35.56,2,Resolved
ADM07908,Library,Transcript Request,Low,Email,15.38,2,0,37.86,3,Resolved
ADM07909,Finance,Course Registration,High,Phone,2.19,1,0,19.04,5,Resolved
ADM07910,Admissions,Portal Access,Low,Portal,18.18,5,0,32.25,3,Resolved
ADM07911,Student Affairs,Graduation Clearance,Low,Helpdesk,4.33,1,0,34.06,2,Resolved
ADM07912,Admissions,Password Reset,Medium,Phone,4.64,5,0,13.28,3,Resolved
ADM07913,Admissions,Portal Access,Medium,Helpdesk,2.69,3,0,13.46,4,Resolved
ADM07914,Registrar,Accommodation Request,Medium,Email,9.36,2,0,32.2,3,Resolved
ADM07915,Registrar,Graduation Clearance,Medium,Helpdesk,9.01,2,0,38.67,4,Resolved
ADM07916,Finance,Accommodation Request,Low,Portal,23.36,4,0,52.58,3,Resolved
ADM07917,IT,Transcript Request,Low,Phone,16.87,4,0,40.34,2,Resolved
ADM07918,Registrar,Transcript Request,Low,Email,20.14,5,0,42.28,3,Pending
ADM07919,Registrar,Accommodation Request,Medium,Walk-in,6.89,6,1,52.74,1,Resolved
ADM07920,Admissions,Course Registration,Medium,Helpdesk,5.94,3,1,32.33,2,Escalated
ADM07921,IT,Application Issue,Medium,Walk-in,8.67,1,0,24.39,4,Resolved
ADM07922,IT,Course Registration,Medium,Phone,8.21,2,0,25.83,3,Resolved
ADM07923,Registrar,Password Reset,Medium,Portal,7.87,5,0,15.6,5,Resolved
ADM07924,Registrar,Accommodation Request,Medium,Portal,9.15,2,0,32.34,4,Pending
ADM07925,Academic Affairs,Portal Access,High,Portal,4.68,5,0,18.42,5,Resolved
ADM07926,Finance,Transcript Request,Medium,Portal,5.56,5,0,22.09,5,Resolved
ADM07927,Student Affairs,Portal Access,High,Walk-in,1.77,4,0,11.79,4,Pending
ADM07928,Student Affairs,Accommodation Request,Medium,Helpdesk,6.09,4,0,36.55,2,Resolved
ADM07929,Library,Fee Statement,High,Helpdesk,0.92,4,0,27.72,3,Resolved
ADM07930,Registrar,Accommodation Request,Medium,Portal,9.51,3,0,33.37,3,Resolved
ADM07931,Student Affairs,Library Issue,Medium,Portal,9.87,3,0,23.66,3,Resolved
ADM07932,Library,Graduation Clearance,Medium,Portal,7.22,4,0,44.75,3,Resolved
ADM07933,IT,Password Reset,High,Phone,3.86,7,0,14.45,4,Resolved
ADM07934,Finance,Library Issue,Medium,Email,4.59,3,0,15.36,5,Resolved
ADM07935,Finance,Student ID Issue,High,Walk-in,4.4,4,0,18.66,3,Resolved
ADM07936,Registrar,Portal Access,Medium,Email,9.2,6,0,23.6,3,Resolved
ADM07937,Admissions,Fee Statement,High,Portal,0.85,7,0,27.65,2,Pending
ADM07938,IT,Password Reset,High,Walk-in,1.09,8,0,15.92,3,Resolved
ADM07939,Finance,Payment Issue,Critical,Helpdesk,0.67,1,0,35.71,4,Resolved
ADM07940,Admissions,Exam or Assessment Issue,High,Walk-in,3.67,3,0,26.78,3,Resolved
ADM07941,Finance,Student ID Issue,Medium,Email,3.47,3,0,13.04,3,Resolved
ADM07942,IT,Application Issue,Medium,Portal,3.76,4,0,35.21,3,Pending
ADM07943,Student Affairs,Library Issue,Medium,Email,5.05,5,0,18.9,4,Resolved
ADM07944,Registrar,Password Reset,Low,Helpdesk,16.23,8,0,29.41,3,Resolved
ADM07945,Finance,Password Reset,Low,Email,23.53,3,1,43.28,3,Resolved
ADM07946,Registrar,Library Issue,Medium,Helpdesk,8.27,5,0,18.96,5,Resolved
ADM07947,IT,Student ID Issue,High,Helpdesk,3.01,4,0,13.63,3,Resolved
ADM07948,IT,Fee Statement,Low,Walk-in,4.99,4,1,40.91,2,Resolved
ADM07949,Academic Affairs,Fee Statement,Medium,Email,6.13,7,0,31.59,3,Resolved
ADM07950,Finance,Transcript Request,Medium,Email,3.63,8,0,31.62,4,Resolved
ADM07951,Academic Affairs,Course Registration,High,Walk-in,1.85,7,0,22.86,4,Pending
ADM07952,Registrar,Student ID Issue,Low,Walk-in,9.02,2,1,23.44,3,Resolved
ADM07953,IT,Portal Access,Medium,Helpdesk,4.78,7,0,14.24,3,Resolved
ADM07954,Registrar,Portal Access,Critical,Email,0.31,6,0,7.48,4,Resolved
ADM07955,Student Affairs,Student ID Issue,Medium,Phone,6.61,4,0,19.55,3,Resolved
ADM07956,Admissions,Graduation Clearance,High,Portal,0.71,1,1,40.15,2,Escalated
ADM07957,IT,Library Issue,High,Portal,3.47,2,0,11.49,4,Resolved
ADM07958,Student Affairs,Portal Access,Low,Phone,18.62,5,0,31.52,2,Resolved
ADM07959,Registrar,Portal Access,Critical,Portal,1.07,2,0,8.28,3,Resolved
ADM07960,Registrar,Course Registration,High,Email,4.02,6,0,27.19,2,Resolved
ADM07961,Student Affairs,Graduation Clearance,Low,Email,23.35,4,1,68.87,3,Resolved
ADM07962,Finance,Password Reset,Medium,Portal,4.72,3,0,12.78,4,Resolved
ADM07963,Registrar,Password Reset,Medium,Portal,6.95,5,0,20.4,3,Resolved
ADM07964,Admissions,Student ID Issue,High,Portal,1.96,3,0,13.12,3,Resolved
ADM07965,IT,Accommodation Request,Low,Email,12.87,6,0,46.22,4,Resolved
ADM07966,Registrar,Graduation Clearance,High,Helpdesk,0.59,7,0,39.52,4,Resolved
ADM07967,Finance,Password Reset,Medium,Helpdesk,2.59,2,0,11.17,5,Resolved
ADM07968,Registrar,Library Issue,High,Walk-in,4.09,3,1,31.95,4,Resolved
ADM07969,Admissions,Payment Issue,High,Email,1.13,3,1,43.14,4,Resolved
ADM07970,Student Affairs,Accommodation Request,Medium,Email,7.59,5,0,38.87,4,Resolved
ADM07971,Academic Affairs,Course Registration,Medium,Walk-in,7.67,2,0,29.5,2,Resolved
ADM07972,IT,Library Issue,High,Email,4.98,4,0,17.79,4,Resolved
ADM07973,Registrar,Fee Statement,Medium,Portal,7.56,9,1,42.37,3,Resolved
ADM07974,Student Affairs,Course Registration,High,Email,1.08,5,0,16.67,5,Resolved
ADM07975,Admissions,Transcript Request,Low,Portal,16.53,3,0,34.06,3,Pending
ADM07976,Registrar,Portal Access,High,Helpdesk,2.86,2,0,5.99,4,Resolved
ADM07977,Academic Affairs,Application Issue,High,Helpdesk,4.63,4,0,33.48,3,Resolved
ADM07978,Library,Fee Statement,Medium,Helpdesk,7.52,4,0,34.72,3,Resolved
ADM07979,Library,Accommodation Request,High,Helpdesk,2.83,3,1,38.85,2,Resolved
ADM07980,IT,Library Issue,Medium,Phone,6.99,6,0,24.09,2,Resolved
ADM07981,Registrar,Fee Statement,High,Portal,2.5,3,0,20.58,3,Resolved
ADM07982,Registrar,Transcript Request,Low,Email,14.17,6,0,40.5,4,Resolved
ADM07983,IT,Library Issue,Low,Phone,18.45,3,1,43.12,2,Escalated
ADM07984,Registrar,Application Issue,High,Email,0.85,4,1,33.43,3,Escalated
ADM07985,Admissions,Accommodation Request,High,Helpdesk,3.27,3,0,34.93,2,Resolved
ADM07986,Library,Course Registration,Medium,Portal,2.71,3,0,17.74,3,Resolved
ADM07987,Library,Student ID Issue,Critical,Phone,1.74,3,0,10.93,5,Resolved
ADM07988,Admissions,Fee Statement,High,Phone,4.74,7,0,30.81,2,Resolved
ADM07989,Library,Application Issue,Critical,Portal,1.6,2,0,23.13,5,Resolved
ADM07990,Student Affairs,Transcript Request,Medium,Walk-in,7.74,4,0,24.86,3,Resolved
ADM07991,IT,Fee Statement,Medium,Walk-in,9.55,4,0,28.52,2,Resolved
ADM07992,Finance,Payment Issue,Medium,Phone,3.75,2,0,38.24,3,Pending
ADM07993,Finance,Payment Issue,Critical,Walk-in,0.61,6,1,53.04,1,Resolved
ADM07994,Finance,Exam or Assessment Issue,Medium,Portal,5.85,4,1,41.97,2,Resolved
ADM07995,Registrar,Accommodation Request,Critical,Helpdesk,0.21,2,0,27.66,2,Pending
ADM07996,Finance,Course Registration,High,Portal,4.84,9,0,26.55,4,Resolved
ADM07997,Registrar,Graduation Clearance,Medium,Helpdesk,2.26,7,1,47.51,3,Resolved
ADM07998,Admissions,Accommodation Request,Medium,Helpdesk,6.77,4,1,47.51,4,Resolved
ADM07999,Student Affairs,Accommodation Request,Medium,Email,4.83,5,0,33.5,4,Resolved
ADM08000,Registrar,Exam or Assessment Issue,High,Helpdesk,0.96,2,1,37.87,2,Escalated
ADM08001,IT,Portal Access,Low,Helpdesk,4.49,2,1,19.03,4,Escalated
ADM08002,IT,Exam or Assessment Issue,High,Phone,1.68,4,0,34.5,3,Resolved
ADM08003,Registrar,Course Registration,Medium,Walk-in,2.85,7,0,29.38,3,Resolved
ADM08004,Academic Affairs,Exam or Assessment Issue,High,Helpdesk,4.73,4,0,38.19,4,Resolved
ADM08005,IT,Graduation Clearance,Medium,Email,3.96,2,0,36.89,2,Resolved
ADM08006,Finance,Portal Access,Medium,Helpdesk,2.75,5,0,9.48,3,Pending
ADM08007,Library,Library Issue,Medium,Phone,8.16,3,1,31.91,2,Escalated
ADM08008,Finance,Application Issue,High,Walk-in,2.36,4,0,29.17,3,Pending
ADM08009,IT,Application Issue,Medium,Portal,8.75,6,0,36.9,2,Resolved
ADM08010,Registrar,Course Registration,Critical,Portal,1.71,5,0,19.65,3,Resolved
ADM08011,Student Affairs,Course Registration,Medium,Helpdesk,9.94,4,0,26.88,2,Resolved
ADM08012,Admissions,Library Issue,Critical,Portal,1.65,5,0,13.9,3,Resolved
ADM08013,IT,Application Issue,High,Portal,1.46,2,0,24.05,3,Resolved
ADM08014,Finance,Library Issue,High,Phone,3.14,4,0,14.27,4,Resolved
ADM08015,IT,Student ID Issue,Medium,Portal,6.21,1,0,9.77,4,Resolved
ADM08016,Library,Transcript Request,Medium,Portal,6.07,3,0,23.34,3,Resolved
ADM08017,Admissions,Payment Issue,High,Email,1.84,4,0,36.17,2,Resolved
ADM08018,IT,Exam or Assessment Issue,Medium,Portal,3.68,6,0,34.54,4,Resolved
ADM08019,Admissions,Student ID Issue,High,Email,3.73,4,0,17.56,5,Resolved
ADM08020,Student Affairs,Accommodation Request,High,Portal,0.96,7,0,28.96,3,Resolved
ADM08021,Admissions,Fee Statement,Medium,Portal,2.4,3,1,37.84,4,Resolved
ADM08022,Student Affairs,Portal Access,Medium,Phone,5.05,5,1,33.14,4,Escalated
ADM08023,Library,Exam or Assessment Issue,Low,Email,18.88,3,1,62.16,3,Resolved
ADM08024,Admissions,Password Reset,Medium,Email,8.95,3,0,11.78,3,Resolved
ADM08025,Finance,Fee Statement,High,Phone,2.93,4,0,26.14,3,Resolved
ADM08026,Admissions,Course Registration,High,Portal,4.28,2,0,17.56,3,Resolved
ADM08027,Student Affairs,Transcript Request,Low,Portal,4.51,7,1,39.97,3,Resolved
ADM08028,Finance,Exam or Assessment Issue,High,Email,2.55,1,0,33.02,3,Resolved
ADM08029,Admissions,Student ID Issue,Low,Portal,6.67,2,0,13.72,4,Resolved
ADM08030,Library,Password Reset,Medium,Walk-in,6.66,1,1,16.4,3,Resolved
ADM08031,Finance,Password Reset,Low,Portal,22.42,3,0,32.23,2,Resolved
ADM08032,IT,Graduation Clearance,Critical,Email,0.21,2,0,32.76,2,Resolved
ADM08033,Finance,Course Registration,Critical,Portal,1.4,6,0,21.7,5,Resolved
ADM08034,Registrar,Student ID Issue,Medium,Helpdesk,8.34,4,0,20.98,3,Resolved
ADM08035,Library,Password Reset,Medium,Portal,7.96,4,0,21.48,5,Pending
ADM08036,Registrar,Student ID Issue,Medium,Email,2.16,1,0,9.8,5,Resolved
ADM08037,Finance,Exam or Assessment Issue,High,Helpdesk,1.28,5,1,40.45,3,Escalated
ADM08038,Student Affairs,Portal Access,Medium,Portal,2.76,1,0,5.05,4,Resolved
ADM08039,Finance,Exam or Assessment Issue,Medium,Phone,2.68,3,1,39.57,4,Resolved
ADM08040,Academic Affairs,Portal Access,High,Email,3.79,9,0,18.95,5,Resolved
ADM08041,Academic Affairs,Password Reset,Medium,Email,5.4,4,0,11.88,5,Resolved
ADM08042,Finance,Password Reset,Low,Portal,18.5,4,1,37.16,3,Resolved
ADM08043,Registrar,Course Registration,Medium,Email,4.89,5,0,25.79,4,Resolved
ADM08044,IT,Student ID Issue,High,Email,1.03,4,0,13.13,5,Resolved
ADM08045,Admissions,Application Issue,Critical,Helpdesk,1.49,7,0,37.34,2,Resolved
ADM08046,Registrar,Library Issue,Low,Email,16.52,2,0,28.68,3,Resolved
ADM08047,IT,Library Issue,Medium,Phone,2.9,3,1,23.75,5,Resolved
ADM08048,Registrar,Fee Statement,Medium,Portal,9.39,3,0,34.53,2,Resolved
ADM08049,Student Affairs,Fee Statement,Medium,Helpdesk,4.47,3,0,30.3,3,Resolved
ADM08050,Registrar,Password Reset,Medium,Helpdesk,7.24,3,1,21.84,3,Escalated
ADM08051,Registrar,Payment Issue,Low,Portal,4.64,5,0,45.16,4,Pending
ADM08052,Registrar,Portal Access,Medium,Portal,5.54,3,0,13.4,3,Resolved
ADM08053,Academic Affairs,Accommodation Request,High,Walk-in,4.84,5,0,36.58,3,Resolved
ADM08054,IT,Student ID Issue,Medium,Email,9.09,6,0,21.56,5,Resolved
ADM08055,Library,Transcript Request,Critical,Phone,0.6,1,0,9.32,4,Resolved
ADM08056,Finance,Transcript Request,Medium,Helpdesk,9.03,1,0,28.55,4,Resolved
ADM08057,Finance,Portal Access,Medium,Email,4.34,4,0,12.22,5,Resolved
ADM08058,Finance,Fee Statement,Medium,Walk-in,8.82,5,1,44.92,4,Escalated
ADM08059,Admissions,Course Registration,Medium,Email,7.83,7,0,31.37,3,Resolved
ADM08060,IT,Transcript Request,High,Portal,2.08,8,0,31.57,2,Resolved
ADM08061,IT,Password Reset,High,Portal,4.6,4,0,9.53,4,Resolved
ADM08062,Finance,Payment Issue,Medium,Portal,5.88,4,0,40.24,2,Resolved
ADM08063,Academic Affairs,Graduation Clearance,High,Portal,1.93,8,0,42.95,4,Resolved
ADM08064,Registrar,Transcript Request,Critical,Email,0.7,4,0,24.57,4,Resolved
ADM08065,Academic Affairs,Exam or Assessment Issue,Low,Phone,22.78,5,0,54.31,3,Pending
ADM08066,Registrar,Graduation Clearance,Medium,Email,8.07,2,0,36.08,2,Resolved
ADM08067,Admissions,Graduation Clearance,Medium,Portal,4.8,2,0,37.43,2,Resolved
ADM08068,Finance,Library Issue,High,Email,1.64,7,0,19.14,4,Resolved
ADM08069,Admissions,Payment Issue,Low,Email,8.23,6,0,49.56,2,Resolved
ADM08070,IT,Payment Issue,Medium,Phone,3.96,3,1,49.44,3,Escalated
ADM08071,Admissions,Transcript Request,Medium,Email,2.89,3,1,30.32,2,Resolved
ADM08072,Admissions,Course Registration,Medium,Walk-in,5.88,3,0,26.88,2,Resolved
ADM08073,Library,Course Registration,High,Portal,0.68,8,1,36.11,3,Resolved
ADM08074,IT,Fee Statement,Medium,Walk-in,2.09,4,0,27.51,2,Resolved
ADM08075,Student Affairs,Portal Access,Medium,Email,6.94,2,0,14.19,3,Resolved
ADM08076,Finance,Password Reset,Critical,Phone,0.36,3,0,7.86,4,Resolved
ADM08077,IT,Accommodation Request,Medium,Portal,8.76,5,1,49.69,2,Resolved
ADM08078,IT,Application Issue,Medium,Email,2.85,3,0,33.26,3,Resolved
ADM08079,Finance,Accommodation Request,High,Walk-in,2.94,6,0,34.79,4,Resolved
ADM08080,Admissions,Library Issue,High,Walk-in,3.54,2,1,23.91,4,Resolved
ADM08081,Finance,Course Registration,Medium,Email,3.83,6,0,24.25,4,Resolved
ADM08082,Registrar,Exam or Assessment Issue,Medium,Helpdesk,9.11,4,0,41.98,4,Pending
ADM08083,Registrar,Graduation Clearance,High,Walk-in,2.67,4,0,35.98,3,Resolved
ADM08084,Registrar,Fee Statement,High,Portal,1.92,2,0,26.42,3,Resolved
ADM08085,IT,Library Issue,High,Email,4.56,3,0,16.58,5,Resolved
ADM08086,IT,Accommodation Request,High,Portal,4.36,2,0,33.01,3,Resolved
ADM08087,Academic Affairs,Payment Issue,Medium,Email,7.68,5,0,50.95,3,Resolved
ADM08088,IT,Graduation Clearance,High,Email,1.81,5,0,34.96,2,Resolved
ADM08089,Registrar,Portal Access,Low,Portal,11.8,5,0,26.4,3,Resolved
ADM08090,Student Affairs,Payment Issue,High,Email,3.6,5,1,46.68,4,Resolved
ADM08091,Student Affairs,Accommodation Request,High,Portal,1.33,8,0,36.13,4,Resolved
ADM08092,Admissions,Transcript Request,Medium,Email,5.96,4,0,26.14,2,Resolved
ADM08093,IT,Portal Access,Medium,Email,7.9,3,0,16.2,5,Resolved
ADM08094,Academic Affairs,Exam or Assessment Issue,Low,Email,17.15,5,0,45.0,4,Resolved
ADM08095,Admissions,Fee Statement,Low,Portal,18.4,4,0,43.46,3,Resolved
ADM08096,Student Affairs,Student ID Issue,Medium,Portal,9.14,4,1,30.06,2,Escalated
ADM08097,Registrar,Payment Issue,High,Walk-in,4.86,4,1,49.93,3,Resolved
ADM08098,Registrar,Transcript Request,Medium,Helpdesk,5.67,6,0,28.63,2,Resolved
ADM08099,Admissions,Exam or Assessment Issue,Medium,Email,2.48,3,1,37.76,3,Resolved
ADM08100,IT,Library Issue,High,Email,4.25,3,0,17.45,3,Resolved
ADM08101,Student Affairs,Student ID Issue,Medium,Phone,2.94,3,0,13.31,5,Resolved
ADM08102,Academic Affairs,Library Issue,High,Email,1.49,4,0,16.69,5,Resolved
ADM08103,Finance,Course Registration,Medium,Email,7.23,2,0,24.18,2,Resolved
ADM08104,Registrar,Student ID Issue,Medium,Email,7.97,5,0,21.5,5,Resolved
ADM08105,Library,Portal Access,Medium,Portal,7.56,2,0,12.39,3,Resolved
ADM08106,IT,Course Registration,High,Portal,2.47,6,0,21.23,4,Resolved
ADM08107,Registrar,Portal Access,Low,Helpdesk,22.36,1,0,26.84,3,Resolved
ADM08108,Admissions,Password Reset,Low,Portal,20.64,6,0,38.17,2,Resolved
ADM08109,Library,Transcript Request,Medium,Phone,7.31,3,0,22.78,4,Resolved
ADM08110,Library,Accommodation Request,High,Portal,2.48,5,0,32.85,4,Resolved
ADM08111,Admissions,Library Issue,Low,Email,13.28,3,0,23.96,5,Resolved
ADM08112,Finance,Accommodation Request,High,Email,1.29,2,0,24.55,3,Resolved
ADM08113,Academic Affairs,Student ID Issue,High,Helpdesk,4.01,3,0,13.24,3,Resolved
ADM08114,IT,Payment Issue,Medium,Email,8.93,5,0,46.79,3,Resolved
ADM08115,Admissions,Payment Issue,Medium,Email,8.62,5,0,50.43,1,Resolved
ADM08116,Finance,Graduation Clearance,Medium,Email,6.38,3,0,36.99,3,Resolved
ADM08117,Library,Library Issue,Medium,Email,8.7,6,0,31.18,3,Resolved
ADM08118,Finance,Course Registration,High,Email,4.06,6,1,30.6,2,Resolved
ADM08119,Registrar,Library Issue,Low,Phone,20.65,6,0,38.79,3,Resolved
ADM08120,Admissions,Password Reset,Medium,Email,9.86,3,0,13.6,5,Resolved
ADM08121,Finance,Graduation Clearance,Medium,Portal,8.48,4,1,53.53,3,Resolved
ADM08122,IT,Password Reset,Medium,Walk-in,4.17,2,0,15.97,5,Resolved
ADM08123,Registrar,Accommodation Request,Medium,Walk-in,8.57,4,0,37.68,3,Resolved
ADM08124,IT,Student ID Issue,High,Portal,2.19,6,0,18.13,4,Resolved
ADM08125,Finance,Password Reset,Medium,Phone,6.13,3,0,13.72,4,Resolved
ADM08126,Registrar,Transcript Request,Medium,Email,8.37,4,0,29.2,3,Resolved
ADM08127,Registrar,Course Registration,Low,Walk-in,10.33,5,0,36.8,3,Resolved
ADM08128,Academic Affairs,Course Registration,Medium,Portal,2.21,2,0,17.58,3,Resolved
ADM08129,Student Affairs,Password Reset,Medium,Portal,7.75,2,0,12.7,5,Pending
ADM08130,Finance,Application Issue,High,Phone,4.56,3,0,26.89,2,Resolved
ADM08131,Library,Payment Issue,Medium,Portal,9.42,3,0,41.07,4,Resolved
ADM08132,IT,Application Issue,High,Portal,4.1,4,1,43.66,2,Resolved
ADM08133,Academic Affairs,Student ID Issue,High,Portal,4.71,3,0,20.53,3,Resolved
ADM08134,Finance,Student ID Issue,Low,Portal,20.41,3,0,36.1,4,Resolved
ADM08135,IT,Portal Access,High,Walk-in,0.64,2,0,9.08,4,Resolved
ADM08136,Registrar,Graduation Clearance,Low,Portal,10.99,7,0,47.52,4,Resolved
ADM08137,Finance,Student ID Issue,Medium,Email,4.69,3,0,12.11,5,Resolved
ADM08138,Academic Affairs,Portal Access,Medium,Phone,3.75,2,0,11.13,4,Resolved
ADM08139,Admissions,Course Registration,High,Helpdesk,4.09,2,1,30.94,2,Resolved
ADM08140,Finance,Transcript Request,Medium,Email,6.16,4,0,26.8,3,Resolved
ADM08141,Registrar,Fee Statement,High,Walk-in,4.26,2,0,22.18,5,Resolved
ADM08142,IT,Payment Issue,Medium,Portal,6.81,5,0,42.67,2,Resolved
ADM08143,IT,Portal Access,Medium,Phone,6.72,6,1,31.71,3,Resolved
ADM08144,Finance,Graduation Clearance,Medium,Helpdesk,5.07,3,0,38.52,3,Resolved
ADM08145,Academic Affairs,Graduation Clearance,High,Walk-in,4.05,3,0,40.4,2,Pending
ADM08146,Registrar,Exam or Assessment Issue,Low,Helpdesk,17.66,4,0,50.13,3,Resolved
ADM08147,Finance,Accommodation Request,Medium,Email,4.71,2,0,39.81,4,Pending
ADM08148,Academic Affairs,Graduation Clearance,Medium,Email,9.95,5,0,44.06,2,Pending
ADM08149,Finance,Transcript Request,Medium,Portal,5.7,4,0,29.51,2,Pending
ADM08150,Finance,Library Issue,Low,Walk-in,10.33,3,0,19.82,5,Resolved
ADM08151,Admissions,Accommodation Request,Low,Walk-in,17.76,4,1,58.86,3,Escalated
ADM08152,Student Affairs,Transcript Request,Medium,Email,3.78,5,1,36.18,2,Resolved
ADM08153,Registrar,Accommodation Request,Medium,Email,8.65,2,1,45.72,3,Resolved
ADM08154,Academic Affairs,Password Reset,Medium,Walk-in,7.44,3,0,15.17,3,Resolved
ADM08155,Library,Accommodation Request,High,Portal,4.42,2,0,28.25,3,Resolved
ADM08156,Registrar,Portal Access,Medium,Phone,4.63,6,0,12.52,4,Resolved
ADM08157,IT,Transcript Request,Medium,Walk-in,8.84,2,0,25.28,4,Resolved
ADM08158,Finance,Library Issue,High,Email,2.75,3,0,14.75,5,Resolved
ADM08159,Admissions,Student ID Issue,Medium,Email,2.47,2,0,11.72,4,Resolved
ADM08160,Library,Accommodation Request,Critical,Helpdesk,0.55,6,0,31.71,2,Resolved
ADM08161,Academic Affairs,Graduation Clearance,Medium,Email,3.74,2,1,42.51,2,Resolved
ADM08162,Registrar,Library Issue,High,Email,3.96,6,0,21.35,3,Resolved
ADM08163,Admissions,Transcript Request,High,Email,1.41,8,0,30.57,4,Resolved
ADM08164,Admissions,Library Issue,High,Portal,3.03,9,0,23.95,4,Resolved
ADM08165,Finance,Fee Statement,Critical,Email,1.37,4,1,29.46,3,Resolved
ADM08166,Finance,Fee Statement,Low,Phone,19.48,8,1,56.88,1,Resolved
ADM08167,Registrar,Accommodation Request,Low,Helpdesk,19.68,3,0,44.64,2,Resolved
ADM08168,IT,Accommodation Request,High,Email,3.73,4,1,44.7,3,Resolved
ADM08169,Admissions,Accommodation Request,Medium,Walk-in,3.71,2,0,35.47,2,Resolved
ADM08170,Registrar,Payment Issue,High,Email,2.95,3,0,35.69,4,Resolved
ADM08171,Student Affairs,Graduation Clearance,Low,Email,9.8,2,0,40.5,3,Resolved
ADM08172,Library,Password Reset,High,Portal,3.99,6,0,9.79,5,Pending
ADM08173,Admissions,Library Issue,Low,Helpdesk,18.96,2,0,35.31,4,Pending
ADM08174,Finance,Application Issue,Medium,Helpdesk,3.84,2,0,27.92,4,Pending
ADM08175,IT,Course Registration,Critical,Email,1.35,5,0,16.74,4,Resolved
ADM08176,Finance,Accommodation Request,Low,Email,5.17,4,1,52.02,1,Resolved
ADM08177,Finance,Portal Access,Medium,Helpdesk,8.15,6,0,19.56,5,Resolved
ADM08178,Library,Fee Statement,Low,Email,19.6,6,0,43.86,4,Resolved
ADM08179,Registrar,Fee Statement,High,Phone,2.06,1,0,23.82,5,Resolved
ADM08180,Registrar,Student ID Issue,High,Email,4.13,2,0,12.51,5,Resolved
ADM08181,Registrar,Course Registration,High,Phone,4.36,4,1,33.96,2,Resolved
ADM08182,Registrar,Library Issue,Medium,Portal,3.52,5,0,25.17,3,Resolved
ADM08183,Registrar,Transcript Request,Medium,Portal,4.81,3,1,40.77,2,Resolved
ADM08184,Academic Affairs,Graduation Clearance,Low,Walk-in,9.22,2,0,40.64,4,Resolved
ADM08185,Finance,Course Registration,Medium,Email,4.99,2,0,18.82,3,Resolved
ADM08186,Registrar,Password Reset,Medium,Portal,5.58,5,0,10.66,5,Resolved
ADM08187,Finance,Exam or Assessment Issue,High,Portal,2.79,7,0,29.32,4,Resolved
ADM08188,Academic Affairs,Accommodation Request,Medium,Email,2.28,3,0,33.69,3,Resolved
ADM08189,Admissions,Portal Access,Low,Email,5.1,2,0,11.8,4,Resolved
ADM08190,Finance,Library Issue,Medium,Email,7.24,5,0,20.89,5,Resolved
ADM08191,Student Affairs,Library Issue,Medium,Email,5.54,7,0,25.12,3,Pending
ADM08192,Finance,Accommodation Request,Low,Helpdesk,5.79,3,0,32.92,4,Pending
ADM08193,Finance,Password Reset,Low,Portal,11.72,3,0,19.8,3,Resolved
ADM08194,Registrar,Accommodation Request,Low,Portal,13.51,4,0,43.53,4,Resolved
ADM08195,Finance,Accommodation Request,High,Phone,3.36,5,1,40.77,2,Resolved
ADM08196,Finance,Graduation Clearance,Medium,Phone,2.95,6,0,37.62,4,Resolved
ADM08197,IT,Exam or Assessment Issue,High,Portal,4.98,6,0,37.95,3,Resolved
ADM08198,Finance,Course Registration,Medium,Portal,5.8,6,0,24.74,2,Resolved
ADM08199,IT,Portal Access,Medium,Portal,7.45,1,0,10.64,3,Pending
ADM08200,Registrar,Graduation Clearance,Low,Email,22.16,6,0,63.95,2,Resolved
ADM08201,Registrar,Library Issue,Medium,Helpdesk,2.25,9,0,24.01,4,Resolved
ADM08202,Admissions,Student ID Issue,Medium,Walk-in,6.81,3,1,29.79,3,Resolved
ADM08203,Academic Affairs,Accommodation Request,Low,Phone,14.81,3,1,56.87,3,Resolved
ADM08204,Finance,Payment Issue,High,Portal,0.76,7,1,52.77,1,Resolved
ADM08205,IT,Transcript Request,Medium,Portal,7.54,1,1,31.66,3,Resolved
ADM08206,Finance,Exam or Assessment Issue,Medium,Portal,3.77,7,0,37.65,4,Pending
ADM08207,Registrar,Accommodation Request,Medium,Email,7.62,2,0,41.94,2,Resolved
ADM08208,Registrar,Accommodation Request,Medium,Email,4.9,2,0,30.35,2,Resolved
ADM08209,Finance,Graduation Clearance,High,Helpdesk,3.97,8,0,47.14,3,Resolved
ADM08210,Registrar,Library Issue,Medium,Phone,9.53,4,0,26.64,2,Resolved
ADM08211,Registrar,Fee Statement,Low,Email,21.21,3,1,51.55,3,Resolved
ADM08212,Library,Application Issue,Low,Portal,13.65,3,0,33.2,4,Resolved
ADM08213,Registrar,Transcript Request,Medium,Portal,3.8,3,1,32.93,3,Escalated
ADM08214,IT,Fee Statement,Medium,Phone,9.94,5,1,41.48,3,Escalated
ADM08215,Finance,Course Registration,Medium,Phone,7.28,7,0,21.38,3,Resolved
ADM08216,Admissions,Payment Issue,High,Portal,2.28,4,1,46.17,2,Resolved
ADM08217,IT,Application Issue,High,Helpdesk,2.67,1,0,24.47,4,Resolved
ADM08218,Finance,Graduation Clearance,Medium,Helpdesk,3.02,2,0,39.06,4,Resolved
ADM08219,Finance,Transcript Request,High,Helpdesk,2.77,9,0,27.93,2,Pending
ADM08220,Library,Fee Statement,Low,Portal,7.46,5,0,32.47,3,Resolved
ADM08221,Student Affairs,Graduation Clearance,Medium,Portal,4.93,1,0,36.43,2,Resolved
ADM08222,Registrar,Portal Access,High,Portal,2.71,4,0,7.84,5,Resolved
ADM08223,Registrar,Portal Access,Medium,Portal,9.58,2,1,26.27,2,Resolved
ADM08224,Student Affairs,Password Reset,Medium,Helpdesk,7.0,2,0,11.14,5,Resolved
ADM08225,Finance,Graduation Clearance,Low,Email,11.44,5,0,41.69,4,Resolved
ADM08226,IT,Accommodation Request,High,Walk-in,1.01,5,1,40.52,2,Escalated
ADM08227,Finance,Payment Issue,Medium,Portal,7.98,2,0,36.86,3,Resolved
ADM08228,Registrar,Application Issue,High,Email,2.6,4,1,39.6,3,Resolved
ADM08229,IT,Exam or Assessment Issue,Low,Portal,5.36,3,0,31.39,4,Pending
ADM08230,Admissions,Transcript Request,Low,Email,17.14,3,1,46.57,4,Resolved
ADM08231,Registrar,Portal Access,Medium,Email,4.8,1,0,9.81,5,Resolved
ADM08232,Admissions,Payment Issue,Medium,Walk-in,5.23,3,0,38.34,4,Resolved
ADM08233,Library,Application Issue,High,Phone,4.27,5,0,32.14,2,Resolved
ADM08234,IT,Password Reset,High,Email,1.12,3,0,8.37,3,Resolved
ADM08235,Registrar,Portal Access,Medium,Helpdesk,4.72,5,1,24.02,4,Escalated
ADM08236,Admissions,Library Issue,Low,Email,11.27,8,1,42.87,3,Resolved
ADM08237,IT,Portal Access,Medium,Portal,2.03,7,0,12.08,4,Resolved
ADM08238,Library,Student ID Issue,Medium,Email,8.76,3,0,20.42,3,Pending
ADM08239,IT,Library Issue,Low,Email,20.71,2,1,45.8,4,Escalated
ADM08240,Registrar,Payment Issue,High,Email,3.48,3,0,38.22,4,Resolved
ADM08241,IT,Graduation Clearance,Low,Walk-in,21.98,4,1,61.55,3,Resolved
ADM08242,IT,Password Reset,High,Helpdesk,1.73,1,0,4.11,5,Resolved
ADM08243,Registrar,Fee Statement,High,Helpdesk,1.49,2,1,32.18,3,Escalated
ADM08244,Admissions,Course Registration,Medium,Phone,2.55,6,0,17.69,5,Resolved
ADM08245,Finance,Accommodation Request,High,Phone,3.16,5,1,46.15,4,Resolved
ADM08246,IT,Accommodation Request,High,Portal,2.73,2,0,33.18,3,Resolved
ADM08247,Registrar,Portal Access,High,Portal,4.15,2,0,14.44,5,Resolved
ADM08248,IT,Transcript Request,Medium,Phone,5.85,3,0,21.51,3,Resolved
ADM08249,Academic Affairs,Library Issue,Medium,Helpdesk,3.63,5,0,20.65,3,Resolved
ADM08250,Library,Student ID Issue,High,Email,4.14,5,0,22.91,5,Resolved
ADM08251,Academic Affairs,Portal Access,Medium,Portal,5.64,4,1,23.75,4,Resolved
ADM08252,Academic Affairs,Password Reset,High,Portal,4.8,4,1,25.36,2,Resolved
ADM08253,Registrar,Course Registration,Medium,Portal,6.28,3,0,20.42,4,Resolved
ADM08254,IT,Fee Statement,Low,Phone,6.33,4,0,32.81,3,Resolved
ADM08255,Admissions,Course Registration,Critical,Portal,1.73,7,0,21.25,5,Resolved
ADM08256,Student Affairs,Student ID Issue,Low,Email,21.57,5,0,35.4,3,Resolved
ADM08257,Finance,Course Registration,High,Portal,2.5,2,0,19.99,4,Resolved
ADM08258,Academic Affairs,Graduation Clearance,Medium,Phone,2.21,4,0,37.5,2,Resolved
ADM08259,IT,Graduation Clearance,Medium,Portal,2.24,3,0,34.67,3,Resolved
ADM08260,Library,Exam or Assessment Issue,Medium,Helpdesk,4.81,6,0,36.64,4,Resolved
ADM08261,Registrar,Course Registration,High,Portal,3.72,6,1,36.16,3,Resolved
ADM08262,Registrar,Payment Issue,High,Email,1.99,8,0,41.65,4,Resolved
ADM08263,Library,Password Reset,High,Email,0.53,3,1,11.45,3,Escalated
ADM08264,Registrar,Password Reset,Medium,Email,8.79,7,0,17.48,4,Resolved
ADM08265,Student Affairs,Graduation Clearance,Low,Email,23.37,4,0,57.04,2,Resolved
ADM08266,Registrar,Application Issue,High,Portal,2.06,6,0,35.84,3,Pending
ADM08267,IT,Graduation Clearance,Medium,Phone,2.58,3,0,30.12,2,Resolved
ADM08268,Finance,Portal Access,High,Portal,1.81,4,0,7.98,5,Resolved
ADM08269,IT,Transcript Request,High,Helpdesk,4.1,6,0,33.21,2,Resolved
ADM08270,IT,Application Issue,Medium,Email,6.34,3,0,30.93,3,Resolved
ADM08271,Finance,Password Reset,High,Email,2.23,1,1,13.09,3,Escalated
ADM08272,Registrar,Accommodation Request,High,Email,2.0,2,1,38.57,4,Resolved
ADM08273,Registrar,Portal Access,High,Helpdesk,1.02,5,0,10.71,3,Resolved
ADM08274,IT,Graduation Clearance,Medium,Portal,4.72,5,1,49.03,1,Resolved
ADM08275,Admissions,Student ID Issue,High,Portal,2.62,4,0,15.39,5,Pending
ADM08276,Library,Payment Issue,Medium,Email,7.39,6,0,45.75,4,Pending
ADM08277,Admissions,Fee Statement,Low,Phone,9.24,7,0,39.36,4,Resolved
ADM08278,Admissions,Accommodation Request,Low,Phone,21.95,2,0,46.59,2,Resolved
ADM08279,Finance,Password Reset,Low,Portal,13.7,4,0,23.49,3,Resolved
ADM08280,Registrar,Exam or Assessment Issue,Low,Phone,12.1,3,0,37.72,4,Resolved
ADM08281,Finance,Portal Access,Low,Portal,15.88,5,0,31.92,3,Resolved
ADM08282,Academic Affairs,Password Reset,High,Email,1.25,4,0,12.42,3,Resolved
ADM08283,Student Affairs,Library Issue,Medium,Phone,2.85,5,1,30.71,2,Resolved
ADM08284,Finance,Application Issue,Medium,Helpdesk,4.77,4,1,40.91,2,Escalated
ADM08285,IT,Fee Statement,Medium,Phone,2.32,7,0,29.35,3,Pending
ADM08286,Student Affairs,Fee Statement,Medium,Email,5.02,5,0,28.16,3,Resolved
ADM08287,Admissions,Transcript Request,Low,Email,17.43,4,0,36.3,2,Pending
ADM08288,Registrar,Library Issue,Medium,Helpdesk,8.5,3,0,23.0,4,Resolved
ADM08289,Registrar,Course Registration,High,Portal,3.11,4,0,20.23,4,Resolved
ADM08290,Admissions,Graduation Clearance,High,Walk-in,3.61,6,1,53.42,1,Resolved
ADM08291,Academic Affairs,Library Issue,Medium,Phone,8.67,4,0,23.05,4,Resolved
ADM08292,IT,Fee Statement,Medium,Portal,8.19,5,0,32.14,4,Resolved
ADM08293,Registrar,Accommodation Request,Medium,Email,4.56,5,0,35.71,2,Pending
ADM08294,Registrar,Graduation Clearance,Medium,Email,6.59,3,1,49.0,1,Resolved
ADM08295,Library,Graduation Clearance,Medium,Portal,4.12,2,1,44.68,3,Escalated
ADM08296,Student Affairs,Exam or Assessment Issue,High,Helpdesk,3.09,3,1,36.06,3,Resolved
ADM08297,IT,Transcript Request,Low,Email,12.52,5,0,34.27,2,Resolved
ADM08298,IT,Student ID Issue,High,Portal,2.18,6,0,17.43,5,Resolved
ADM08299,Registrar,Accommodation Request,Medium,Phone,3.47,3,0,30.1,4,Resolved
ADM08300,Student Affairs,Portal Access,Medium,Portal,6.49,2,0,13.58,4,Resolved
ADM08301,Library,Course Registration,Medium,Portal,7.83,5,0,28.2,4,Resolved
ADM08302,Finance,Application Issue,Medium,Phone,6.57,3,1,42.76,4,Resolved
ADM08303,IT,Student ID Issue,Medium,Walk-in,2.55,2,1,21.6,5,Resolved
ADM08304,Registrar,Accommodation Request,Low,Portal,22.49,5,0,51.42,1,Resolved
ADM08305,Registrar,Portal Access,Medium,Helpdesk,2.04,3,0,7.82,4,Resolved
ADM08306,Registrar,Password Reset,Medium,Portal,9.08,4,0,20.09,5,Resolved
ADM08307,Registrar,Payment Issue,Low,Phone,19.32,3,0,55.52,2,Resolved
ADM08308,Finance,Course Registration,Low,Email,5.93,4,0,20.91,5,Resolved
ADM08309,Admissions,Application Issue,Medium,Portal,3.89,5,1,39.93,2,Escalated
ADM08310,Admissions,Transcript Request,Low,Email,10.98,3,1,44.57,4,Escalated
ADM08311,Admissions,Library Issue,Low,Portal,22.21,3,0,32.2,2,Resolved
ADM08312,Finance,Payment Issue,Medium,Email,9.84,3,0,53.66,2,Resolved
ADM08313,Registrar,Course Registration,High,Helpdesk,0.89,2,0,17.42,4,Resolved
ADM08314,IT,Student ID Issue,High,Phone,2.29,3,1,23.68,5,Resolved
ADM08315,Finance,Password Reset,High,Walk-in,1.17,5,0,13.49,3,Resolved
ADM08316,Finance,Graduation Clearance,Medium,Portal,4.23,7,0,40.98,4,Resolved
ADM08317,Student Affairs,Exam or Assessment Issue,Medium,Helpdesk,9.85,4,0,41.03,2,Resolved
ADM08318,Library,Transcript Request,High,Helpdesk,4.93,1,0,23.64,5,Resolved
ADM08319,Student Affairs,Fee Statement,Medium,Portal,5.78,2,0,28.04,3,Resolved
ADM08320,Admissions,Accommodation Request,Low,Portal,7.66,4,0,39.14,3,Resolved
ADM08321,Registrar,Accommodation Request,Medium,Portal,6.38,4,1,52.13,1,Escalated
ADM08322,IT,Transcript Request,Medium,Email,4.57,3,0,27.47,2,Resolved
ADM08323,Registrar,Fee Statement,High,Helpdesk,4.68,3,0,25.24,4,Resolved
ADM08324,Admissions,Exam or Assessment Issue,Medium,Portal,8.55,6,0,37.85,4,Resolved
ADM08325,Registrar,Graduation Clearance,Low,Portal,10.18,4,0,47.09,4,Resolved
ADM08326,Student Affairs,Accommodation Request,High,Walk-in,0.58,5,0,32.32,2,Resolved
ADM08327,Registrar,Course Registration,Medium,Email,9.98,4,0,28.7,2,Resolved
ADM08328,Student Affairs,Transcript Request,Medium,Email,7.47,5,0,29.37,3,Resolved
ADM08329,Student Affairs,Exam or Assessment Issue,High,Email,2.42,3,1,37.71,3,Resolved
ADM08330,Admissions,Transcript Request,Low,Portal,9.77,6,0,35.53,4,Resolved
ADM08331,Library,Student ID Issue,High,Email,0.52,5,0,14.51,5,Pending
ADM08332,IT,Fee Statement,Medium,Phone,3.23,4,0,23.61,5,Resolved
ADM08333,Library,Student ID Issue,High,Portal,0.53,6,1,23.81,4,Resolved
ADM08334,Admissions,Fee Statement,High,Portal,3.19,3,0,28.84,4,Resolved
ADM08335,Library,Student ID Issue,Medium,Email,7.31,6,1,31.39,3,Resolved
ADM08336,Admissions,Transcript Request,Low,Email,19.34,5,0,41.5,4,Resolved
ADM08337,Academic Affairs,Library Issue,Low,Phone,7.74,8,1,41.49,2,Resolved
ADM08338,Admissions,Library Issue,Medium,Email,2.77,3,0,16.35,4,Resolved
ADM08339,Admissions,Library Issue,High,Walk-in,3.43,5,0,18.99,5,Resolved
ADM08340,Library,Transcript Request,Medium,Email,6.0,4,0,22.44,4,Resolved
ADM08341,Student Affairs,Accommodation Request,Medium,Phone,9.01,4,1,50.41,3,Resolved
ADM08342,IT,Exam or Assessment Issue,High,Phone,2.9,5,1,39.4,4,Escalated
ADM08343,Registrar,Password Reset,Low,Portal,12.9,5,0,24.12,3,Resolved
ADM08344,Admissions,Graduation Clearance,High,Helpdesk,2.7,6,0,34.04,4,Resolved
ADM08345,Academic Affairs,Application Issue,Medium,Portal,8.26,4,0,30.81,4,Resolved
ADM08346,Library,Password Reset,Low,Helpdesk,4.37,2,0,10.24,3,Resolved
ADM08347,Student Affairs,Library Issue,Low,Email,22.36,4,1,50.14,1,Resolved
ADM08348,Registrar,Accommodation Request,Critical,Portal,1.49,5,1,36.55,3,Resolved
ADM08349,Admissions,Transcript Request,Medium,Email,9.08,3,0,29.46,4,Resolved
ADM08350,IT,Portal Access,Medium,Phone,9.68,4,0,20.76,5,Resolved
ADM08351,Student Affairs,Accommodation Request,Medium,Phone,3.81,5,0,38.62,2,Resolved
ADM08352,Registrar,Portal Access,High,Portal,3.1,5,0,16.67,5,Resolved
ADM08353,Student Affairs,Transcript Request,Medium,Phone,5.89,3,0,23.57,5,Pending
ADM08354,Admissions,Course Registration,High,Helpdesk,2.92,7,1,32.14,3,Escalated
ADM08355,Registrar,Graduation Clearance,Medium,Walk-in,2.38,6,0,36.54,2,Resolved
ADM08356,Finance,Fee Statement,Low,Email,22.28,5,0,41.76,2,Resolved
ADM08357,Finance,Exam or Assessment Issue,Medium,Portal,9.64,3,0,32.81,3,Resolved
ADM08358,Admissions,Application Issue,Low,Portal,17.7,4,0,49.26,3,Resolved
ADM08359,Registrar,Password Reset,High,Email,1.66,4,0,16.8,4,Resolved
ADM08360,Registrar,Student ID Issue,Low,Portal,19.74,6,0,32.07,3,Resolved
ADM08361,Student Affairs,Student ID Issue,High,Email,3.79,4,1,25.12,2,Resolved
ADM08362,Registrar,Fee Statement,Medium,Helpdesk,6.6,1,0,30.13,4,Resolved
ADM08363,Finance,Accommodation Request,High,Walk-in,1.27,2,1,36.5,2,Escalated
ADM08364,Admissions,Student ID Issue,Low,Helpdesk,8.02,5,0,28.15,3,Resolved
ADM08365,Admissions,Graduation Clearance,Critical,Helpdesk,1.26,3,0,37.76,3,Resolved
ADM08366,Library,Payment Issue,Low,Phone,6.58,6,0,46.1,3,Resolved
ADM08367,Admissions,Student ID Issue,High,Email,3.76,5,0,18.07,4,Resolved
ADM08368,Library,Transcript Request,Medium,Walk-in,3.7,7,1,43.04,4,Escalated
ADM08369,IT,Fee Statement,Medium,Email,9.28,3,1,41.81,2,Resolved
ADM08370,Registrar,Application Issue,Medium,Email,9.2,3,0,29.02,2,Resolved
ADM08371,Registrar,Fee Statement,High,Email,1.82,6,0,28.14,3,Resolved
ADM08372,Admissions,Application Issue,Low,Email,5.67,5,0,37.36,4,Resolved
ADM08373,Finance,Payment Issue,High,Walk-in,3.25,6,0,41.46,2,Resolved
ADM08374,Library,Exam or Assessment Issue,Medium,Helpdesk,5.59,3,0,33.93,3,Resolved
ADM08375,IT,Student ID Issue,Critical,Email,0.46,2,1,18.77,3,Resolved
ADM08376,Finance,Fee Statement,Medium,Email,6.25,6,0,36.84,4,Resolved
ADM08377,Registrar,Graduation Clearance,Low,Email,23.85,7,0,63.3,3,Resolved
ADM08378,Finance,Portal Access,Medium,Phone,2.55,3,1,24.59,3,Resolved
ADM08379,IT,Library Issue,Low,Portal,9.28,4,0,23.14,4,Resolved
ADM08380,Admissions,Graduation Clearance,Medium,Helpdesk,6.31,3,0,41.52,2,Resolved
ADM08381,Admissions,Payment Issue,Medium,Email,8.35,3,0,41.13,3,Resolved
ADM08382,Registrar,Accommodation Request,High,Helpdesk,0.58,2,1,39.48,2,Escalated
ADM08383,IT,Portal Access,High,Email,3.8,9,1,33.76,2,Escalated
ADM08384,Student Affairs,Application Issue,Low,Portal,6.8,5,1,48.27,3,Resolved
ADM08385,Finance,Fee Statement,Medium,Email,8.65,1,0,27.53,2,Resolved
ADM08386,Admissions,Application Issue,Medium,Portal,7.54,4,0,33.2,4,Resolved
ADM08387,Academic Affairs,Application Issue,Medium,Email,5.65,7,0,31.89,2,Resolved
ADM08388,Finance,Graduation Clearance,Low,Helpdesk,20.43,5,1,69.34,3,Escalated
ADM08389,IT,Graduation Clearance,High,Email,3.8,6,0,36.53,3,Resolved
ADM08390,Registrar,Payment Issue,Critical,Portal,1.57,4,0,29.81,4,Resolved
ADM08391,IT,Graduation Clearance,Medium,Email,4.32,3,1,46.94,3,Resolved
ADM08392,Registrar,Portal Access,Medium,Portal,6.96,7,1,29.74,3,Resolved
ADM08393,Academic Affairs,Fee Statement,Medium,Email,3.13,6,0,33.09,4,Resolved
ADM08394,IT,Student ID Issue,High,Helpdesk,4.19,4,0,19.06,5,Resolved
ADM08395,Library,Course Registration,Low,Email,14.53,3,1,34.96,3,Resolved
ADM08396,IT,Password Reset,Medium,Portal,8.6,6,0,22.38,5,Resolved
ADM08397,IT,Password Reset,High,Portal,1.45,5,0,7.76,4,Resolved
ADM08398,Admissions,Graduation Clearance,Low,Phone,6.61,1,0,37.08,2,Resolved
ADM08399,Student Affairs,Payment Issue,Medium,Email,7.51,3,0,47.87,4,Resolved
ADM08400,Academic Affairs,Accommodation Request,Low,Walk-in,5.17,8,0,40.46,2,Resolved
ADM08401,Admissions,Graduation Clearance,High,Portal,1.6,3,0,36.18,2,Resolved
ADM08402,Academic Affairs,Transcript Request,Medium,Portal,9.27,3,1,39.56,3,Resolved
ADM08403,IT,Course Registration,Critical,Email,0.44,8,0,23.37,3,Resolved
ADM08404,Admissions,Fee Statement,High,Portal,2.19,4,0,25.65,4,Resolved
ADM08405,Admissions,Password Reset,High,Portal,4.76,5,0,11.42,4,Resolved
ADM08406,Registrar,Accommodation Request,Medium,Email,2.16,6,0,34.17,3,Resolved
ADM08407,Registrar,Transcript Request,High,Email,2.5,2,0,24.11,3,Pending
ADM08408,Finance,Portal Access,Low,Phone,19.73,7,0,35.88,3,Resolved
ADM08409,Admissions,Fee Statement,Medium,Email,9.27,3,0,33.12,3,Resolved
ADM08410,Finance,Application Issue,Low,Email,18.71,7,0,54.75,2,Resolved
ADM08411,Admissions,Graduation Clearance,Medium,Portal,9.11,4,0,47.24,4,Resolved
ADM08412,Academic Affairs,Accommodation Request,High,Email,0.65,3,0,29.32,2,Resolved
ADM08413,Finance,Fee Statement,High,Portal,0.95,9,0,28.34,2,Resolved
ADM08414,Admissions,Course Registration,High,Portal,3.82,3,0,18.62,3,Resolved
ADM08415,Registrar,Application Issue,High,Email,3.89,3,0,23.52,4,Resolved
ADM08416,Registrar,Course Registration,High,Portal,3.22,6,0,23.51,5,Resolved
ADM08417,Library,Library Issue,High,Email,3.79,2,0,19.63,4,Resolved
ADM08418,IT,Password Reset,Medium,Portal,8.86,3,0,11.64,5,Resolved
ADM08419,Library,Exam or Assessment Issue,Low,Helpdesk,14.91,2,0,41.53,2,Resolved
ADM08420,Registrar,Transcript Request,Medium,Portal,9.58,3,0,26.71,2,Resolved
ADM08421,IT,Exam or Assessment Issue,Medium,Phone,7.55,6,0,37.81,4,Resolved
ADM08422,Finance,Accommodation Request,Medium,Phone,5.78,6,1,51.29,2,Resolved
ADM08423,Finance,Application Issue,Critical,Walk-in,0.96,3,0,20.24,4,Resolved
ADM08424,Registrar,Password Reset,High,Phone,3.88,2,0,10.88,3,Resolved
ADM08425,Registrar,Payment Issue,Medium,Email,7.04,2,1,49.9,3,Resolved
ADM08426,Finance,Graduation Clearance,Low,Portal,20.35,4,0,53.56,1,Pending
ADM08427,Registrar,Course Registration,Medium,Helpdesk,8.25,3,0,23.5,5,Pending
ADM08428,Academic Affairs,Library Issue,Low,Portal,14.48,5,0,30.67,4,Resolved
ADM08429,Finance,Course Registration,Medium,Email,9.57,3,0,28.71,3,Resolved
ADM08430,Registrar,Fee Statement,High,Email,3.67,5,1,38.51,2,Resolved
ADM08431,Registrar,Portal Access,Medium,Email,3.61,2,0,11.99,3,Resolved
ADM08432,IT,Library Issue,Medium,Helpdesk,6.95,5,0,26.76,4,Resolved
ADM08433,Registrar,Library Issue,Low,Portal,8.04,6,0,24.62,3,Resolved
ADM08434,Student Affairs,Transcript Request,Medium,Phone,6.47,8,0,29.39,2,Resolved
ADM08435,Academic Affairs,Accommodation Request,High,Portal,4.05,4,0,36.32,2,Pending
ADM08436,Finance,Payment Issue,High,Email,4.16,1,0,41.24,2,Resolved
ADM08437,Admissions,Payment Issue,Low,Email,17.02,5,1,65.49,1,Resolved
ADM08438,Registrar,Transcript Request,High,Portal,4.02,6,0,26.98,4,Resolved
ADM08439,IT,Course Registration,Medium,Email,5.78,5,0,24.08,2,Resolved
ADM08440,Admissions,Student ID Issue,High,Email,2.98,5,0,14.73,3,Resolved
ADM08441,Finance,Password Reset,Low,Email,21.59,4,0,28.13,4,Pending
ADM08442,Registrar,Exam or Assessment Issue,High,Phone,2.72,6,1,41.92,3,Escalated
ADM08443,IT,Student ID Issue,Low,Email,11.02,5,0,27.58,2,Resolved
ADM08444,Admissions,Fee Statement,Medium,Portal,8.38,3,0,32.18,2,Resolved
ADM08445,Registrar,Payment Issue,Medium,Walk-in,2.4,1,0,28.74,4,Resolved
ADM08446,IT,Exam or Assessment Issue,Medium,Email,9.67,5,0,40.52,3,Resolved
ADM08447,IT,Accommodation Request,High,Portal,2.03,2,0,25.23,2,Resolved
ADM08448,Student Affairs,Portal Access,Low,Helpdesk,16.59,2,1,34.16,3,Resolved
ADM08449,Registrar,Course Registration,High,Phone,3.58,3,0,21.22,3,Resolved
ADM08450,Library,Accommodation Request,Medium,Walk-in,3.1,4,0,35.69,3,Resolved
ADM08451,IT,Accommodation Request,High,Email,4.2,3,0,34.97,4,Resolved
ADM08452,Registrar,Application Issue,High,Helpdesk,3.07,6,1,43.81,3,Resolved
ADM08453,IT,Library Issue,Low,Email,10.56,3,0,26.02,4,Resolved
ADM08454,Admissions,Password Reset,Medium,Helpdesk,8.81,4,0,18.39,4,Pending
ADM08455,Academic Affairs,Exam or Assessment Issue,Medium,Helpdesk,7.0,2,0,32.15,2,Resolved
ADM08456,Registrar,Library Issue,High,Portal,4.04,6,0,19.02,5,Resolved
ADM08457,IT,Accommodation Request,Critical,Portal,1.99,5,0,32.03,3,Resolved
ADM08458,Finance,Transcript Request,Low,Walk-in,6.61,6,1,38.94,3,Escalated
ADM08459,Academic Affairs,Student ID Issue,Medium,Portal,8.0,4,0,19.57,3,Resolved
ADM08460,Finance,Application Issue,High,Portal,3.91,4,1,43.55,4,Escalated
ADM08461,Academic Affairs,Library Issue,Medium,Helpdesk,9.0,4,0,24.74,3,Pending
ADM08462,Student Affairs,Fee Statement,High,Email,2.34,3,0,22.61,5,Resolved
ADM08463,Finance,Exam or Assessment Issue,Low,Helpdesk,21.39,4,0,50.36,3,Resolved
ADM08464,Library,Exam or Assessment Issue,Medium,Phone,7.12,4,1,47.23,2,Escalated
ADM08465,Academic Affairs,Portal Access,High,Walk-in,0.81,6,0,13.16,3,Resolved
ADM08466,Finance,Portal Access,Medium,Email,2.25,6,0,16.54,4,Resolved
ADM08467,Admissions,Password Reset,High,Email,2.67,5,0,9.38,4,Resolved
ADM08468,Admissions,Exam or Assessment Issue,Low,Helpdesk,19.72,2,1,54.24,3,Escalated
ADM08469,Finance,Fee Statement,Medium,Email,5.07,2,1,35.58,4,Resolved
ADM08470,Registrar,Library Issue,High,Phone,4.33,3,1,24.69,2,Resolved
ADM08471,Finance,Library Issue,Medium,Walk-in,5.94,4,1,33.28,4,Resolved
ADM08472,Finance,Accommodation Request,Low,Email,4.53,5,0,38.42,2,Resolved
ADM08473,Admissions,Library Issue,Critical,Phone,1.95,2,0,13.98,5,Resolved
ADM08474,Registrar,Fee Statement,High,Email,2.7,7,1,38.03,4,Resolved
ADM08475,Student Affairs,Portal Access,High,Portal,3.43,3,1,26.08,4,Resolved
ADM08476,IT,Accommodation Request,Critical,Portal,0.56,2,0,27.9,3,Resolved
ADM08477,Registrar,Course Registration,Low,Phone,9.95,2,0,24.95,2,Resolved
ADM08478,IT,Fee Statement,Low,Helpdesk,13.69,6,0,46.0,2,Pending
ADM08479,IT,Transcript Request,Low,Email,21.12,2,0,40.66,2,Resolved
ADM08480,Academic Affairs,Graduation Clearance,High,Portal,0.96,2,0,30.93,2,Resolved
ADM08481,Registrar,Library Issue,High,Portal,4.01,3,1,24.95,4,Resolved
ADM08482,Finance,Portal Access,Medium,Portal,6.63,1,0,9.97,3,Resolved
ADM08483,Academic Affairs,Student ID Issue,High,Portal,2.75,4,0,15.73,3,Resolved
ADM08484,Academic Affairs,Exam or Assessment Issue,Medium,Helpdesk,9.01,6,0,46.05,4,Pending
ADM08485,IT,Exam or Assessment Issue,Low,Helpdesk,6.36,3,1,42.75,2,Escalated
ADM08486,Library,Library Issue,Low,Email,23.82,4,0,34.92,2,Resolved
ADM08487,Registrar,Transcript Request,Low,Phone,21.09,7,0,44.43,3,Resolved
ADM08488,Admissions,Exam or Assessment Issue,Medium,Phone,4.61,1,0,26.5,2,Resolved
ADM08489,Finance,Portal Access,Medium,Helpdesk,5.61,4,0,17.88,3,Resolved
ADM08490,Registrar,Password Reset,High,Email,0.61,1,0,5.61,5,Resolved
ADM08491,Student Affairs,Library Issue,Low,Walk-in,14.55,5,0,30.26,2,Resolved
ADM08492,Registrar,Accommodation Request,High,Helpdesk,2.96,3,0,34.3,4,Resolved
ADM08493,Admissions,Application Issue,Medium,Helpdesk,9.41,6,0,41.55,2,Resolved
ADM08494,Academic Affairs,Exam or Assessment Issue,Critical,Portal,0.9,7,0,32.55,2,Resolved
ADM08495,Registrar,Fee Statement,High,Portal,3.07,4,0,26.05,3,Pending
ADM08496,Academic Affairs,Transcript Request,Critical,Phone,1.53,5,0,26.96,3,Resolved
ADM08497,Academic Affairs,Library Issue,Medium,Portal,6.87,3,0,22.44,3,Resolved
ADM08498,IT,Course Registration,Low,Portal,7.12,5,0,25.95,2,Resolved
ADM08499,Registrar,Student ID Issue,Medium,Portal,3.37,2,0,5.4,5,Resolved
ADM08500,Finance,Portal Access,Low,Portal,6.77,5,1,31.15,4,Escalated
ADM08501,Admissions,Transcript Request,Medium,Portal,3.74,4,0,24.11,4,Resolved
ADM08502,Finance,Fee Statement,Medium,Email,4.63,6,0,28.16,2,Resolved
ADM08503,Finance,Library Issue,Medium,Email,7.92,2,0,21.66,5,Pending
ADM08504,Academic Affairs,Course Registration,High,Portal,0.77,7,0,26.6,2,Pending
ADM08505,Registrar,Portal Access,Medium,Email,8.56,8,0,26.66,3,Resolved
ADM08506,Library,Fee Statement,Critical,Walk-in,0.67,6,0,29.99,4,Pending
ADM08507,Registrar,Portal Access,Medium,Portal,6.91,4,0,20.01,4,Resolved
ADM08508,IT,Fee Statement,Medium,Walk-in,6.42,5,0,30.65,2,Resolved
ADM08509,Academic Affairs,Exam or Assessment Issue,Medium,Email,3.23,3,0,33.09,2,Resolved
ADM08510,Finance,Exam or Assessment Issue,High,Walk-in,1.79,6,1,41.84,3,Escalated
ADM08511,Registrar,Library Issue,High,Helpdesk,1.83,1,0,8.23,4,Resolved
ADM08512,IT,Application Issue,High,Portal,3.31,6,0,33.72,4,Resolved
ADM08513,IT,Payment Issue,Medium,Email,8.31,5,0,43.65,4,Resolved
ADM08514,IT,Accommodation Request,Low,Phone,23.93,2,1,60.71,2,Escalated
ADM08515,Finance,Application Issue,Low,Phone,5.92,4,0,28.63,3,Resolved
ADM08516,Finance,Graduation Clearance,Medium,Email,9.51,2,0,38.66,3,Resolved
ADM08517,Academic Affairs,Payment Issue,Critical,Helpdesk,1.21,3,0,37.4,2,Resolved
ADM08518,Academic Affairs,Library Issue,High,Portal,2.11,4,0,18.4,4,Pending
ADM08519,Admissions,Library Issue,Medium,Walk-in,4.28,2,0,15.46,4,Resolved
ADM08520,Student Affairs,Library Issue,High,Portal,1.44,6,0,16.31,5,Resolved
ADM08521,Admissions,Payment Issue,Medium,Email,6.46,4,0,44.8,4,Resolved
ADM08522,Admissions,Course Registration,Low,Email,22.92,3,0,43.71,4,Resolved
ADM08523,Registrar,Transcript Request,Medium,Email,3.46,4,1,31.6,3,Resolved
ADM08524,Admissions,Payment Issue,Medium,Helpdesk,5.49,4,1,50.6,2,Resolved
ADM08525,Admissions,Student ID Issue,High,Phone,1.42,4,0,12.42,4,Resolved
ADM08526,Registrar,Transcript Request,Medium,Walk-in,3.41,4,1,31.29,3,Escalated
ADM08527,Admissions,Exam or Assessment Issue,High,Helpdesk,4.4,5,1,41.63,3,Resolved
ADM08528,Library,Student ID Issue,Medium,Email,4.1,3,0,14.55,4,Pending
ADM08529,IT,Fee Statement,Medium,Email,3.98,5,0,30.44,3,Resolved
ADM08530,IT,Accommodation Request,Medium,Helpdesk,9.28,8,0,50.42,3,Resolved
ADM08531,Student Affairs,Accommodation Request,High,Portal,2.24,6,0,32.76,3,Resolved
ADM08532,Registrar,Exam or Assessment Issue,Medium,Phone,2.07,5,0,27.87,4,Resolved
ADM08533,IT,Accommodation Request,High,Portal,3.75,1,0,23.64,3,Resolved
ADM08534,Library,Password Reset,Medium,Walk-in,6.14,6,0,18.41,5,Resolved
ADM08535,Admissions,Payment Issue,Medium,Portal,8.19,4,1,56.54,3,Resolved
ADM08536,Finance,Course Registration,Medium,Walk-in,6.56,7,0,27.78,4,Resolved
ADM08537,Registrar,Fee Statement,Low,Helpdesk,11.03,6,1,48.03,1,Resolved
ADM08538,Student Affairs,Library Issue,High,Phone,0.8,2,1,19.01,5,Escalated
ADM08539,Admissions,Payment Issue,Medium,Portal,8.93,7,1,58.66,2,Resolved
ADM08540,Student Affairs,Student ID Issue,Medium,Portal,3.66,3,1,25.18,4,Resolved
ADM08541,IT,Student ID Issue,Medium,Email,9.77,5,1,40.33,2,Resolved
ADM08542,IT,Transcript Request,Medium,Phone,3.97,2,0,18.56,4,Resolved
ADM08543,Library,Library Issue,High,Email,4.22,7,0,19.15,4,Resolved
ADM08544,IT,Password Reset,High,Helpdesk,4.05,5,0,10.11,5,Pending
ADM08545,Finance,Exam or Assessment Issue,High,Phone,2.58,4,0,29.75,3,Resolved
ADM08546,Admissions,Student ID Issue,Medium,Helpdesk,5.21,6,1,34.65,3,Resolved
ADM08547,Library,Accommodation Request,Medium,Email,7.63,2,1,43.91,4,Escalated
ADM08548,Finance,Transcript Request,High,Helpdesk,2.88,2,1,31.74,2,Resolved
ADM08549,Finance,Application Issue,Low,Phone,16.64,4,0,38.27,3,Resolved
ADM08550,Registrar,Portal Access,High,Walk-in,2.62,5,0,10.24,3,Resolved
ADM08551,Academic Affairs,Transcript Request,High,Email,3.01,3,0,21.67,3,Resolved
ADM08552,Registrar,Transcript Request,High,Portal,1.35,2,0,26.77,3,Resolved
ADM08553,IT,Student ID Issue,Low,Portal,5.11,6,1,25.24,2,Resolved
ADM08554,Admissions,Payment Issue,Critical,Portal,0.84,3,0,38.94,3,Resolved
ADM08555,Admissions,Library Issue,High,Email,2.6,3,0,14.13,5,Resolved
ADM08556,IT,Exam or Assessment Issue,High,Helpdesk,4.58,6,1,41.39,3,Escalated
ADM08557,Registrar,Application Issue,Low,Email,12.28,3,0,32.79,3,Resolved
ADM08558,IT,Accommodation Request,Medium,Email,5.47,5,1,51.72,3,Escalated
ADM08559,Library,Payment Issue,Low,Portal,17.5,3,0,50.75,1,Resolved
ADM08560,Student Affairs,Fee Statement,Medium,Helpdesk,3.65,4,0,27.57,3,Resolved
ADM08561,Registrar,Student ID Issue,Medium,Portal,8.97,3,0,23.18,3,Resolved
ADM08562,Student Affairs,Library Issue,High,Portal,2.42,5,1,28.34,2,Resolved
ADM08563,IT,Course Registration,Medium,Portal,9.45,4,1,40.05,4,Resolved
ADM08564,Student Affairs,Accommodation Request,Medium,Walk-in,4.17,4,0,33.91,2,Resolved
ADM08565,Admissions,Payment Issue,Low,Email,13.31,5,0,48.91,2,Resolved
ADM08566,Admissions,Exam or Assessment Issue,Medium,Email,8.23,7,0,38.91,3,Resolved
ADM08567,Academic Affairs,Accommodation Request,High,Email,3.0,2,1,43.75,2,Escalated
ADM08568,Student Affairs,Library Issue,High,Portal,3.48,5,0,20.17,4,Resolved
ADM08569,Admissions,Fee Statement,Medium,Portal,4.25,1,1,33.98,4,Resolved
ADM08570,Finance,Fee Statement,Medium,Phone,4.63,2,0,20.67,4,Resolved
ADM08571,Finance,Accommodation Request,Medium,Phone,6.06,4,0,38.49,2,Resolved
ADM08572,Finance,Fee Statement,Low,Email,8.05,5,0,40.19,3,Resolved
ADM08573,Finance,Payment Issue,Medium,Email,3.01,4,1,50.6,2,Resolved
ADM08574,Finance,Accommodation Request,Low,Email,20.88,4,0,49.78,3,Resolved
ADM08575,Student Affairs,Graduation Clearance,High,Email,3.99,7,0,44.35,2,Pending
ADM08576,Registrar,Payment Issue,Low,Email,22.64,3,0,60.91,3,Resolved
ADM08577,IT,Exam or Assessment Issue,Low,Phone,15.73,6,0,42.3,2,Pending
ADM08578,Registrar,Fee Statement,High,Portal,2.39,7,0,27.59,2,Resolved
ADM08579,Finance,Password Reset,High,Walk-in,0.96,6,0,10.29,4,Resolved
ADM08580,Registrar,Portal Access,Critical,Portal,1.73,2,0,9.8,3,Resolved
ADM08581,Finance,Course Registration,High,Email,2.55,4,0,17.83,3,Resolved
ADM08582,Library,Student ID Issue,Medium,Portal,6.49,4,0,18.81,5,Resolved
ADM08583,Student Affairs,Library Issue,Medium,Portal,4.51,4,1,21.74,4,Escalated
ADM08584,Finance,Course Registration,High,Helpdesk,2.86,3,0,19.37,5,Resolved
ADM08585,Admissions,Payment Issue,High,Walk-in,4.02,3,0,41.18,3,Resolved
ADM08586,Admissions,Portal Access,Medium,Portal,7.7,2,0,15.23,5,Resolved
ADM08587,Student Affairs,Portal Access,Medium,Phone,9.91,6,1,36.91,4,Resolved
ADM08588,Library,Password Reset,Medium,Email,5.97,7,0,18.06,4,Resolved
ADM08589,Admissions,Exam or Assessment Issue,High,Phone,2.88,3,0,31.29,3,Resolved
ADM08590,IT,Graduation Clearance,Medium,Helpdesk,2.42,5,0,37.88,3,Pending
ADM08591,Student Affairs,Application Issue,High,Phone,2.25,5,0,35.24,4,Pending
ADM08592,Registrar,Application Issue,Critical,Portal,1.86,5,1,38.63,2,Escalated
ADM08593,Admissions,Payment Issue,High,Phone,2.08,6,0,34.24,2,Resolved
ADM08594,Student Affairs,Portal Access,Medium,Helpdesk,8.13,1,1,20.63,5,Resolved
ADM08595,Library,Password Reset,Medium,Email,9.82,3,0,18.84,5,Resolved
ADM08596,Admissions,Student ID Issue,Low,Portal,6.54,4,0,21.1,4,Resolved
ADM08597,Admissions,Student ID Issue,High,Portal,2.0,5,0,14.18,4,Resolved
ADM08598,Finance,Course Registration,Medium,Email,5.79,3,0,18.17,4,Pending
ADM08599,Admissions,Accommodation Request,Medium,Portal,3.9,3,1,43.66,4,Resolved
ADM08600,IT,Library Issue,Medium,Portal,2.1,4,0,14.4,4,Resolved
ADM08601,Admissions,Password Reset,Low,Email,13.37,4,0,21.92,3,Resolved
ADM08602,IT,Accommodation Request,Critical,Portal,1.17,5,0,32.23,3,Resolved
ADM08603,Student Affairs,Fee Statement,High,Phone,3.31,3,0,25.52,3,Resolved
ADM08604,Registrar,Student ID Issue,Medium,Email,8.62,6,0,25.41,3,Resolved
ADM08605,Admissions,Payment Issue,High,Helpdesk,1.64,6,0,34.64,4,Resolved
ADM08606,Admissions,Password Reset,High,Email,0.77,4,0,9.53,3,Resolved
ADM08607,IT,Portal Access,High,Phone,0.9,4,0,10.97,4,Resolved
ADM08608,Finance,Transcript Request,High,Email,2.74,4,0,26.58,3,Pending
ADM08609,IT,Transcript Request,High,Portal,4.65,4,1,35.23,2,Resolved
ADM08610,Student Affairs,Student ID Issue,Low,Portal,23.64,2,0,33.95,3,Resolved
ADM08611,Admissions,Password Reset,Medium,Phone,3.64,4,0,12.37,4,Resolved
ADM08612,Academic Affairs,Accommodation Request,High,Walk-in,1.18,4,0,29.39,4,Resolved
ADM08613,Academic Affairs,Exam or Assessment Issue,Low,Walk-in,11.07,5,0,39.55,4,Resolved
ADM08614,Registrar,Graduation Clearance,Low,Portal,13.28,1,0,45.41,4,Resolved
ADM08615,Finance,Accommodation Request,Medium,Email,8.46,2,0,32.85,4,Resolved
ADM08616,Academic Affairs,Password Reset,Medium,Portal,8.2,5,0,18.58,5,Resolved
ADM08617,Academic Affairs,Exam or Assessment Issue,Low,Portal,22.45,4,0,49.28,3,Resolved
ADM08618,Registrar,Library Issue,Medium,Email,8.86,5,0,24.42,2,Pending
ADM08619,Registrar,Student ID Issue,Medium,Email,5.51,2,0,15.16,4,Resolved
ADM08620,Registrar,Fee Statement,Low,Portal,4.38,2,0,21.87,3,Resolved
ADM08621,Academic Affairs,Course Registration,High,Email,1.56,2,0,20.99,3,Resolved
ADM08622,Registrar,Password Reset,High,Portal,3.25,3,0,11.09,3,Resolved
ADM08623,Admissions,Library Issue,Medium,Walk-in,6.01,3,0,18.24,3,Resolved
ADM08624,Student Affairs,Transcript Request,Medium,Portal,3.92,2,0,20.45,5,Resolved
ADM08625,Registrar,Accommodation Request,High,Helpdesk,1.09,4,0,35.34,3,Resolved
ADM08626,IT,Payment Issue,High,Email,1.47,3,0,44.1,4,Resolved
ADM08627,Finance,Student ID Issue,Low,Email,9.19,2,0,15.43,5,Resolved
ADM08628,Student Affairs,Exam or Assessment Issue,High,Phone,4.4,2,1,39.3,3,Resolved
ADM08629,Finance,Accommodation Request,High,Helpdesk,3.7,4,0,34.16,4,Resolved
ADM08630,IT,Fee Statement,High,Phone,2.99,6,0,29.72,2,Resolved
ADM08631,IT,Library Issue,Low,Phone,4.42,2,0,17.03,3,Resolved
ADM08632,Finance,Exam or Assessment Issue,Low,Walk-in,20.42,3,1,55.13,3,Resolved
ADM08633,Registrar,Transcript Request,Medium,Phone,6.42,2,0,25.76,3,Resolved
ADM08634,Admissions,Fee Statement,Low,Walk-in,16.55,4,1,48.59,1,Escalated
ADM08635,Finance,Course Registration,Low,Helpdesk,5.31,4,0,21.88,5,Resolved
ADM08636,Library,Application Issue,Low,Email,20.3,7,0,48.59,1,Resolved
ADM08637,Library,Payment Issue,High,Helpdesk,4.24,1,0,36.33,3,Resolved
ADM08638,Admissions,Course Registration,Low,Email,21.67,4,0,43.24,2,Resolved
ADM08639,IT,Student ID Issue,Low,Helpdesk,14.56,1,0,19.36,4,Resolved
ADM08640,IT,Accommodation Request,High,Email,2.27,3,0,29.45,2,Pending
ADM08641,Student Affairs,Portal Access,Low,Portal,5.46,7,0,17.43,3,Resolved
ADM08642,Admissions,Portal Access,Medium,Helpdesk,3.55,5,0,23.41,3,Resolved
ADM08643,Finance,Exam or Assessment Issue,Medium,Email,3.8,4,0,33.84,4,Resolved
ADM08644,Finance,Transcript Request,Critical,Phone,0.31,2,0,14.29,5,Resolved
ADM08645,Admissions,Password Reset,High,Portal,1.19,3,0,9.37,5,Resolved
ADM08646,Admissions,Graduation Clearance,Medium,Email,9.09,5,0,50.24,1,Resolved
ADM08647,Admissions,Graduation Clearance,High,Helpdesk,2.95,3,0,31.85,3,Resolved
ADM08648,Registrar,Accommodation Request,Medium,Email,8.12,1,1,46.06,3,Resolved
ADM08649,IT,Portal Access,High,Walk-in,1.74,5,1,21.75,5,Resolved
ADM08650,Registrar,Exam or Assessment Issue,Medium,Portal,3.08,5,0,30.81,4,Resolved
ADM08651,Registrar,Library Issue,Medium,Walk-in,4.99,3,0,17.37,3,Resolved
ADM08652,Admissions,Graduation Clearance,Medium,Walk-in,8.34,5,0,46.12,2,Resolved
ADM08653,Finance,Application Issue,Medium,Phone,4.38,3,0,25.93,3,Resolved
ADM08654,IT,Transcript Request,High,Helpdesk,1.42,3,0,23.81,5,Resolved
ADM08655,Finance,Payment Issue,Low,Email,4.45,6,0,45.61,2,Pending
ADM08656,Admissions,Graduation Clearance,Medium,Walk-in,6.99,4,0,42.17,2,Resolved
ADM08657,Admissions,Course Registration,High,Phone,2.46,4,0,22.92,3,Resolved
ADM08658,Registrar,Course Registration,Low,Portal,9.18,3,0,26.14,4,Resolved
ADM08659,Registrar,Portal Access,Medium,Portal,6.16,3,0,19.32,3,Resolved
ADM08660,Student Affairs,Transcript Request,High,Phone,3.65,4,1,30.35,3,Resolved
ADM08661,Admissions,Portal Access,High,Phone,1.61,2,0,6.43,4,Resolved
ADM08662,Admissions,Course Registration,Low,Email,16.18,4,0,32.8,3,Resolved
ADM08663,Registrar,Exam or Assessment Issue,Medium,Email,4.08,4,0,31.48,4,Resolved
ADM08664,Admissions,Student ID Issue,Low,Email,23.73,7,1,46.59,2,Escalated
ADM08665,IT,Fee Statement,Medium,Email,7.86,5,0,32.88,2,Resolved
ADM08666,IT,Accommodation Request,Low,Email,16.05,4,0,47.09,3,Resolved
ADM08667,IT,Transcript Request,Medium,Portal,3.38,3,0,22.53,3,Resolved
ADM08668,Registrar,Library Issue,High,Portal,3.14,5,0,15.99,5,Resolved
ADM08669,Finance,Portal Access,Medium,Helpdesk,8.4,4,0,17.32,3,Resolved
ADM08670,Student Affairs,Graduation Clearance,High,Phone,3.82,5,0,37.98,2,Resolved
ADM08671,Academic Affairs,Portal Access,Medium,Email,8.22,3,0,17.45,5,Resolved
ADM08672,Registrar,Password Reset,Medium,Email,4.54,5,0,16.14,3,Resolved
ADM08673,Admissions,Application Issue,Medium,Phone,4.63,3,0,24.52,4,Resolved
ADM08674,Registrar,Graduation Clearance,Medium,Walk-in,6.31,3,0,39.15,4,Resolved
ADM08675,Registrar,Exam or Assessment Issue,Medium,Phone,4.23,4,0,28.98,2,Resolved
ADM08676,Finance,Payment Issue,High,Phone,1.01,6,1,50.32,1,Resolved
ADM08677,Registrar,Portal Access,High,Email,2.58,6,0,22.36,3,Resolved
ADM08678,IT,Library Issue,High,Portal,0.51,6,0,15.25,4,Resolved
ADM08679,Admissions,Payment Issue,Medium,Phone,8.09,5,0,43.82,4,Resolved
ADM08680,Registrar,Application Issue,Low,Email,18.99,5,0,47.3,4,Resolved
ADM08681,Registrar,Password Reset,High,Portal,2.98,5,0,15.41,4,Pending
ADM08682,Library,Portal Access,Medium,Email,7.98,1,0,15.67,4,Resolved
ADM08683,Registrar,Payment Issue,High,Portal,3.31,4,0,43.65,3,Resolved
ADM08684,IT,Payment Issue,High,Portal,3.64,5,1,47.75,2,Resolved
ADM08685,Finance,Student ID Issue,High,Portal,0.79,4,0,11.53,5,Resolved
ADM08686,IT,Payment Issue,Medium,Portal,9.05,4,1,54.28,3,Resolved
ADM08687,Finance,Course Registration,High,Portal,3.4,3,1,31.17,2,Escalated
ADM08688,Registrar,Application Issue,High,Helpdesk,3.25,6,0,29.77,3,Resolved
ADM08689,Finance,Library Issue,Medium,Phone,5.1,2,0,19.19,4,Resolved
ADM08690,Registrar,Password Reset,High,Walk-in,0.63,6,1,21.71,4,Resolved
ADM08691,Admissions,Application Issue,Low,Email,22.03,2,0,45.04,3,Resolved
ADM08692,IT,Fee Statement,Medium,Portal,9.89,5,0,32.54,3,Resolved
ADM08693,Finance,Exam or Assessment Issue,High,Email,4.14,4,0,35.15,2,Resolved
ADM08694,Registrar,Course Registration,Low,Email,22.3,5,0,42.73,3,Resolved
ADM08695,Admissions,Password Reset,Medium,Portal,2.97,5,0,8.55,3,Resolved
ADM08696,IT,Exam or Assessment Issue,Medium,Portal,3.03,2,0,28.69,4,Pending
ADM08697,Academic Affairs,Fee Statement,Medium,Portal,9.04,1,0,29.24,2,Resolved
ADM08698,IT,Payment Issue,Medium,Helpdesk,2.46,4,0,41.47,2,Pending
ADM08699,Admissions,Application Issue,Critical,Walk-in,0.37,6,0,29.56,2,Resolved
ADM08700,IT,Graduation Clearance,Medium,Email,8.53,3,0,42.6,3,Resolved
ADM08701,Academic Affairs,Library Issue,High,Phone,3.01,1,1,21.59,4,Escalated
ADM08702,Student Affairs,Password Reset,High,Portal,2.26,4,1,17.03,4,Resolved
ADM08703,Finance,Accommodation Request,Medium,Walk-in,6.43,2,1,42.11,4,Resolved
ADM08704,Finance,Exam or Assessment Issue,Low,Portal,21.57,4,0,52.77,1,Resolved
ADM08705,Finance,Fee Statement,Medium,Email,8.06,4,0,35.36,4,Resolved
ADM08706,Admissions,Exam or Assessment Issue,Critical,Phone,1.44,5,0,27.67,4,Resolved
ADM08707,Library,Student ID Issue,Medium,Portal,9.82,6,0,20.12,3,Resolved
ADM08708,Admissions,Course Registration,Medium,Helpdesk,6.17,6,0,25.28,3,Pending
ADM08709,Registrar,Course Registration,Critical,Email,0.21,6,1,27.09,2,Resolved
ADM08710,IT,Graduation Clearance,High,Phone,2.43,3,0,44.33,2,Resolved
ADM08711,Library,Student ID Issue,High,Portal,0.93,3,0,13.08,4,Resolved
ADM08712,Finance,Course Registration,Critical,Portal,0.41,7,0,25.62,4,Resolved
ADM08713,IT,Transcript Request,Low,Walk-in,9.1,2,0,30.02,3,Resolved
ADM08714,Admissions,Transcript Request,High,Walk-in,2.22,2,0,18.41,4,Resolved
ADM08715,Student Affairs,Password Reset,Medium,Phone,5.85,6,0,11.79,4,Resolved
ADM08716,Student Affairs,Accommodation Request,Medium,Email,3.36,4,0,36.46,2,Resolved
ADM08717,Admissions,Library Issue,Medium,Portal,4.49,4,0,17.03,4,Resolved
ADM08718,IT,Payment Issue,Low,Email,9.53,4,0,49.01,3,Resolved
ADM08719,Student Affairs,Transcript Request,Medium,Portal,4.92,3,1,28.72,2,Escalated
ADM08720,Admissions,Fee Statement,Low,Phone,6.16,2,0,25.38,3,Resolved
ADM08721,Finance,Student ID Issue,Low,Portal,11.95,2,0,20.36,3,Resolved
ADM08722,Library,Application Issue,Medium,Phone,6.43,1,0,28.91,2,Resolved
ADM08723,Finance,Accommodation Request,High,Portal,0.94,4,0,29.59,2,Resolved
ADM08724,Finance,Library Issue,Medium,Portal,6.17,4,0,20.69,3,Resolved
ADM08725,Student Affairs,Graduation Clearance,Medium,Portal,8.05,5,0,42.45,3,Resolved
ADM08726,IT,Fee Statement,High,Portal,0.54,3,0,28.97,2,Resolved
ADM08727,Admissions,Accommodation Request,Medium,Portal,2.38,6,1,47.2,4,Resolved
ADM08728,Registrar,Student ID Issue,High,Email,2.6,4,0,20.26,4,Resolved
ADM08729,Finance,Fee Statement,High,Walk-in,4.43,5,0,31.27,3,Resolved
ADM08730,Finance,Student ID Issue,Medium,Helpdesk,9.98,4,0,23.92,5,Resolved
ADM08731,Registrar,Graduation Clearance,Critical,Walk-in,0.37,1,0,26.86,4,Resolved
ADM08732,Library,Library Issue,High,Portal,0.58,7,0,20.86,4,Resolved
ADM08733,Finance,Course Registration,Medium,Portal,3.83,4,0,21.29,3,Pending
ADM08734,Admissions,Payment Issue,High,Portal,2.6,2,0,41.99,2,Resolved
ADM08735,Finance,Payment Issue,High,Email,3.07,4,0,38.34,4,Pending
ADM08736,Academic Affairs,Portal Access,Medium,Portal,9.79,6,0,27.28,3,Resolved
ADM08737,Finance,Graduation Clearance,High,Helpdesk,4.5,4,0,30.51,4,Resolved
ADM08738,Registrar,Graduation Clearance,Medium,Email,6.5,7,0,44.79,4,Resolved
ADM08739,Registrar,Transcript Request,Critical,Portal,0.85,2,0,18.98,4,Resolved
ADM08740,IT,Password Reset,High,Helpdesk,1.95,2,0,7.64,4,Resolved
ADM08741,IT,Application Issue,High,Portal,3.08,1,0,24.67,4,Resolved
ADM08742,Admissions,Student ID Issue,Low,Phone,18.43,8,0,41.38,3,Resolved
ADM08743,Admissions,Portal Access,Medium,Walk-in,5.85,2,0,15.06,3,Resolved
ADM08744,Registrar,Exam or Assessment Issue,High,Portal,1.87,4,0,30.07,3,Resolved
ADM08745,Admissions,Portal Access,High,Phone,3.26,5,0,16.92,5,Resolved
ADM08746,Admissions,Graduation Clearance,High,Portal,3.01,5,0,36.46,3,Resolved
ADM08747,Registrar,Exam or Assessment Issue,High,Phone,2.42,4,0,29.5,3,Resolved
ADM08748,Registrar,Portal Access,Medium,Email,7.99,3,0,16.07,3,Pending
ADM08749,Registrar,Student ID Issue,High,Email,1.77,3,0,13.82,4,Resolved
ADM08750,Registrar,Graduation Clearance,Low,Phone,13.7,3,0,38.92,2,Pending
ADM08751,IT,Library Issue,Medium,Portal,9.52,5,0,26.18,2,Pending
ADM08752,Registrar,Student ID Issue,Low,Walk-in,18.46,6,0,31.73,3,Resolved
ADM08753,Finance,Payment Issue,High,Portal,2.25,6,0,43.87,3,Pending
ADM08754,Registrar,Student ID Issue,High,Walk-in,2.96,4,0,17.71,4,Resolved
ADM08755,Academic Affairs,Library Issue,Medium,Email,5.24,6,1,32.17,2,Resolved
ADM08756,Student Affairs,Accommodation Request,Medium,Helpdesk,2.9,2,0,23.82,5,Resolved
ADM08757,Finance,Payment Issue,Critical,Portal,0.8,5,0,37.58,4,Pending
ADM08758,Finance,Course Registration,Medium,Email,8.88,4,1,33.11,4,Resolved
ADM08759,Registrar,Fee Statement,Medium,Walk-in,5.69,1,0,24.98,2,Resolved
ADM08760,Admissions,Course Registration,Medium,Helpdesk,6.68,4,0,25.15,2,Pending
ADM08761,Registrar,Password Reset,High,Helpdesk,1.32,4,0,8.97,5,Resolved
ADM08762,IT,Graduation Clearance,Critical,Email,0.84,7,0,38.5,3,Resolved
ADM08763,Admissions,Course Registration,Medium,Phone,9.43,9,0,34.9,2,Pending
ADM08764,Student Affairs,Exam or Assessment Issue,Low,Portal,10.28,3,0,35.97,4,Resolved
ADM08765,Registrar,Payment Issue,Low,Phone,9.01,3,0,47.59,2,Resolved
ADM08766,Library,Course Registration,Low,Portal,5.12,6,0,28.7,3,Resolved
ADM08767,Library,Transcript Request,Medium,Portal,2.78,2,1,28.82,3,Resolved
ADM08768,Registrar,Exam or Assessment Issue,High,Helpdesk,3.13,6,1,39.5,2,Resolved
ADM08769,Finance,Course Registration,High,Helpdesk,3.47,2,1,32.99,4,Resolved
ADM08770,Registrar,Application Issue,Critical,Walk-in,1.35,3,0,27.12,2,Resolved
ADM08771,Finance,Password Reset,High,Phone,2.93,7,0,12.81,3,Resolved
ADM08772,Finance,Fee Statement,Medium,Phone,5.93,3,1,33.4,3,Escalated
ADM08773,IT,Library Issue,Medium,Email,2.58,2,1,22.98,4,Resolved
ADM08774,Admissions,Application Issue,Medium,Phone,8.73,1,0,30.27,4,Resolved
ADM08775,Academic Affairs,Application Issue,Low,Phone,14.26,5,0,42.88,3,Resolved
ADM08776,Registrar,Application Issue,Medium,Portal,3.06,6,0,35.18,4,Resolved
ADM08777,Academic Affairs,Library Issue,Medium,Walk-in,3.09,4,0,16.4,5,Resolved
ADM08778,Finance,Transcript Request,Medium,Walk-in,6.1,1,0,20.62,3,Resolved
ADM08779,Library,Transcript Request,Medium,Helpdesk,3.96,5,0,28.72,3,Pending
ADM08780,Finance,Graduation Clearance,Medium,Portal,9.38,5,0,43.73,2,Resolved
ADM08781,Registrar,Library Issue,Medium,Portal,5.99,6,1,34.47,2,Resolved
ADM08782,Student Affairs,Accommodation Request,Medium,Helpdesk,9.83,4,1,48.67,1,Escalated
ADM08783,Finance,Exam or Assessment Issue,Low,Portal,18.68,7,0,52.26,2,Resolved
ADM08784,IT,Graduation Clearance,High,Walk-in,4.15,5,0,37.27,4,Resolved
ADM08785,IT,Student ID Issue,Medium,Helpdesk,5.11,6,0,21.78,5,Pending
ADM08786,Admissions,Student ID Issue,High,Phone,1.1,2,1,22.39,3,Resolved
ADM08787,Admissions,Transcript Request,Low,Helpdesk,17.79,3,0,39.39,3,Resolved
ADM08788,Library,Payment Issue,Medium,Portal,5.26,5,0,42.63,3,Resolved
ADM08789,Registrar,Library Issue,Medium,Email,9.59,3,0,22.55,4,Resolved
ADM08790,IT,Transcript Request,Low,Email,7.87,4,0,28.48,4,Resolved
ADM08791,Student Affairs,Payment Issue,Medium,Phone,7.01,2,1,49.11,2,Resolved
ADM08792,Registrar,Student ID Issue,High,Email,4.4,4,0,11.68,3,Resolved
ADM08793,Registrar,Course Registration,Medium,Phone,5.22,7,0,22.28,5,Pending
ADM08794,IT,Transcript Request,Low,Email,23.07,4,0,43.1,4,Resolved
ADM08795,Admissions,Password Reset,Medium,Helpdesk,2.61,3,1,16.59,3,Escalated
ADM08796,Admissions,Course Registration,Medium,Email,6.7,6,0,23.39,4,Resolved
ADM08797,Registrar,Graduation Clearance,High,Portal,4.0,4,0,37.81,4,Resolved
ADM08798,Admissions,Course Registration,High,Phone,1.41,4,0,25.02,2,Resolved
ADM08799,Registrar,Transcript Request,Low,Walk-in,5.16,2,0,19.84,3,Resolved
ADM08800,Admissions,Payment Issue,Medium,Portal,2.64,3,0,42.05,3,Resolved
ADM08801,Library,Password Reset,Medium,Helpdesk,4.55,4,1,20.61,5,Escalated
ADM08802,Finance,Payment Issue,Medium,Portal,3.79,5,0,43.26,2,Resolved
ADM08803,Admissions,Application Issue,Medium,Email,3.79,7,0,30.63,4,Resolved
ADM08804,Academic Affairs,Payment Issue,Medium,Portal,5.67,2,1,52.68,1,Resolved
ADM08805,IT,Payment Issue,Low,Phone,5.7,2,1,48.01,3,Resolved
ADM08806,Student Affairs,Accommodation Request,Low,Portal,23.91,5,0,59.09,1,Resolved
ADM08807,Admissions,Portal Access,Medium,Phone,7.57,3,0,16.22,3,Pending
ADM08808,Library,Graduation Clearance,Medium,Portal,2.24,7,0,38.57,2,Resolved
ADM08809,Registrar,Fee Statement,Low,Email,17.84,5,0,38.54,3,Resolved
ADM08810,Registrar,Portal Access,Medium,Email,8.33,7,0,25.69,4,Pending
ADM08811,Registrar,Password Reset,Low,Helpdesk,7.82,8,0,22.2,5,Resolved
ADM08812,Admissions,Password Reset,Low,Walk-in,20.81,2,0,25.17,4,Resolved
ADM08813,Student Affairs,Library Issue,Medium,Email,6.89,6,0,19.55,3,Resolved
ADM08814,Finance,Payment Issue,Low,Email,20.42,3,0,55.53,2,Resolved
ADM08815,IT,Course Registration,High,Portal,3.73,7,0,26.82,4,Resolved
ADM08816,IT,Portal Access,Low,Walk-in,18.09,8,0,30.07,4,Resolved
ADM08817,IT,Library Issue,High,Email,1.21,4,0,18.55,5,Resolved
ADM08818,Finance,Application Issue,Medium,Portal,4.53,1,1,32.71,3,Escalated
ADM08819,IT,Fee Statement,High,Email,2.85,5,1,37.1,4,Resolved
ADM08820,Finance,Payment Issue,Low,Phone,6.25,3,1,44.36,4,Escalated
ADM08821,Registrar,Library Issue,High,Email,2.65,6,0,19.46,3,Resolved
ADM08822,Academic Affairs,Portal Access,High,Email,2.5,6,1,23.4,3,Resolved
ADM08823,Registrar,Application Issue,Low,Phone,8.64,1,0,33.37,3,Pending
ADM08824,Registrar,Accommodation Request,Medium,Portal,3.6,2,1,38.2,4,Resolved
ADM08825,Student Affairs,Student ID Issue,Medium,Walk-in,3.98,4,0,14.66,4,Resolved
ADM08826,Finance,Fee Statement,High,Email,3.22,1,0,27.08,2,Resolved
ADM08827,IT,Password Reset,Medium,Portal,5.32,4,0,14.53,3,Resolved
ADM08828,Finance,Accommodation Request,Medium,Email,5.31,9,1,51.53,2,Escalated
ADM08829,Finance,Exam or Assessment Issue,Medium,Phone,3.45,1,0,22.73,3,Resolved
ADM08830,Finance,Exam or Assessment Issue,Medium,Email,8.3,2,0,33.44,4,Pending
ADM08831,Finance,Graduation Clearance,Medium,Email,7.6,4,0,39.59,3,Resolved
ADM08832,Admissions,Payment Issue,Medium,Portal,5.43,2,0,37.6,4,Resolved
ADM08833,IT,Student ID Issue,Low,Portal,6.84,7,0,23.25,5,Pending
ADM08834,Admissions,Student ID Issue,Low,Portal,18.29,7,0,40.59,3,Resolved
ADM08835,Academic Affairs,Fee Statement,High,Portal,4.54,4,0,26.24,2,Resolved
ADM08836,Registrar,Course Registration,High,Portal,1.3,3,0,18.15,5,Resolved
ADM08837,Admissions,Accommodation Request,Medium,Email,6.82,5,0,35.1,2,Pending
ADM08838,IT,Course Registration,High,Portal,2.41,4,0,23.52,5,Resolved
ADM08839,Academic Affairs,Transcript Request,Medium,Email,2.7,4,0,22.92,4,Resolved
ADM08840,Registrar,Accommodation Request,Medium,Email,7.81,2,0,31.29,4,Resolved
ADM08841,IT,Application Issue,High,Email,0.82,3,0,24.23,2,Resolved
ADM08842,Student Affairs,Payment Issue,High,Email,3.66,7,1,57.16,2,Resolved
ADM08843,Finance,Accommodation Request,High,Walk-in,1.77,7,0,32.09,2,Resolved
ADM08844,Student Affairs,Accommodation Request,Low,Phone,15.31,4,0,48.24,3,Resolved
ADM08845,Registrar,Transcript Request,Low,Portal,7.21,6,0,28.72,4,Resolved
ADM08846,Library,Fee Statement,Medium,Phone,4.97,5,0,30.97,2,Resolved
ADM08847,Academic Affairs,Graduation Clearance,Medium,Helpdesk,2.83,2,1,47.68,4,Escalated
ADM08848,IT,Fee Statement,Low,Portal,13.35,8,0,44.12,2,Pending
ADM08849,Admissions,Application Issue,Medium,Portal,3.71,5,0,31.7,4,Resolved
ADM08850,Registrar,Fee Statement,Medium,Helpdesk,3.5,4,0,26.97,2,Resolved
ADM08851,Academic Affairs,Student ID Issue,Medium,Walk-in,2.86,9,0,18.3,3,Resolved
ADM08852,Admissions,Portal Access,Medium,Walk-in,8.12,3,0,17.32,4,Resolved
ADM08853,Registrar,Transcript Request,Low,Portal,16.79,3,0,37.26,4,Resolved
ADM08854,IT,Portal Access,Low,Portal,7.14,3,1,24.91,3,Escalated
ADM08855,Admissions,Portal Access,Medium,Portal,5.78,3,0,8.85,5,Resolved
ADM08856,Registrar,Transcript Request,Medium,Phone,7.29,3,0,26.18,4,Resolved
ADM08857,Registrar,Portal Access,High,Portal,4.45,2,0,9.67,5,Resolved
ADM08858,Registrar,Portal Access,Low,Walk-in,5.19,3,1,19.28,5,Escalated
ADM08859,IT,Portal Access,High,Helpdesk,2.13,4,0,11.73,4,Resolved
ADM08860,IT,Graduation Clearance,Medium,Portal,6.93,2,0,35.06,3,Resolved
ADM08861,Admissions,Application Issue,Medium,Portal,2.12,3,0,26.45,2,Resolved
ADM08862,Student Affairs,Password Reset,Medium,Phone,3.95,5,1,22.51,5,Escalated
ADM08863,Student Affairs,Graduation Clearance,Medium,Email,7.96,3,1,48.59,1,Resolved
ADM08864,IT,Application Issue,Medium,Helpdesk,4.85,4,1,37.1,2,Escalated
ADM08865,Registrar,Exam or Assessment Issue,Medium,Phone,2.68,6,0,38.05,3,Resolved
ADM08866,IT,Course Registration,Medium,Email,7.01,4,0,28.02,2,Resolved
ADM08867,Admissions,Graduation Clearance,Medium,Portal,4.0,3,0,33.88,2,Resolved
ADM08868,IT,Accommodation Request,High,Walk-in,3.66,8,1,49.98,1,Resolved
ADM08869,IT,Fee Statement,Medium,Email,9.2,3,0,32.82,2,Resolved
ADM08870,Finance,Transcript Request,Medium,Email,6.22,5,0,30.11,2,Resolved
ADM08871,Academic Affairs,Student ID Issue,High,Portal,3.2,3,1,24.73,2,Resolved
ADM08872,Registrar,Portal Access,High,Walk-in,2.81,2,1,20.43,5,Escalated
ADM08873,IT,Library Issue,Critical,Email,1.67,5,0,19.95,5,Resolved
ADM08874,Registrar,Transcript Request,Low,Phone,8.83,2,0,21.26,5,Resolved
ADM08875,Academic Affairs,Payment Issue,High,Portal,2.31,3,0,35.95,2,Resolved
ADM08876,Registrar,Transcript Request,High,Email,4.53,5,1,41.39,3,Escalated
ADM08877,Registrar,Graduation Clearance,Medium,Portal,7.79,4,0,38.28,2,Resolved
ADM08878,Finance,Graduation Clearance,Medium,Portal,4.56,3,0,37.37,2,Resolved
ADM08879,Finance,Accommodation Request,Critical,Helpdesk,1.7,4,0,27.32,4,Resolved
ADM08880,Registrar,Student ID Issue,Critical,Helpdesk,0.63,2,0,9.69,4,Resolved
ADM08881,IT,Transcript Request,Medium,Email,7.07,3,0,21.96,4,Resolved
ADM08882,Admissions,Student ID Issue,Medium,Portal,9.65,8,0,25.81,3,Resolved
ADM08883,Registrar,Transcript Request,High,Helpdesk,3.09,2,0,19.31,4,Resolved
ADM08884,Finance,Application Issue,Low,Portal,19.99,5,0,49.8,1,Resolved
ADM08885,Student Affairs,Graduation Clearance,Medium,Portal,7.88,2,0,37.12,2,Resolved
ADM08886,IT,Application Issue,Critical,Email,1.76,3,0,26.62,4,Resolved
ADM08887,IT,Graduation Clearance,High,Walk-in,4.86,5,1,49.4,1,Resolved
ADM08888,IT,Password Reset,High,Portal,0.6,4,0,13.37,4,Pending
ADM08889,Finance,Course Registration,Medium,Phone,2.22,1,0,11.16,4,Resolved
ADM08890,Registrar,Graduation Clearance,Medium,Portal,6.76,3,0,33.34,2,Resolved
ADM08891,Finance,Transcript Request,Critical,Email,1.92,5,0,22.76,3,Resolved
ADM08892,Student Affairs,Exam or Assessment Issue,Medium,Email,5.89,4,0,39.01,3,Resolved
ADM08893,Academic Affairs,Exam or Assessment Issue,High,Helpdesk,4.28,6,0,32.59,2,Resolved
ADM08894,Admissions,Portal Access,Medium,Helpdesk,8.14,5,0,22.58,5,Resolved
ADM08895,Registrar,Transcript Request,Medium,Phone,5.99,3,0,25.53,3,Resolved
ADM08896,Registrar,Payment Issue,Low,Email,14.26,8,0,57.98,2,Resolved
ADM08897,Finance,Student ID Issue,Medium,Portal,5.49,5,1,34.1,3,Escalated
ADM08898,IT,Portal Access,Medium,Portal,4.02,2,0,13.21,4,Resolved
ADM08899,Registrar,Graduation Clearance,Low,Portal,21.17,5,0,61.18,1,Resolved
ADM08900,Academic Affairs,Password Reset,Medium,Helpdesk,3.68,5,0,19.13,4,Resolved
ADM08901,Finance,Student ID Issue,Medium,Email,9.26,5,0,22.74,3,Resolved
ADM08902,Academic Affairs,Application Issue,High,Phone,2.12,3,0,26.38,2,Resolved
ADM08903,Library,Library Issue,Low,Portal,4.53,4,0,21.57,4,Resolved
ADM08904,Library,Portal Access,High,Portal,1.26,2,1,15.17,5,Escalated
ADM08905,IT,Application Issue,Low,Phone,21.76,4,0,47.2,2,Resolved
ADM08906,IT,Payment Issue,Low,Portal,6.57,2,0,42.91,2,Resolved
ADM08907,IT,Portal Access,Low,Email,18.78,5,0,35.38,2,Resolved
ADM08908,IT,Portal Access,High,Portal,1.32,3,1,23.38,4,Resolved
ADM08909,IT,Portal Access,Low,Helpdesk,13.98,4,0,23.9,5,Resolved
ADM08910,Academic Affairs,Course Registration,Low,Portal,8.1,5,1,39.56,2,Resolved
ADM08911,Library,Portal Access,Low,Email,10.66,5,0,20.27,3,Resolved
ADM08912,Library,Course Registration,High,Walk-in,1.06,5,1,32.24,2,Resolved
ADM08913,Student Affairs,Application Issue,High,Email,3.0,5,1,36.97,4,Resolved
ADM08914,Registrar,Password Reset,Low,Portal,11.32,3,0,24.66,2,Resolved
ADM08915,Registrar,Course Registration,Medium,Portal,4.92,6,0,29.73,4,Resolved
ADM08916,Admissions,Course Registration,High,Portal,0.67,3,0,18.29,3,Resolved
ADM08917,Admissions,Portal Access,Low,Portal,6.72,6,0,18.39,5,Resolved
ADM08918,Student Affairs,Password Reset,Low,Walk-in,18.15,5,0,31.34,4,Resolved
ADM08919,Admissions,Portal Access,Low,Email,9.85,4,0,15.22,3,Resolved
ADM08920,IT,Application Issue,Critical,Portal,1.0,6,0,26.41,4,Resolved
ADM08921,Admissions,Portal Access,High,Email,3.93,5,0,12.2,4,Resolved
ADM08922,Registrar,Fee Statement,Medium,Portal,5.56,4,0,35.74,4,Resolved
ADM08923,IT,Accommodation Request,Low,Email,8.51,4,0,34.61,4,Resolved
ADM08924,Student Affairs,Application Issue,Critical,Email,1.19,5,0,25.22,4,Resolved
ADM08925,Registrar,Transcript Request,Medium,Portal,8.41,2,0,31.18,4,Resolved
ADM08926,IT,Graduation Clearance,Medium,Email,6.8,4,0,38.02,4,Resolved
ADM08927,IT,Student ID Issue,Medium,Portal,5.36,3,0,15.27,5,Resolved
ADM08928,Registrar,Student ID Issue,High,Portal,1.07,6,0,18.97,5,Resolved
ADM08929,Registrar,Password Reset,Low,Portal,8.97,4,1,23.92,4,Resolved
ADM08930,Academic Affairs,Fee Statement,High,Email,4.76,6,0,34.08,3,Resolved
ADM08931,Finance,Course Registration,Medium,Email,8.17,3,1,34.0,4,Resolved
ADM08932,Finance,Fee Statement,Low,Phone,5.75,4,1,31.92,3,Resolved
ADM08933,Registrar,Accommodation Request,Medium,Phone,2.04,5,0,32.9,3,Resolved
ADM08934,IT,Application Issue,High,Portal,1.29,4,0,33.1,4,Resolved
ADM08935,IT,Password Reset,Medium,Helpdesk,9.55,3,0,11.46,5,Resolved
ADM08936,IT,Fee Statement,Low,Helpdesk,15.6,4,0,45.98,4,Resolved
ADM08937,Registrar,Payment Issue,Medium,Email,8.71,2,0,41.97,4,Resolved
ADM08938,Student Affairs,Course Registration,High,Email,2.59,4,0,18.38,3,Resolved
ADM08939,Finance,Fee Statement,High,Helpdesk,4.22,9,0,34.77,2,Resolved
ADM08940,Finance,Password Reset,Medium,Email,2.27,5,0,17.6,4,Resolved
ADM08941,Admissions,Payment Issue,Low,Portal,12.54,5,0,46.26,2,Resolved
ADM08942,Finance,Transcript Request,Medium,Helpdesk,5.02,3,0,24.97,3,Pending
ADM08943,Student Affairs,Application Issue,Medium,Phone,9.85,3,0,32.9,4,Resolved
ADM08944,Academic Affairs,Application Issue,High,Email,1.85,2,1,35.48,4,Resolved
ADM08945,Finance,Transcript Request,Medium,Phone,5.34,5,0,29.06,3,Resolved
ADM08946,Student Affairs,Exam or Assessment Issue,Medium,Portal,8.07,2,1,42.32,2,Resolved
ADM08947,Library,Portal Access,Medium,Helpdesk,9.05,5,0,21.46,5,Resolved
ADM08948,Academic Affairs,Student ID Issue,Medium,Email,9.03,3,0,18.6,5,Resolved
ADM08949,Finance,Payment Issue,Medium,Portal,5.16,5,1,51.44,3,Escalated
ADM08950,IT,Course Registration,Medium,Phone,9.59,6,0,30.87,4,Pending
ADM08951,Finance,Fee Statement,High,Email,3.44,3,1,36.01,2,Escalated
ADM08952,Student Affairs,Accommodation Request,Medium,Email,8.81,1,0,33.87,4,Resolved
ADM08953,Registrar,Student ID Issue,Medium,Email,9.41,3,0,21.9,4,Resolved
ADM08954,IT,Password Reset,Low,Portal,8.67,6,0,22.41,5,Resolved
ADM08955,Finance,Portal Access,High,Helpdesk,2.75,4,0,15.88,5,Pending
ADM08956,Finance,Course Registration,Low,Email,15.76,3,0,29.4,4,Resolved
ADM08957,IT,Accommodation Request,Medium,Email,8.42,8,0,44.3,2,Resolved
ADM08958,Student Affairs,Accommodation Request,Medium,Phone,5.21,1,0,25.31,4,Pending
ADM08959,IT,Course Registration,Medium,Email,3.68,2,0,17.58,5,Resolved
ADM08960,Student Affairs,Portal Access,High,Portal,3.84,4,0,13.04,5,Resolved
ADM08961,Finance,Password Reset,High,Portal,3.17,3,0,10.01,4,Resolved
ADM08962,Admissions,Transcript Request,Critical,Portal,1.82,3,0,22.37,5,Resolved
ADM08963,Admissions,Student ID Issue,Medium,Email,7.24,4,0,17.98,5,Resolved
ADM08964,Registrar,Library Issue,Medium,Email,2.13,6,0,18.2,3,Resolved
ADM08965,IT,Library Issue,Medium,Phone,9.73,1,0,17.05,5,Resolved
ADM08966,IT,Portal Access,Medium,Email,6.74,2,0,9.64,3,Resolved
ADM08967,IT,Accommodation Request,Low,Walk-in,15.92,6,0,50.12,2,Resolved
ADM08968,Library,Fee Statement,High,Walk-in,4.59,2,0,28.0,4,Resolved
ADM08969,IT,Transcript Request,Medium,Email,7.31,5,0,25.61,2,Resolved
ADM08970,Registrar,Transcript Request,Medium,Helpdesk,5.83,5,0,24.95,3,Resolved
ADM08971,Registrar,Portal Access,Medium,Email,2.86,2,1,18.58,4,Resolved
ADM08972,IT,Password Reset,Medium,Walk-in,9.7,7,0,21.33,5,Resolved
ADM08973,Finance,Portal Access,Medium,Portal,2.63,2,0,9.36,5,Resolved
ADM08974,Registrar,Exam or Assessment Issue,Medium,Email,3.36,1,1,40.25,3,Resolved
ADM08975,Admissions,Fee Statement,High,Helpdesk,4.19,7,0,29.55,4,Resolved
ADM08976,IT,Application Issue,High,Helpdesk,2.71,6,0,35.65,2,Resolved
ADM08977,Finance,Library Issue,Medium,Portal,3.43,3,0,11.17,5,Resolved
ADM08978,IT,Portal Access,Medium,Portal,4.29,3,0,12.26,3,Resolved
ADM08979,IT,Transcript Request,Medium,Helpdesk,9.95,4,0,30.47,2,Resolved
ADM08980,Finance,Password Reset,High,Portal,3.13,4,1,25.37,2,Resolved
ADM08981,Library,Library Issue,High,Email,2.31,3,0,13.07,4,Resolved
ADM08982,IT,Payment Issue,Medium,Portal,9.01,3,0,42.73,2,Resolved
ADM08983,IT,Graduation Clearance,High,Walk-in,2.66,6,0,44.41,4,Resolved
ADM08984,IT,Course Registration,Low,Helpdesk,10.16,4,0,30.07,2,Resolved
ADM08985,Registrar,Transcript Request,High,Helpdesk,1.24,5,1,32.04,4,Resolved
ADM08986,IT,Payment Issue,Medium,Email,7.96,5,0,49.2,2,Resolved
ADM08987,Finance,Password Reset,Medium,Phone,6.77,6,0,16.04,4,Resolved
ADM08988,Academic Affairs,Transcript Request,High,Email,0.92,1,0,14.4,3,Resolved
ADM08989,Student Affairs,Portal Access,Medium,Phone,6.73,3,1,28.33,4,Escalated
ADM08990,IT,Transcript Request,Critical,Portal,0.49,4,1,29.25,2,Escalated
ADM08991,Finance,Graduation Clearance,Low,Email,23.63,5,0,57.6,1,Resolved
ADM08992,Registrar,Password Reset,Medium,Phone,4.08,4,0,14.48,5,Pending
ADM08993,Finance,Transcript Request,High,Email,3.63,4,0,27.57,3,Resolved
ADM08994,Admissions,Fee Statement,Low,Portal,17.12,7,0,42.27,2,Resolved
ADM08995,Finance,Accommodation Request,Low,Portal,17.83,5,0,52.41,1,Resolved
ADM08996,Admissions,Payment Issue,Low,Walk-in,12.6,2,0,43.3,2,Resolved
ADM08997,Registrar,Application Issue,Critical,Portal,0.33,5,1,33.39,2,Resolved
ADM08998,Academic Affairs,Accommodation Request,High,Email,4.91,9,0,42.05,2,Pending
ADM08999,Registrar,Password Reset,Medium,Email,3.53,6,1,22.62,4,Escalated
ADM09000,Academic Affairs,Library Issue,Low,Phone,19.39,3,0,32.72,2,Resolved
ADM09001,Academic Affairs,Exam or Assessment Issue,Low,Email,6.75,4,0,36.9,4,Resolved
ADM09002,Admissions,Fee Statement,Medium,Walk-in,4.25,7,0,32.63,4,Pending
ADM09003,IT,Exam or Assessment Issue,Critical,Helpdesk,1.21,4,1,36.98,4,Escalated
ADM09004,Admissions,Exam or Assessment Issue,High,Portal,2.36,3,1,39.62,2,Resolved
ADM09005,IT,Payment Issue,Medium,Phone,9.67,3,0,42.04,3,Resolved
ADM09006,Finance,Password Reset,Medium,Portal,8.78,3,0,16.8,4,Pending
ADM09007,Finance,Payment Issue,Critical,Portal,1.86,4,1,51.71,2,Escalated
ADM09008,IT,Transcript Request,Medium,Email,7.13,4,0,29.72,4,Resolved
ADM09009,Admissions,Student ID Issue,Critical,Portal,0.59,3,0,8.2,5,Resolved
ADM09010,IT,Portal Access,Low,Helpdesk,14.37,3,1,36.58,2,Resolved
ADM09011,Finance,Accommodation Request,High,Helpdesk,3.94,5,0,29.34,4,Resolved
ADM09012,Finance,Transcript Request,Medium,Helpdesk,2.52,4,1,29.32,4,Resolved
ADM09013,Registrar,Course Registration,High,Helpdesk,4.38,5,0,23.43,5,Resolved
ADM09014,Registrar,Library Issue,Medium,Email,7.05,2,0,18.67,4,Resolved
ADM09015,Finance,Course Registration,Low,Email,18.47,4,0,37.02,2,Resolved
ADM09016,Registrar,Course Registration,Low,Portal,17.89,3,0,39.02,2,Resolved
ADM09017,Registrar,Fee Statement,High,Phone,4.31,5,0,29.13,3,Resolved
ADM09018,Student Affairs,Application Issue,Medium,Portal,2.7,1,1,34.35,4,Resolved
ADM09019,Registrar,Graduation Clearance,Critical,Helpdesk,0.88,4,0,31.57,3,Resolved
ADM09020,IT,Accommodation Request,High,Phone,2.76,5,0,36.37,2,Resolved
ADM09021,Finance,Exam or Assessment Issue,Medium,Phone,6.37,5,0,31.68,4,Resolved
ADM09022,Student Affairs,Student ID Issue,High,Email,4.74,2,0,5.75,5,Resolved
ADM09023,Admissions,Transcript Request,High,Email,0.69,5,0,23.07,4,Pending
ADM09024,Finance,Graduation Clearance,Medium,Portal,8.93,2,0,41.58,2,Resolved
ADM09025,Admissions,Graduation Clearance,Low,Helpdesk,15.04,4,0,53.49,1,Resolved
ADM09026,Finance,Course Registration,High,Portal,3.0,1,0,15.09,4,Resolved
ADM09027,IT,Course Registration,High,Phone,1.94,5,0,24.46,4,Resolved
ADM09028,Registrar,Library Issue,High,Helpdesk,3.4,3,0,15.26,5,Resolved
ADM09029,Academic Affairs,Student ID Issue,High,Email,3.41,3,0,17.15,4,Resolved
ADM09030,Admissions,Student ID Issue,Medium,Email,3.51,2,0,12.77,5,Pending
ADM09031,Finance,Student ID Issue,High,Portal,3.55,6,0,22.16,3,Resolved
ADM09032,IT,Transcript Request,Low,Portal,9.33,5,0,35.8,4,Resolved
ADM09033,Finance,Accommodation Request,Medium,Helpdesk,7.51,9,1,54.52,3,Resolved
ADM09034,Student Affairs,Accommodation Request,Low,Email,16.24,7,0,59.28,3,Resolved
ADM09035,Admissions,Transcript Request,Low,Portal,18.32,3,0,41.34,2,Resolved
ADM09036,IT,Fee Statement,Medium,Portal,2.16,5,0,26.07,3,Resolved
ADM09037,Registrar,Transcript Request,Low,Portal,6.51,1,0,20.77,5,Resolved
ADM09038,Student Affairs,Portal Access,Low,Email,20.8,5,0,33.07,2,Resolved
ADM09039,Library,Password Reset,Medium,Phone,5.05,2,0,9.07,3,Resolved
ADM09040,Registrar,Graduation Clearance,High,Portal,4.27,6,0,41.65,2,Resolved
ADM09041,Registrar,Portal Access,Medium,Phone,2.5,7,0,16.1,3,Resolved
ADM09042,Finance,Fee Statement,Medium,Portal,8.15,3,0,29.36,2,Resolved
ADM09043,Academic Affairs,Graduation Clearance,High,Portal,0.88,3,1,43.35,2,Resolved
ADM09044,Finance,Fee Statement,Medium,Helpdesk,5.75,5,0,33.19,3,Resolved
ADM09045,Admissions,Graduation Clearance,Medium,Email,9.5,7,0,47.31,3,Resolved
ADM09046,Registrar,Transcript Request,Critical,Email,0.34,4,0,23.31,3,Resolved
ADM09047,Finance,Transcript Request,Low,Portal,11.01,7,0,32.83,4,Resolved
ADM09048,IT,Exam or Assessment Issue,Medium,Phone,6.15,3,0,35.08,2,Resolved
ADM09049,Academic Affairs,Graduation Clearance,Medium,Portal,9.2,2,1,48.39,1,Escalated
ADM09050,Admissions,Application Issue,High,Portal,2.0,5,1,40.02,2,Resolved
ADM09051,Student Affairs,Exam or Assessment Issue,High,Email,4.13,4,1,38.65,2,Escalated
ADM09052,Admissions,Exam or Assessment Issue,Low,Email,18.36,4,0,41.6,4,Resolved
ADM09053,Registrar,Library Issue,High,Email,1.88,4,0,15.58,4,Resolved
ADM09054,Finance,Portal Access,High,Helpdesk,2.03,4,0,6.12,4,Pending
ADM09055,IT,Accommodation Request,Medium,Walk-in,3.53,8,0,39.53,3,Resolved
ADM09056,Academic Affairs,Exam or Assessment Issue,Low,Email,17.86,4,0,52.3,2,Resolved
ADM09057,Student Affairs,Application Issue,High,Email,3.03,2,0,31.94,3,Resolved
ADM09058,Finance,Student ID Issue,Medium,Email,3.24,4,1,23.31,4,Resolved
ADM09059,Finance,Payment Issue,Low,Email,16.4,4,0,51.83,3,Resolved
ADM09060,Registrar,Accommodation Request,Medium,Walk-in,5.99,2,0,36.52,3,Pending
ADM09061,Academic Affairs,Graduation Clearance,Low,Portal,5.85,3,0,41.63,2,Resolved
ADM09062,Student Affairs,Student ID Issue,Medium,Email,9.63,4,0,21.39,3,Resolved
ADM09063,Library,Exam or Assessment Issue,Medium,Portal,8.68,1,0,32.15,3,Resolved
ADM09064,Finance,Application Issue,Medium,Email,2.57,4,0,28.4,2,Resolved
ADM09065,Admissions,Course Registration,High,Portal,4.69,1,0,18.02,3,Resolved
ADM09066,Admissions,Application Issue,Medium,Phone,9.33,3,0,33.16,3,Resolved
ADM09067,Finance,Application Issue,Medium,Portal,2.34,5,0,31.0,3,Pending
ADM09068,Admissions,Application Issue,Critical,Email,0.56,4,0,21.66,5,Resolved
ADM09069,Registrar,Transcript Request,High,Portal,3.66,2,0,18.82,3,Resolved
ADM09070,Registrar,Portal Access,Medium,Walk-in,9.48,4,1,29.23,3,Resolved
ADM09071,Student Affairs,Application Issue,Medium,Email,8.58,2,1,47.3,4,Resolved
ADM09072,Library,Transcript Request,Medium,Email,4.26,8,0,32.22,4,Resolved
ADM09073,Admissions,Graduation Clearance,High,Portal,0.65,5,0,36.66,4,Resolved
ADM09074,Admissions,Student ID Issue,Low,Portal,13.46,4,0,28.4,2,Pending
ADM09075,Finance,Library Issue,Medium,Email,2.74,4,0,17.71,3,Pending
ADM09076,Library,Portal Access,High,Email,1.6,3,0,8.36,4,Resolved
ADM09077,Library,Exam or Assessment Issue,Medium,Email,7.12,1,0,32.19,3,Resolved
ADM09078,Library,Student ID Issue,High,Portal,2.73,3,0,15.31,4,Resolved
ADM09079,IT,Graduation Clearance,High,Email,2.2,3,0,34.6,2,Resolved
ADM09080,Registrar,Exam or Assessment Issue,Medium,Phone,9.44,4,0,40.6,3,Resolved
ADM09081,Finance,Fee Statement,Medium,Portal,3.54,3,0,32.14,2,Resolved
ADM09082,Admissions,Accommodation Request,Medium,Portal,5.9,4,0,35.43,2,Resolved
ADM09083,Finance,Exam or Assessment Issue,High,Portal,3.08,3,0,28.75,2,Resolved
ADM09084,Library,Exam or Assessment Issue,High,Phone,1.95,4,0,31.02,2,Resolved
ADM09085,Finance,Payment Issue,High,Helpdesk,3.67,1,0,39.8,4,Resolved
ADM09086,Registrar,Fee Statement,Low,Walk-in,21.35,4,0,44.1,2,Pending
ADM09087,Finance,Password Reset,High,Portal,2.94,4,0,10.38,4,Resolved
ADM09088,Academic Affairs,Graduation Clearance,Medium,Walk-in,8.25,8,0,47.98,4,Resolved
ADM09089,Finance,Library Issue,Medium,Portal,2.49,3,0,16.16,5,Resolved
ADM09090,IT,Password Reset,Medium,Portal,3.23,2,1,18.01,4,Resolved
ADM09091,Admissions,Course Registration,High,Email,2.58,2,0,21.2,4,Resolved
ADM09092,Registrar,Course Registration,High,Portal,4.64,4,1,34.55,2,Resolved
ADM09093,Admissions,Application Issue,Medium,Email,6.25,2,0,29.46,2,Resolved
ADM09094,IT,Library Issue,High,Email,2.45,4,0,13.62,4,Resolved
ADM09095,Admissions,Student ID Issue,Low,Email,16.0,5,1,38.68,3,Resolved
ADM09096,Student Affairs,Exam or Assessment Issue,Medium,Helpdesk,3.0,5,0,33.54,2,Resolved
ADM09097,Finance,Fee Statement,Medium,Email,7.23,4,1,41.32,2,Escalated
ADM09098,Registrar,Library Issue,Critical,Portal,0.37,3,0,12.59,4,Resolved
ADM09099,Academic Affairs,Fee Statement,Low,Helpdesk,15.54,6,0,44.15,3,Resolved
ADM09100,Finance,Payment Issue,Medium,Phone,7.72,4,0,44.45,2,Resolved
ADM09101,IT,Student ID Issue,High,Portal,2.35,5,0,9.67,4,Resolved
ADM09102,Library,Password Reset,High,Phone,4.6,3,0,15.75,4,Resolved
ADM09103,Finance,Fee Statement,High,Portal,1.18,4,0,23.4,3,Resolved
ADM09104,IT,Payment Issue,Medium,Email,3.37,3,0,37.75,4,Resolved
ADM09105,Registrar,Library Issue,High,Walk-in,2.83,2,0,15.38,4,Resolved
ADM09106,Finance,Payment Issue,Medium,Email,9.45,6,0,52.15,1,Resolved
ADM09107,Registrar,Accommodation Request,Medium,Walk-in,5.13,3,0,34.64,2,Resolved
ADM09108,Student Affairs,Payment Issue,Medium,Email,9.41,3,0,38.47,2,Resolved
ADM09109,Finance,Payment Issue,High,Phone,3.62,5,1,54.18,2,Resolved
ADM09110,IT,Application Issue,Medium,Portal,8.26,4,0,36.23,2,Resolved
ADM09111,Academic Affairs,Course Registration,Medium,Helpdesk,9.5,1,0,28.53,3,Resolved
ADM09112,Admissions,Password Reset,Medium,Portal,6.58,5,0,16.68,3,Resolved
ADM09113,Admissions,Accommodation Request,Medium,Helpdesk,7.13,7,0,41.99,4,Resolved
ADM09114,Admissions,Graduation Clearance,Medium,Portal,6.63,1,0,39.21,4,Resolved
ADM09115,Finance,Accommodation Request,Medium,Phone,8.28,2,0,37.66,3,Resolved
ADM09116,Admissions,Course Registration,High,Phone,1.73,4,0,18.43,4,Pending
ADM09117,IT,Portal Access,Medium,Email,8.3,5,1,24.89,2,Resolved
ADM09118,Academic Affairs,Fee Statement,High,Phone,3.71,2,0,27.52,3,Resolved
ADM09119,Academic Affairs,Payment Issue,High,Email,3.21,9,0,45.9,2,Resolved
ADM09120,Student Affairs,Library Issue,High,Portal,0.67,3,1,26.35,2,Resolved
ADM09121,Student Affairs,Payment Issue,Medium,Walk-in,8.2,6,0,47.04,4,Resolved
ADM09122,Admissions,Library Issue,High,Helpdesk,1.1,6,0,20.69,5,Resolved
ADM09123,IT,Payment Issue,Low,Portal,23.24,5,0,58.19,1,Pending
ADM09124,Student Affairs,Accommodation Request,Medium,Portal,2.65,3,0,34.96,3,Resolved
ADM09125,Finance,Portal Access,High,Portal,3.74,2,0,16.55,3,Resolved
ADM09126,Academic Affairs,Course Registration,Critical,Walk-in,0.85,3,0,18.17,4,Pending
ADM09127,Admissions,Student ID Issue,Low,Helpdesk,18.71,3,1,37.79,2,Resolved
ADM09128,IT,Transcript Request,Medium,Phone,6.15,3,1,34.3,2,Escalated
ADM09129,IT,Password Reset,High,Portal,3.33,4,1,20.6,3,Escalated
ADM09130,Academic Affairs,Student ID Issue,High,Email,0.84,3,1,19.3,5,Escalated
ADM09131,Finance,Password Reset,Low,Email,23.33,4,0,28.6,4,Resolved
ADM09132,Library,Fee Statement,Medium,Helpdesk,2.03,4,0,26.65,4,Resolved
ADM09133,Admissions,Course Registration,Low,Helpdesk,22.82,6,0,45.02,2,Resolved
ADM09134,Finance,Library Issue,High,Phone,3.06,5,0,17.1,3,Resolved
ADM09135,Library,Student ID Issue,Medium,Helpdesk,4.07,2,0,10.52,5,Resolved
ADM09136,IT,Exam or Assessment Issue,High,Portal,3.37,4,0,30.98,2,Resolved
ADM09137,IT,Exam or Assessment Issue,High,Phone,3.53,6,0,33.32,3,Resolved
ADM09138,Finance,Student ID Issue,Critical,Portal,1.51,5,1,19.15,3,Resolved
ADM09139,Admissions,Password Reset,High,Portal,0.57,4,1,20.83,5,Resolved
ADM09140,IT,Student ID Issue,Medium,Phone,9.86,5,1,30.01,2,Resolved
ADM09141,Admissions,Library Issue,Low,Portal,16.36,7,0,36.62,2,Resolved
ADM09142,Registrar,Course Registration,Medium,Phone,5.02,2,0,21.99,4,Resolved
ADM09143,Academic Affairs,Fee Statement,Medium,Phone,6.57,2,0,23.16,3,Resolved
ADM09144,Admissions,Transcript Request,Low,Walk-in,7.57,5,0,36.86,3,Resolved
ADM09145,Library,Course Registration,Medium,Phone,3.98,2,0,12.91,5,Resolved
ADM09146,Admissions,Application Issue,High,Portal,0.89,1,0,22.76,4,Pending
ADM09147,Finance,Fee Statement,High,Portal,4.46,5,0,36.09,2,Resolved
ADM09148,Admissions,Student ID Issue,Medium,Email,4.01,2,0,10.62,4,Resolved
ADM09149,Admissions,Library Issue,Medium,Email,7.92,3,0,25.42,4,Resolved
ADM09150,Admissions,Portal Access,Medium,Portal,4.19,4,1,26.02,4,Escalated
ADM09151,Admissions,Student ID Issue,High,Email,1.16,3,0,11.61,4,Resolved
ADM09152,Admissions,Accommodation Request,Medium,Portal,2.87,3,0,30.22,4,Pending
ADM09153,Registrar,Accommodation Request,Critical,Portal,1.75,3,0,33.24,3,Resolved
ADM09154,Admissions,Exam or Assessment Issue,High,Email,1.04,3,0,29.48,3,Resolved
ADM09155,Registrar,Portal Access,Critical,Portal,0.36,3,0,7.84,4,Resolved
ADM09156,Registrar,Transcript Request,High,Email,0.54,6,0,22.39,4,Resolved
ADM09157,Academic Affairs,Accommodation Request,High,Email,2.15,2,1,33.76,2,Resolved
ADM09158,IT,Transcript Request,High,Email,4.74,4,1,39.74,3,Escalated
ADM09159,IT,Fee Statement,Medium,Email,9.27,4,0,29.94,4,Resolved
ADM09160,Admissions,Portal Access,Medium,Portal,2.92,1,1,17.34,4,Escalated
ADM09161,Student Affairs,Transcript Request,High,Portal,0.56,3,0,17.91,3,Pending
ADM09162,IT,Application Issue,Low,Portal,19.02,7,0,46.77,4,Resolved
ADM09163,Library,Transcript Request,Medium,Email,4.45,4,0,23.55,4,Resolved
ADM09164,Finance,Graduation Clearance,High,Email,4.26,2,1,50.14,2,Resolved
ADM09165,Academic Affairs,Payment Issue,High,Phone,1.47,6,0,36.28,2,Pending
ADM09166,Student Affairs,Exam or Assessment Issue,Low,Portal,13.84,3,0,41.21,4,Resolved
ADM09167,Student Affairs,Exam or Assessment Issue,Medium,Phone,2.26,4,0,33.68,4,Resolved
ADM09168,Registrar,Fee Statement,Medium,Portal,9.16,2,0,36.95,2,Resolved
ADM09169,Finance,Application Issue,Medium,Helpdesk,3.42,5,0,27.41,3,Resolved
ADM09170,Finance,Portal Access,High,Portal,1.83,2,0,6.67,5,Resolved
ADM09171,Finance,Password Reset,High,Phone,2.66,4,0,4.94,4,Resolved
ADM09172,Student Affairs,Student ID Issue,Critical,Email,0.69,6,0,13.49,4,Pending
ADM09173,Registrar,Library Issue,Low,Portal,4.8,1,0,15.64,4,Pending
ADM09174,Registrar,Accommodation Request,Medium,Portal,2.23,4,0,31.73,3,Resolved
ADM09175,Finance,Payment Issue,High,Email,4.8,6,0,49.02,2,Resolved
ADM09176,Registrar,Payment Issue,Medium,Email,4.6,7,1,58.05,3,Resolved
ADM09177,Finance,Password Reset,Medium,Helpdesk,4.68,4,0,11.45,5,Resolved
ADM09178,Library,Graduation Clearance,Critical,Helpdesk,1.86,2,1,39.08,2,Escalated
ADM09179,IT,Student ID Issue,High,Phone,4.26,4,0,17.01,3,Resolved
ADM09180,Registrar,Student ID Issue,Medium,Helpdesk,7.5,5,0,20.57,4,Resolved
ADM09181,Admissions,Exam or Assessment Issue,Medium,Email,7.27,4,0,37.82,4,Resolved
ADM09182,Admissions,Accommodation Request,Low,Phone,20.02,4,1,59.77,3,Resolved
ADM09183,Registrar,Exam or Assessment Issue,Critical,Email,0.5,3,0,28.36,4,Resolved
ADM09184,IT,Transcript Request,High,Portal,3.49,5,0,26.0,4,Resolved
ADM09185,IT,Exam or Assessment Issue,Low,Walk-in,5.97,5,0,37.69,4,Resolved
ADM09186,IT,Portal Access,Low,Email,6.53,2,0,18.72,4,Resolved
ADM09187,IT,Student ID Issue,High,Phone,1.59,2,0,8.36,4,Resolved
ADM09188,Registrar,Student ID Issue,Low,Portal,18.2,2,1,38.04,3,Resolved
ADM09189,Academic Affairs,Library Issue,High,Portal,4.52,1,0,9.61,3,Resolved
ADM09190,Student Affairs,Application Issue,Critical,Helpdesk,1.44,4,0,30.25,3,Resolved
ADM09191,Student Affairs,Application Issue,High,Helpdesk,2.37,9,0,34.39,4,Resolved
ADM09192,Registrar,Library Issue,High,Email,2.81,2,0,17.96,5,Pending
ADM09193,Academic Affairs,Course Registration,Medium,Phone,7.7,6,0,27.71,2,Resolved
ADM09194,Library,Portal Access,Low,Portal,16.27,1,0,24.49,4,Resolved
ADM09195,Student Affairs,Student ID Issue,High,Email,2.88,4,0,15.01,5,Resolved
ADM09196,Registrar,Accommodation Request,Medium,Helpdesk,3.89,3,0,26.9,2,Resolved
ADM09197,Library,Graduation Clearance,Medium,Email,6.94,7,0,43.41,3,Resolved
ADM09198,Academic Affairs,Portal Access,Medium,Email,2.15,4,0,11.96,4,Resolved
ADM09199,IT,Password Reset,Medium,Email,6.48,4,0,12.81,5,Resolved
ADM09200,IT,Payment Issue,Medium,Portal,8.57,2,0,45.68,2,Resolved
ADM09201,Academic Affairs,Graduation Clearance,High,Email,1.31,4,0,40.72,3,Resolved
ADM09202,Admissions,Student ID Issue,Medium,Phone,2.91,1,0,9.35,4,Resolved
ADM09203,IT,Course Registration,Medium,Portal,9.76,5,1,39.7,3,Resolved
ADM09204,Admissions,Accommodation Request,Medium,Portal,8.75,4,0,34.22,2,Resolved
ADM09205,Academic Affairs,Graduation Clearance,Low,Email,10.04,5,1,55.32,2,Resolved
ADM09206,Registrar,Portal Access,High,Portal,1.44,6,0,17.93,3,Resolved
ADM09207,Admissions,Fee Statement,Medium,Portal,4.67,8,0,32.78,4,Resolved
ADM09208,IT,Payment Issue,Low,Portal,12.62,3,0,46.2,2,Resolved
ADM09209,Library,Student ID Issue,Medium,Email,8.57,5,1,25.64,3,Resolved
ADM09210,IT,Graduation Clearance,Critical,Email,0.63,3,0,31.53,4,Resolved
ADM09211,Student Affairs,Portal Access,Medium,Email,7.77,2,0,7.87,4,Resolved
ADM09212,Academic Affairs,Portal Access,Medium,Phone,9.43,2,0,11.76,3,Resolved
ADM09213,Registrar,Graduation Clearance,Medium,Email,5.04,4,0,44.89,2,Resolved
ADM09214,Admissions,Accommodation Request,Medium,Portal,2.21,3,0,29.0,3,Resolved
ADM09215,Registrar,Payment Issue,Low,Portal,20.55,3,0,58.45,1,Resolved
ADM09216,Finance,Application Issue,High,Helpdesk,3.69,6,0,31.33,4,Pending
ADM09217,Admissions,Application Issue,Medium,Walk-in,3.19,5,1,38.84,4,Resolved
ADM09218,Academic Affairs,Fee Statement,High,Helpdesk,3.19,6,1,42.27,3,Resolved
ADM09219,Student Affairs,Transcript Request,Medium,Walk-in,8.6,4,0,31.01,3,Resolved
ADM09220,Registrar,Library Issue,Low,Portal,7.62,3,1,26.99,4,Resolved
ADM09221,Registrar,Student ID Issue,High,Helpdesk,1.5,5,0,12.26,4,Resolved
ADM09222,IT,Accommodation Request,Medium,Portal,3.61,5,0,32.09,4,Pending
ADM09223,Admissions,Student ID Issue,High,Portal,4.99,4,0,20.12,4,Resolved
ADM09224,Finance,Exam or Assessment Issue,High,Portal,1.53,3,1,42.12,2,Resolved
ADM09225,Student Affairs,Accommodation Request,Critical,Portal,0.68,6,1,46.23,4,Escalated
ADM09226,Academic Affairs,Application Issue,Low,Walk-in,4.96,5,0,32.79,3,Resolved
ADM09227,Admissions,Exam or Assessment Issue,Low,Email,23.67,3,1,59.25,1,Resolved
ADM09228,Student Affairs,Accommodation Request,Medium,Email,3.97,5,0,36.67,2,Resolved
ADM09229,Finance,Payment Issue,Medium,Walk-in,7.8,3,0,43.58,4,Resolved
ADM09230,Library,Transcript Request,Medium,Phone,2.21,6,1,34.63,2,Escalated
ADM09231,Admissions,Fee Statement,Low,Walk-in,19.67,2,1,49.01,1,Resolved
ADM09232,Registrar,Course Registration,Medium,Helpdesk,8.0,6,0,29.5,2,Resolved
ADM09233,Academic Affairs,Application Issue,Low,Email,5.68,3,0,32.28,4,Pending
ADM09234,Admissions,Course Registration,High,Email,1.05,5,0,17.73,5,Pending
ADM09235,Library,Graduation Clearance,High,Portal,1.83,3,0,36.89,3,Resolved
ADM09236,Finance,Exam or Assessment Issue,Low,Helpdesk,11.09,2,0,35.79,2,Resolved
ADM09237,Registrar,Course Registration,High,Email,4.03,2,0,17.81,5,Resolved
ADM09238,Registrar,Exam or Assessment Issue,Medium,Email,2.49,2,0,29.0,2,Resolved
ADM09239,Admissions,Exam or Assessment Issue,Medium,Email,7.2,4,0,35.75,4,Resolved
ADM09240,IT,Password Reset,Low,Portal,8.57,4,0,10.77,5,Pending
ADM09241,Finance,Transcript Request,High,Portal,2.22,5,0,29.21,3,Resolved
ADM09242,IT,Library Issue,Medium,Walk-in,2.02,4,0,14.96,4,Resolved
ADM09243,IT,Portal Access,Low,Phone,9.82,3,1,28.73,2,Escalated
ADM09244,IT,Payment Issue,Critical,Walk-in,0.51,6,0,41.02,3,Resolved
ADM09245,Admissions,Accommodation Request,Medium,Portal,6.03,6,0,38.59,3,Resolved
ADM09246,Academic Affairs,Student ID Issue,High,Portal,1.21,3,1,18.79,5,Resolved
ADM09247,Admissions,Library Issue,Medium,Portal,8.69,4,0,24.47,4,Resolved
ADM09248,Admissions,Student ID Issue,High,Portal,4.47,3,1,25.15,3,Resolved
ADM09249,Registrar,Fee Statement,High,Email,4.3,2,0,29.21,4,Resolved
ADM09250,Finance,Fee Statement,High,Phone,4.92,5,0,26.85,3,Resolved
ADM09251,Registrar,Payment Issue,Critical,Portal,1.85,1,0,33.26,2,Resolved
ADM09252,IT,Accommodation Request,High,Email,1.76,3,0,29.54,3,Resolved
ADM09253,Finance,Accommodation Request,Medium,Email,4.52,4,1,51.94,2,Resolved
ADM09254,Finance,Application Issue,High,Email,2.9,7,0,30.6,2,Resolved
ADM09255,Library,Graduation Clearance,High,Email,2.23,2,0,32.72,2,Pending
ADM09256,Finance,Accommodation Request,Low,Portal,23.4,6,0,57.01,1,Resolved
ADM09257,Finance,Portal Access,High,Portal,2.03,5,0,15.18,3,Resolved
ADM09258,Registrar,Library Issue,Medium,Email,7.92,2,0,13.41,5,Resolved
ADM09259,Library,Exam or Assessment Issue,Low,Portal,15.51,5,0,45.27,4,Resolved
ADM09260,Registrar,Library Issue,Medium,Helpdesk,9.65,2,1,30.47,4,Resolved
ADM09261,Admissions,Graduation Clearance,Medium,Email,7.96,4,1,51.91,3,Resolved
ADM09262,Admissions,Student ID Issue,Medium,Email,4.43,7,0,24.85,3,Pending
ADM09263,IT,Password Reset,Medium,Portal,3.58,7,1,24.78,4,Resolved
ADM09264,IT,Payment Issue,Medium,Phone,8.84,4,0,45.61,4,Resolved
ADM09265,Student Affairs,Payment Issue,Medium,Phone,9.29,4,0,43.76,3,Pending
ADM09266,Registrar,Portal Access,High,Portal,4.24,4,1,23.99,4,Resolved
ADM09267,Finance,Accommodation Request,Medium,Phone,7.9,3,0,36.76,3,Resolved
ADM09268,Finance,Password Reset,Medium,Walk-in,4.57,5,1,25.95,2,Escalated
ADM09269,Registrar,Application Issue,Medium,Helpdesk,6.04,9,1,44.58,4,Resolved
ADM09270,Finance,Application Issue,Low,Portal,22.31,2,0,51.52,2,Resolved
ADM09271,Finance,Library Issue,Medium,Helpdesk,3.08,4,0,16.47,3,Resolved
ADM09272,Admissions,Portal Access,Low,Phone,13.9,7,1,32.08,4,Resolved
ADM09273,IT,Course Registration,High,Phone,2.1,5,0,27.37,3,Resolved
ADM09274,Finance,Course Registration,High,Phone,3.55,3,0,20.57,3,Resolved
ADM09275,IT,Accommodation Request,Medium,Helpdesk,7.07,2,0,34.88,2,Resolved
ADM09276,Finance,Library Issue,Medium,Helpdesk,6.48,1,0,12.39,5,Resolved
ADM09277,Finance,Portal Access,High,Email,1.76,5,0,7.68,4,Resolved
ADM09278,Admissions,Course Registration,Low,Portal,7.19,4,0,28.51,4,Resolved
ADM09279,Registrar,Transcript Request,Medium,Helpdesk,8.27,5,0,32.82,2,Resolved
ADM09280,Registrar,Student ID Issue,High,Portal,4.96,3,0,16.62,4,Resolved
ADM09281,Admissions,Fee Statement,High,Email,1.26,2,0,18.88,4,Pending
ADM09282,Academic Affairs,Student ID Issue,Medium,Email,2.61,6,0,15.71,3,Resolved
ADM09283,IT,Graduation Clearance,Medium,Portal,7.97,4,0,48.11,3,Resolved
ADM09284,Registrar,Fee Statement,Low,Phone,10.88,6,0,34.0,4,Resolved
ADM09285,Student Affairs,Transcript Request,Low,Email,8.26,2,0,21.86,5,Resolved
ADM09286,Library,Graduation Clearance,High,Phone,2.86,2,1,44.77,2,Resolved
ADM09287,IT,Transcript Request,Low,Helpdesk,17.5,2,0,36.44,3,Resolved
ADM09288,Student Affairs,Portal Access,High,Email,1.47,4,0,10.96,3,Resolved
ADM09289,Admissions,Password Reset,Medium,Email,9.96,4,0,17.98,3,Resolved
ADM09290,Finance,Payment Issue,Low,Walk-in,10.56,2,0,41.04,4,Resolved
ADM09291,Admissions,Course Registration,Medium,Helpdesk,4.52,7,1,30.0,3,Resolved
ADM09292,Admissions,Portal Access,Medium,Email,5.38,6,0,16.86,3,Resolved
ADM09293,Admissions,Password Reset,Low,Phone,18.9,5,0,25.78,3,Resolved
ADM09294,IT,Payment Issue,High,Portal,4.43,5,0,46.94,4,Resolved
ADM09295,Academic Affairs,Portal Access,High,Email,1.96,2,0,11.54,4,Resolved
ADM09296,Student Affairs,Accommodation Request,Critical,Walk-in,0.41,3,1,38.86,4,Escalated
ADM09297,Student Affairs,Payment Issue,High,Portal,1.65,6,0,36.47,2,Resolved
ADM09298,Library,Graduation Clearance,High,Phone,0.88,2,0,25.71,2,Resolved
ADM09299,Academic Affairs,Student ID Issue,Medium,Portal,7.04,2,0,16.92,5,Resolved
ADM09300,Registrar,Payment Issue,Medium,Walk-in,7.93,8,1,60.52,2,Escalated
ADM09301,Finance,Student ID Issue,High,Email,2.43,3,0,12.56,4,Resolved
ADM09302,Admissions,Graduation Clearance,Medium,Portal,9.62,5,1,59.19,2,Escalated
ADM09303,Student Affairs,Application Issue,Low,Portal,18.55,3,0,39.85,3,Resolved
ADM09304,Admissions,Fee Statement,High,Email,2.21,6,0,31.89,4,Resolved
ADM09305,Library,Student ID Issue,Critical,Helpdesk,0.38,4,0,12.24,4,Resolved
ADM09306,Registrar,Transcript Request,Medium,Email,5.95,4,1,35.72,2,Resolved
ADM09307,Finance,Accommodation Request,Medium,Portal,6.03,7,0,39.8,2,Resolved
ADM09308,Library,Course Registration,Medium,Walk-in,6.4,3,1,33.14,2,Escalated
ADM09309,Registrar,Application Issue,Medium,Portal,7.46,3,0,32.05,3,Resolved
ADM09310,Finance,Application Issue,Medium,Portal,4.12,3,0,26.65,3,Resolved
ADM09311,Finance,Library Issue,High,Walk-in,0.51,7,0,22.41,3,Resolved
ADM09312,Finance,Portal Access,Medium,Portal,8.5,5,0,23.93,4,Resolved
ADM09313,IT,Portal Access,Low,Email,20.47,4,0,29.03,4,Resolved
ADM09314,Finance,Portal Access,High,Portal,4.6,3,1,22.44,4,Resolved
ADM09315,IT,Payment Issue,Medium,Portal,9.75,3,0,40.97,3,Resolved
ADM09316,Registrar,Course Registration,High,Phone,1.22,6,1,38.52,3,Resolved
ADM09317,Library,Fee Statement,Medium,Portal,4.83,3,0,30.45,2,Resolved
ADM09318,Finance,Student ID Issue,High,Email,4.33,3,0,12.73,5,Resolved
ADM09319,IT,Graduation Clearance,Low,Portal,22.68,3,0,60.28,3,Resolved
ADM09320,IT,Exam or Assessment Issue,Low,Portal,4.29,5,0,29.65,2,Resolved
ADM09321,Registrar,Portal Access,Medium,Email,5.1,5,0,15.76,3,Resolved
ADM09322,Student Affairs,Application Issue,High,Helpdesk,1.01,4,0,26.52,4,Resolved
ADM09323,IT,Student ID Issue,Medium,Portal,8.31,4,0,19.13,4,Resolved
ADM09324,Admissions,Course Registration,Medium,Portal,7.98,5,0,24.4,2,Resolved
ADM09325,Registrar,Application Issue,Critical,Helpdesk,1.56,5,0,30.78,2,Resolved
ADM09326,Academic Affairs,Transcript Request,Medium,Email,5.12,5,0,32.32,4,Resolved
ADM09327,Library,Course Registration,High,Portal,2.33,5,0,20.4,5,Resolved
ADM09328,Registrar,Payment Issue,High,Walk-in,1.68,3,0,29.29,2,Resolved
ADM09329,Finance,Portal Access,High,Email,2.12,4,1,18.51,3,Escalated
ADM09330,Library,Password Reset,High,Walk-in,4.92,3,0,12.31,5,Resolved
ADM09331,IT,Accommodation Request,Medium,Walk-in,2.37,5,0,31.06,3,Pending
ADM09332,Library,Application Issue,High,Portal,1.96,3,0,23.59,5,Resolved
ADM09333,Admissions,Library Issue,Medium,Email,8.32,2,0,19.07,4,Resolved
ADM09334,IT,Library Issue,Medium,Helpdesk,5.06,2,0,15.74,5,Resolved
ADM09335,Finance,Exam or Assessment Issue,Medium,Phone,9.6,5,0,34.64,2,Resolved
ADM09336,Registrar,Accommodation Request,Medium,Portal,4.66,6,0,38.63,2,Resolved
ADM09337,IT,Fee Statement,Medium,Helpdesk,8.8,4,0,31.7,2,Resolved
ADM09338,Academic Affairs,Fee Statement,High,Portal,4.17,4,0,28.36,3,Resolved
ADM09339,Finance,Accommodation Request,Critical,Portal,0.22,8,0,37.4,3,Resolved
ADM09340,Admissions,Password Reset,High,Helpdesk,2.31,8,1,22.85,5,Resolved
ADM09341,IT,Payment Issue,Medium,Portal,4.25,2,1,42.43,3,Resolved
ADM09342,Admissions,Course Registration,Low,Walk-in,13.59,5,1,44.9,4,Resolved
ADM09343,Student Affairs,Password Reset,High,Email,2.58,3,0,5.8,4,Resolved
ADM09344,Library,Student ID Issue,Medium,Phone,9.24,3,0,20.95,3,Resolved
ADM09345,Registrar,Portal Access,High,Portal,1.33,4,0,9.62,3,Resolved
ADM09346,Academic Affairs,Fee Statement,High,Email,1.32,4,1,37.5,2,Resolved
ADM09347,Library,Application Issue,Medium,Email,2.86,2,0,27.83,2,Resolved
ADM09348,Student Affairs,Fee Statement,Medium,Portal,7.91,5,1,43.27,3,Resolved
ADM09349,IT,Library Issue,Low,Phone,22.36,2,0,37.94,3,Resolved
ADM09350,Student Affairs,Application Issue,Medium,Phone,4.95,3,0,30.86,2,Resolved
ADM09351,Registrar,Student ID Issue,Medium,Helpdesk,2.49,1,1,17.96,4,Escalated
ADM09352,Finance,Student ID Issue,Critical,Portal,0.48,5,1,28.19,2,Resolved
ADM09353,Student Affairs,Portal Access,Low,Walk-in,6.05,6,0,18.19,3,Resolved
ADM09354,Registrar,Transcript Request,Medium,Email,6.74,4,0,25.58,4,Resolved
ADM09355,Registrar,Library Issue,Medium,Portal,4.26,3,0,16.51,4,Resolved
ADM09356,Library,Accommodation Request,Medium,Email,9.18,4,0,37.73,3,Resolved
ADM09357,Student Affairs,Fee Statement,High,Helpdesk,1.23,6,0,23.39,4,Resolved
ADM09358,Registrar,Portal Access,Low,Portal,22.6,6,1,47.24,2,Resolved
ADM09359,Student Affairs,Portal Access,Critical,Portal,0.8,6,0,15.87,4,Resolved
ADM09360,IT,Transcript Request,High,Portal,4.4,3,0,24.01,4,Resolved
ADM09361,Admissions,Student ID Issue,High,Portal,4.77,4,1,29.09,2,Escalated
ADM09362,Student Affairs,Library Issue,Low,Walk-in,23.73,5,0,41.73,4,Resolved
ADM09363,Admissions,Application Issue,Medium,Portal,8.43,3,0,35.74,3,Resolved
ADM09364,Registrar,Exam or Assessment Issue,High,Portal,0.96,2,1,34.01,2,Escalated
ADM09365,Finance,Exam or Assessment Issue,High,Helpdesk,0.75,7,0,34.17,2,Resolved
ADM09366,Admissions,Library Issue,High,Helpdesk,3.83,4,0,16.07,4,Resolved
ADM09367,Admissions,Library Issue,Medium,Email,9.18,3,0,17.69,3,Resolved
ADM09368,Library,Graduation Clearance,Medium,Phone,3.33,5,0,32.74,2,Resolved
ADM09369,Library,Fee Statement,Critical,Portal,1.89,5,0,32.12,3,Resolved
ADM09370,IT,Application Issue,Low,Phone,16.2,6,0,45.02,2,Resolved
ADM09371,Library,Password Reset,Low,Phone,6.48,4,0,11.15,5,Resolved
ADM09372,Registrar,Application Issue,Low,Portal,7.34,3,1,38.28,3,Resolved
ADM09373,Registrar,Portal Access,High,Helpdesk,0.8,6,0,8.58,5,Resolved
ADM09374,Student Affairs,Transcript Request,Low,Portal,6.86,5,0,29.82,2,Resolved
ADM09375,Registrar,Library Issue,Medium,Phone,7.86,6,0,30.78,4,Resolved
ADM09376,Finance,Application Issue,Medium,Walk-in,3.75,5,0,29.26,3,Resolved
ADM09377,IT,Portal Access,Low,Email,15.23,3,1,31.76,2,Escalated
ADM09378,Admissions,Course Registration,High,Portal,3.74,4,0,17.31,4,Resolved
ADM09379,Student Affairs,Student ID Issue,Low,Email,21.91,3,0,34.14,3,Resolved
ADM09380,Finance,Transcript Request,Medium,Walk-in,6.72,3,1,36.86,3,Resolved
ADM09381,Registrar,Exam or Assessment Issue,Medium,Walk-in,6.56,1,0,29.62,4,Resolved
ADM09382,Finance,Payment Issue,Medium,Email,9.3,2,0,43.52,2,Resolved
ADM09383,IT,Exam or Assessment Issue,Medium,Email,4.36,5,0,29.28,2,Resolved
ADM09384,Finance,Accommodation Request,High,Portal,1.42,7,0,29.97,4,Pending
ADM09385,Admissions,Portal Access,High,Phone,4.43,3,0,8.94,5,Resolved
ADM09386,Student Affairs,Library Issue,Medium,Phone,2.6,4,1,23.33,5,Resolved
ADM09387,Academic Affairs,Transcript Request,Medium,Portal,3.52,6,0,27.76,4,Resolved
ADM09388,Finance,Student ID Issue,Medium,Portal,5.29,4,0,14.99,4,Resolved
ADM09389,Admissions,Application Issue,High,Portal,2.13,5,0,33.95,4,Resolved
ADM09390,Admissions,Graduation Clearance,Medium,Email,7.65,7,0,50.82,2,Resolved
ADM09391,Academic Affairs,Graduation Clearance,Low,Email,5.84,6,0,41.2,3,Resolved
ADM09392,Academic Affairs,Course Registration,High,Email,2.65,4,0,20.17,3,Resolved
ADM09393,Finance,Payment Issue,Medium,Phone,8.47,8,1,57.63,1,Resolved
ADM09394,IT,Student ID Issue,Medium,Email,7.47,1,0,15.84,4,Resolved
ADM09395,Finance,Course Registration,Medium,Portal,7.05,2,0,24.61,4,Resolved
ADM09396,Registrar,Exam or Assessment Issue,Low,Phone,8.79,3,0,37.75,4,Resolved
ADM09397,Registrar,Exam or Assessment Issue,Critical,Walk-in,0.91,4,1,37.99,3,Resolved
ADM09398,Admissions,Accommodation Request,High,Portal,1.31,6,1,42.67,4,Escalated
ADM09399,Admissions,Transcript Request,Low,Email,14.18,4,0,33.22,4,Resolved
ADM09400,Registrar,Password Reset,Medium,Helpdesk,6.67,5,0,20.75,3,Resolved
ADM09401,IT,Fee Statement,Medium,Email,7.05,6,0,32.43,4,Resolved
ADM09402,Finance,Transcript Request,Low,Portal,21.52,2,0,42.08,3,Resolved
ADM09403,IT,Payment Issue,Medium,Helpdesk,2.49,2,0,34.49,2,Resolved
ADM09404,Finance,Password Reset,Medium,Phone,5.11,2,0,4.61,4,Resolved
ADM09405,Registrar,Password Reset,Medium,Phone,6.73,9,0,21.93,5,Resolved
ADM09406,Admissions,Accommodation Request,Medium,Portal,6.56,2,0,29.09,4,Resolved
ADM09407,Finance,Graduation Clearance,Low,Email,4.43,5,0,38.22,2,Resolved
ADM09408,Admissions,Fee Statement,Medium,Portal,3.51,4,0,24.88,2,Resolved
ADM09409,Registrar,Password Reset,Medium,Portal,8.77,2,0,13.95,5,Resolved
ADM09410,Admissions,Portal Access,Low,Email,14.31,1,0,18.17,3,Resolved
ADM09411,Registrar,Student ID Issue,Medium,Email,5.31,3,1,23.2,4,Escalated
ADM09412,IT,Password Reset,Medium,Portal,9.2,2,0,16.16,5,Resolved
ADM09413,Library,Password Reset,High,Phone,0.84,5,0,8.79,4,Resolved
ADM09414,Registrar,Student ID Issue,Medium,Helpdesk,9.38,5,1,33.27,2,Resolved
ADM09415,Admissions,Application Issue,Medium,Phone,2.22,6,0,31.49,3,Resolved
ADM09416,Registrar,Accommodation Request,Medium,Walk-in,6.5,1,0,29.49,4,Resolved
ADM09417,IT,Password Reset,High,Portal,3.0,6,0,13.8,5,Resolved
ADM09418,Finance,Password Reset,High,Email,3.38,4,0,9.3,3,Resolved
ADM09419,Admissions,Graduation Clearance,Low,Email,4.59,5,0,39.53,2,Resolved
ADM09420,Admissions,Fee Statement,Critical,Portal,1.15,7,0,28.04,4,Resolved
ADM09421,Academic Affairs,Course Registration,High,Phone,1.01,7,1,34.53,2,Resolved
ADM09422,Admissions,Application Issue,Medium,Helpdesk,3.25,1,1,36.32,4,Escalated
ADM09423,IT,Library Issue,High,Walk-in,1.47,2,0,7.12,5,Resolved
ADM09424,Admissions,Application Issue,Medium,Email,6.91,1,0,25.32,2,Resolved
ADM09425,Academic Affairs,Student ID Issue,Low,Walk-in,11.8,4,0,21.03,4,Pending
ADM09426,Library,Fee Statement,High,Portal,0.88,7,0,28.36,3,Resolved
ADM09427,Finance,Accommodation Request,High,Email,1.8,5,0,37.53,4,Resolved
ADM09428,Student Affairs,Transcript Request,Low,Portal,5.53,2,0,18.24,5,Resolved
ADM09429,Admissions,Fee Statement,Medium,Portal,7.31,4,1,42.68,3,Resolved
ADM09430,Student Affairs,Graduation Clearance,High,Walk-in,3.01,3,0,38.12,2,Pending
ADM09431,Student Affairs,Payment Issue,High,Portal,2.33,6,0,39.56,3,Resolved
ADM09432,Registrar,Student ID Issue,Medium,Email,9.42,6,0,24.98,4,Resolved
ADM09433,IT,Course Registration,Low,Email,14.37,4,0,34.11,4,Resolved
ADM09434,Finance,Exam or Assessment Issue,Medium,Email,9.1,4,0,35.14,3,Resolved
ADM09435,Finance,Payment Issue,Medium,Helpdesk,6.63,2,1,46.65,4,Resolved
ADM09436,Finance,Payment Issue,High,Helpdesk,2.2,1,0,39.92,2,Resolved
ADM09437,IT,Accommodation Request,Medium,Helpdesk,6.31,4,0,33.8,4,Resolved
ADM09438,Finance,Library Issue,High,Portal,1.18,5,0,16.92,4,Resolved
ADM09439,Registrar,Transcript Request,High,Email,3.54,2,0,18.37,3,Resolved
ADM09440,IT,Password Reset,Medium,Helpdesk,9.86,7,0,25.13,2,Pending
ADM09441,Registrar,Portal Access,Low,Helpdesk,8.95,6,0,15.94,3,Pending
ADM09442,Registrar,Password Reset,Medium,Email,4.59,3,0,10.56,3,Resolved
ADM09443,Finance,Exam or Assessment Issue,Low,Walk-in,12.12,2,1,45.87,3,Resolved
ADM09444,Finance,Payment Issue,Medium,Email,5.87,3,0,39.87,4,Resolved
ADM09445,Admissions,Application Issue,Low,Helpdesk,18.38,3,0,47.96,3,Resolved
ADM09446,Registrar,Portal Access,Low,Email,6.73,1,0,12.62,5,Resolved
ADM09447,Academic Affairs,Accommodation Request,Medium,Helpdesk,4.42,4,0,28.71,3,Pending
ADM09448,IT,Transcript Request,Medium,Email,6.31,2,0,22.57,3,Resolved
ADM09449,Finance,Exam or Assessment Issue,Medium,Portal,6.72,3,0,31.59,3,Resolved
ADM09450,Finance,Accommodation Request,High,Portal,2.91,6,0,40.42,2,Resolved
ADM09451,Admissions,Student ID Issue,Medium,Portal,5.48,4,0,16.35,5,Resolved
ADM09452,IT,Course Registration,High,Portal,3.7,4,0,20.43,4,Resolved
ADM09453,Registrar,Payment Issue,High,Phone,1.42,6,0,42.37,2,Resolved
ADM09454,Registrar,Graduation Clearance,High,Email,1.77,4,0,44.92,2,Resolved
ADM09455,Student Affairs,Application Issue,High,Phone,2.5,4,0,21.89,5,Pending
ADM09456,Finance,Accommodation Request,Medium,Email,7.56,3,0,34.2,2,Resolved
ADM09457,Finance,Portal Access,Medium,Email,2.66,3,0,8.13,4,Resolved
ADM09458,Student Affairs,Payment Issue,Low,Phone,6.31,5,0,42.11,2,Resolved
ADM09459,IT,Transcript Request,Medium,Email,8.26,3,0,27.86,2,Resolved
ADM09460,Finance,Application Issue,Medium,Helpdesk,4.09,3,1,44.62,4,Resolved
ADM09461,IT,Library Issue,Medium,Walk-in,9.71,4,0,27.51,3,Resolved
ADM09462,Registrar,Library Issue,Low,Phone,23.23,6,0,38.44,3,Resolved
ADM09463,Library,Portal Access,Medium,Email,7.49,4,0,21.45,4,Resolved
ADM09464,Admissions,Exam or Assessment Issue,Medium,Email,7.73,3,1,46.28,4,Resolved
ADM09465,Student Affairs,Course Registration,Medium,Helpdesk,7.21,5,0,30.56,4,Resolved
ADM09466,Academic Affairs,Library Issue,Medium,Email,3.42,3,0,20.37,4,Resolved
ADM09467,Academic Affairs,Payment Issue,High,Walk-in,2.75,2,0,30.93,4,Resolved
ADM09468,Student Affairs,Transcript Request,High,Email,4.07,4,1,33.13,2,Resolved
ADM09469,Admissions,Course Registration,Medium,Portal,8.2,2,0,24.18,2,Resolved
ADM09470,Finance,Password Reset,High,Phone,4.54,2,0,8.88,3,Resolved
ADM09471,Admissions,Transcript Request,Low,Helpdesk,22.02,3,0,43.34,4,Resolved
ADM09472,IT,Payment Issue,Medium,Email,4.09,3,0,35.43,3,Resolved
ADM09473,Student Affairs,Payment Issue,Low,Email,18.43,6,0,58.62,2,Resolved
ADM09474,Registrar,Student ID Issue,High,Walk-in,3.43,4,0,14.41,5,Resolved
ADM09475,Academic Affairs,Course Registration,Low,Email,21.72,3,0,38.42,3,Resolved
ADM09476,Student Affairs,Transcript Request,Low,Email,7.67,4,0,34.41,3,Resolved
ADM09477,Academic Affairs,Course Registration,High,Email,3.83,6,0,24.76,2,Resolved
ADM09478,Student Affairs,Portal Access,Medium,Portal,5.39,3,0,15.59,4,Resolved
ADM09479,Finance,Fee Statement,High,Walk-in,2.28,2,0,22.25,4,Resolved
ADM09480,Registrar,Course Registration,Low,Helpdesk,4.72,3,0,15.26,5,Resolved
ADM09481,Registrar,Graduation Clearance,Medium,Email,9.69,6,0,46.63,3,Resolved
ADM09482,Finance,Library Issue,Critical,Email,1.42,2,0,14.19,3,Resolved
ADM09483,IT,Graduation Clearance,Medium,Portal,6.73,2,0,39.81,2,Resolved
ADM09484,Library,Payment Issue,High,Email,1.63,5,0,37.62,3,Resolved
ADM09485,Student Affairs,Student ID Issue,Critical,Portal,1.39,3,0,9.7,3,Resolved
ADM09486,IT,Password Reset,High,Phone,4.76,4,0,18.14,5,Resolved
ADM09487,Registrar,Student ID Issue,Medium,Email,3.31,3,0,20.4,4,Resolved
ADM09488,Registrar,Transcript Request,Medium,Phone,9.87,5,0,27.34,4,Resolved
ADM09489,Registrar,Portal Access,Low,Helpdesk,12.55,3,1,31.51,3,Resolved
ADM09490,Finance,Portal Access,Medium,Helpdesk,9.83,4,0,21.39,3,Resolved
ADM09491,Admissions,Password Reset,High,Portal,3.35,5,0,14.17,5,Resolved
ADM09492,Registrar,Graduation Clearance,Medium,Portal,4.59,3,0,39.45,4,Resolved
ADM09493,Finance,Course Registration,High,Portal,2.18,3,0,19.89,3,Resolved
ADM09494,Registrar,Graduation Clearance,High,Helpdesk,1.81,3,0,29.87,2,Resolved
ADM09495,IT,Course Registration,Critical,Helpdesk,0.8,7,0,22.98,5,Resolved
ADM09496,Admissions,Transcript Request,High,Walk-in,3.41,2,0,22.27,3,Resolved
ADM09497,Admissions,Exam or Assessment Issue,High,Portal,0.57,4,0,24.52,4,Resolved
ADM09498,Admissions,Transcript Request,High,Email,4.85,4,0,22.53,3,Resolved
ADM09499,Academic Affairs,Application Issue,High,Helpdesk,3.96,6,1,39.3,3,Escalated
ADM09500,Registrar,Course Registration,High,Helpdesk,4.73,2,0,14.26,5,Resolved
ADM09501,Admissions,Exam or Assessment Issue,High,Walk-in,3.73,4,0,32.8,3,Resolved
ADM09502,Library,Transcript Request,High,Portal,2.66,4,0,20.53,5,Resolved
ADM09503,IT,Portal Access,Medium,Portal,3.52,3,0,12.62,4,Resolved
ADM09504,Academic Affairs,Fee Statement,Medium,Email,6.13,1,1,33.55,2,Resolved
ADM09505,Finance,Payment Issue,Medium,Helpdesk,7.69,6,0,51.59,3,Resolved
ADM09506,Admissions,Course Registration,Low,Helpdesk,21.08,5,0,39.36,2,Resolved
ADM09507,Registrar,Application Issue,Medium,Email,4.59,1,1,35.4,3,Resolved
ADM09508,IT,Payment Issue,High,Phone,2.8,2,0,35.0,4,Resolved
ADM09509,Finance,Library Issue,High,Email,3.29,3,0,14.08,5,Resolved
ADM09510,Registrar,Fee Statement,Low,Portal,15.77,4,1,45.65,3,Resolved
ADM09511,Admissions,Student ID Issue,High,Portal,0.74,4,0,14.2,5,Pending
ADM09512,Admissions,Course Registration,High,Portal,2.68,5,0,23.74,5,Resolved
ADM09513,Registrar,Student ID Issue,High,Portal,4.14,3,0,11.3,4,Resolved
ADM09514,IT,Application Issue,High,Portal,4.11,4,0,29.79,4,Resolved
ADM09515,IT,Course Registration,Low,Walk-in,14.14,2,0,33.61,4,Resolved
ADM09516,Registrar,Exam or Assessment Issue,Medium,Portal,9.62,4,0,39.86,2,Resolved
ADM09517,Admissions,Application Issue,Medium,Walk-in,8.61,5,0,37.54,4,Resolved
ADM09518,IT,Accommodation Request,Low,Portal,18.75,2,0,43.27,3,Pending
ADM09519,Admissions,Application Issue,Low,Walk-in,14.31,3,0,39.9,3,Pending
ADM09520,Finance,Transcript Request,High,Helpdesk,3.16,1,0,17.22,3,Resolved
ADM09521,Finance,Transcript Request,High,Email,1.5,5,0,27.51,2,Resolved
ADM09522,IT,Student ID Issue,Medium,Portal,6.26,5,0,19.57,5,Resolved
ADM09523,Academic Affairs,Accommodation Request,Medium,Email,6.21,5,0,41.7,2,Resolved
ADM09524,IT,Graduation Clearance,Medium,Portal,3.62,4,0,37.82,2,Resolved
ADM09525,Registrar,Application Issue,Low,Email,23.02,3,1,53.75,1,Resolved
ADM09526,Admissions,Exam or Assessment Issue,High,Portal,1.6,4,0,28.3,4,Pending
ADM09527,Student Affairs,Library Issue,Low,Walk-in,6.08,5,0,17.14,4,Resolved
ADM09528,Registrar,Student ID Issue,High,Portal,2.6,2,0,7.66,5,Resolved
ADM09529,Academic Affairs,Payment Issue,High,Portal,3.59,4,0,36.54,2,Resolved
ADM09530,Academic Affairs,Transcript Request,Medium,Email,3.56,2,0,19.26,3,Resolved
ADM09531,Registrar,Payment Issue,High,Email,1.32,5,0,39.84,3,Resolved
ADM09532,Academic Affairs,Graduation Clearance,Low,Phone,9.23,7,0,47.49,2,Resolved
ADM09533,Finance,Exam or Assessment Issue,Medium,Email,4.42,3,0,27.5,3,Resolved
ADM09534,Student Affairs,Payment Issue,High,Helpdesk,1.61,4,0,37.53,2,Resolved
ADM09535,Admissions,Exam or Assessment Issue,High,Portal,2.62,2,0,25.56,4,Resolved
ADM09536,Admissions,Accommodation Request,Low,Portal,4.37,2,0,27.66,4,Resolved
ADM09537,IT,Student ID Issue,Medium,Email,2.7,6,0,19.49,5,Resolved
ADM09538,Library,Exam or Assessment Issue,Medium,Portal,7.83,4,0,33.52,3,Resolved
ADM09539,Registrar,Portal Access,Medium,Helpdesk,5.3,6,1,30.11,4,Resolved
ADM09540,IT,Student ID Issue,High,Helpdesk,2.12,2,0,12.86,5,Resolved
ADM09541,Registrar,Portal Access,Medium,Email,2.08,7,1,26.51,4,Resolved
ADM09542,Finance,Application Issue,High,Walk-in,1.84,2,1,42.94,2,Resolved
ADM09543,Finance,Portal Access,Low,Email,20.42,5,0,31.67,2,Pending
ADM09544,Admissions,Course Registration,High,Portal,2.03,10,0,28.2,2,Resolved
ADM09545,Finance,Application Issue,Medium,Portal,9.71,3,0,30.7,2,Resolved
ADM09546,Registrar,Graduation Clearance,Low,Helpdesk,11.8,2,0,46.94,2,Resolved
ADM09547,Registrar,Portal Access,Medium,Email,5.71,5,0,19.4,3,Resolved
ADM09548,Registrar,Library Issue,Medium,Email,8.42,1,0,19.89,3,Resolved
ADM09549,Admissions,Payment Issue,Medium,Portal,9.86,6,0,46.19,4,Resolved
ADM09550,Academic Affairs,Application Issue,High,Helpdesk,2.17,2,0,26.6,4,Pending
ADM09551,Registrar,Payment Issue,High,Phone,1.04,6,1,49.45,1,Escalated
ADM09552,Academic Affairs,Password Reset,Medium,Portal,6.18,2,0,12.67,4,Resolved
ADM09553,Library,Student ID Issue,Medium,Helpdesk,6.73,7,0,23.21,3,Resolved
ADM09554,IT,Portal Access,Low,Helpdesk,23.19,5,0,34.75,4,Resolved
ADM09555,IT,Payment Issue,High,Walk-in,2.36,4,1,46.86,4,Resolved
ADM09556,Student Affairs,Portal Access,Medium,Walk-in,2.73,5,0,11.82,4,Pending
ADM09557,Registrar,Payment Issue,Low,Walk-in,17.02,4,0,51.29,3,Resolved
ADM09558,Admissions,Graduation Clearance,Medium,Email,2.17,4,0,39.0,3,Pending
ADM09559,IT,Library Issue,Low,Email,12.51,6,0,34.39,4,Resolved
ADM09560,IT,Exam or Assessment Issue,Medium,Portal,5.28,6,0,38.72,3,Resolved
ADM09561,Student Affairs,Fee Statement,Low,Helpdesk,9.1,5,0,37.76,4,Resolved
ADM09562,Registrar,Library Issue,Low,Helpdesk,23.29,3,0,32.02,2,Pending
ADM09563,IT,Transcript Request,Low,Email,12.07,5,0,35.74,3,Resolved
ADM09564,Admissions,Portal Access,High,Email,4.53,3,0,9.94,5,Resolved
ADM09565,Finance,Library Issue,High,Helpdesk,2.82,2,0,13.11,3,Resolved
ADM09566,Finance,Course Registration,Medium,Phone,8.56,8,0,32.8,4,Resolved
ADM09567,IT,Portal Access,Medium,Portal,5.61,2,0,11.83,5,Resolved
ADM09568,Student Affairs,Accommodation Request,High,Portal,4.96,2,0,36.22,2,Resolved
ADM09569,Admissions,Student ID Issue,Medium,Email,7.12,7,0,19.57,4,Resolved
ADM09570,Student Affairs,Student ID Issue,Medium,Helpdesk,3.25,9,1,25.87,2,Resolved
ADM09571,Admissions,Transcript Request,High,Walk-in,0.53,1,0,13.57,3,Resolved
ADM09572,Registrar,Exam or Assessment Issue,Medium,Helpdesk,9.43,4,0,36.44,4,Resolved
ADM09573,Registrar,Course Registration,Medium,Email,7.49,1,1,32.85,3,Escalated
ADM09574,Registrar,Transcript Request,Medium,Walk-in,2.85,4,0,24.57,4,Resolved
ADM09575,Finance,Application Issue,Medium,Portal,7.95,3,1,45.89,2,Escalated
ADM09576,Finance,Portal Access,High,Portal,1.52,4,0,5.41,4,Resolved
ADM09577,IT,Course Registration,High,Portal,4.14,3,0,22.78,5,Resolved
ADM09578,Library,Password Reset,Critical,Helpdesk,1.3,4,1,20.23,5,Resolved
ADM09579,Registrar,Exam or Assessment Issue,High,Phone,1.06,4,0,28.66,2,Resolved
ADM09580,Finance,Payment Issue,Low,Portal,5.42,3,1,49.53,1,Resolved
ADM09581,Finance,Accommodation Request,High,Helpdesk,2.6,4,0,34.7,4,Resolved
ADM09582,Admissions,Portal Access,High,Portal,4.72,6,0,20.54,4,Resolved
ADM09583,Registrar,Accommodation Request,Medium,Walk-in,6.52,7,0,40.17,3,Resolved
ADM09584,Registrar,Course Registration,Medium,Walk-in,8.07,2,0,24.73,2,Resolved
ADM09585,Academic Affairs,Payment Issue,Low,Phone,13.39,5,0,47.66,2,Resolved
ADM09586,Library,Transcript Request,Critical,Phone,0.89,4,0,26.17,2,Resolved
ADM09587,Registrar,Portal Access,High,Email,4.2,5,0,16.75,4,Pending
ADM09588,Admissions,Payment Issue,Medium,Helpdesk,5.71,8,0,46.38,3,Resolved
ADM09589,Finance,Accommodation Request,Low,Email,6.83,4,0,41.22,3,Resolved
ADM09590,Library,Fee Statement,High,Portal,1.74,5,0,29.95,2,Resolved
ADM09591,Admissions,Course Registration,Medium,Email,6.49,8,0,31.81,3,Resolved
ADM09592,Registrar,Exam or Assessment Issue,Medium,Email,5.22,4,0,30.15,2,Resolved
ADM09593,Library,Exam or Assessment Issue,High,Portal,2.15,4,1,36.89,4,Escalated
ADM09594,Finance,Course Registration,High,Walk-in,3.51,3,0,17.51,5,Pending
ADM09595,Finance,Graduation Clearance,Low,Portal,16.73,4,0,50.44,3,Resolved
ADM09596,Finance,Accommodation Request,High,Email,1.91,3,0,30.5,4,Pending
ADM09597,Admissions,Accommodation Request,High,Phone,2.12,2,0,32.85,3,Resolved
ADM09598,Finance,Application Issue,Medium,Walk-in,8.02,7,0,31.66,3,Resolved
ADM09599,Finance,Transcript Request,Medium,Email,9.37,5,0,30.44,2,Resolved
ADM09600,Finance,Accommodation Request,Low,Phone,10.48,5,0,43.71,3,Resolved
ADM09601,Registrar,Graduation Clearance,Low,Email,9.84,4,0,43.19,2,Resolved
ADM09602,Library,Library Issue,Low,Portal,9.31,1,1,30.17,3,Escalated
ADM09603,Registrar,Exam or Assessment Issue,Medium,Portal,3.13,4,0,27.33,4,Resolved
ADM09604,Registrar,Student ID Issue,Medium,Walk-in,5.02,6,0,20.46,4,Resolved
ADM09605,IT,Student ID Issue,Medium,Portal,6.13,2,0,11.95,4,Resolved
ADM09606,Library,Portal Access,Medium,Portal,6.3,3,0,15.93,3,Resolved
ADM09607,Student Affairs,Password Reset,Medium,Phone,7.53,5,1,26.98,2,Resolved
ADM09608,Admissions,Graduation Clearance,Medium,Phone,2.42,2,0,30.85,4,Pending
ADM09609,Registrar,Portal Access,High,Portal,3.03,2,0,7.25,5,Resolved
ADM09610,Library,Application Issue,Medium,Portal,4.04,7,0,36.29,3,Resolved
ADM09611,IT,Payment Issue,Low,Phone,8.78,2,0,41.35,3,Pending
ADM09612,Finance,Password Reset,Medium,Walk-in,8.32,7,1,34.09,4,Resolved
ADM09613,Student Affairs,Payment Issue,High,Email,1.19,4,0,36.8,4,Resolved
ADM09614,Registrar,Student ID Issue,Medium,Portal,4.63,3,0,15.79,5,Resolved
ADM09615,Academic Affairs,Student ID Issue,High,Phone,3.37,5,0,18.24,5,Resolved
ADM09616,Student Affairs,Student ID Issue,High,Walk-in,3.39,3,1,27.96,3,Resolved
ADM09617,IT,Accommodation Request,Medium,Walk-in,2.38,2,0,30.73,4,Resolved
ADM09618,Academic Affairs,Application Issue,Medium,Phone,2.58,5,0,31.34,4,Resolved
ADM09619,IT,Library Issue,High,Portal,3.45,3,0,14.98,3,Resolved
ADM09620,Registrar,Graduation Clearance,Low,Phone,23.06,1,1,64.11,1,Resolved
ADM09621,Admissions,Graduation Clearance,Medium,Email,9.99,5,0,45.4,4,Resolved
ADM09622,Registrar,Graduation Clearance,Medium,Email,9.9,4,1,57.2,3,Resolved
ADM09623,Finance,Portal Access,High,Helpdesk,2.08,8,0,19.05,3,Resolved
ADM09624,Library,Payment Issue,Medium,Helpdesk,3.93,2,0,37.25,2,Resolved
ADM09625,Finance,Graduation Clearance,Medium,Phone,2.79,4,0,36.01,3,Resolved
ADM09626,Finance,Fee Statement,Low,Portal,10.52,6,0,38.77,2,Resolved
ADM09627,IT,Exam or Assessment Issue,Medium,Phone,4.21,3,0,32.97,3,Resolved
ADM09628,Student Affairs,Portal Access,High,Phone,3.1,1,0,10.2,5,Resolved
ADM09629,Registrar,Course Registration,Medium,Portal,4.95,3,0,18.61,4,Resolved
ADM09630,Finance,Transcript Request,High,Phone,1.54,4,0,22.12,5,Resolved
ADM09631,Registrar,Password Reset,Medium,Email,6.9,3,0,16.77,5,Resolved
ADM09632,IT,Payment Issue,High,Email,1.95,3,0,33.78,4,Resolved
ADM09633,Registrar,Application Issue,Medium,Walk-in,4.83,4,0,35.11,2,Resolved
ADM09634,IT,Exam or Assessment Issue,High,Helpdesk,3.19,7,0,37.06,2,Resolved
ADM09635,Finance,Student ID Issue,High,Helpdesk,1.03,3,0,10.62,4,Resolved
ADM09636,Registrar,Course Registration,High,Phone,3.98,3,1,32.56,4,Resolved
ADM09637,Academic Affairs,Transcript Request,Medium,Email,9.72,1,0,24.36,3,Resolved
ADM09638,Registrar,Payment Issue,High,Portal,2.71,2,0,36.58,2,Pending
ADM09639,Admissions,Library Issue,Medium,Email,6.48,3,0,18.29,3,Resolved
ADM09640,Registrar,Student ID Issue,Critical,Phone,0.89,6,0,16.14,4,Pending
ADM09641,Admissions,Payment Issue,Medium,Portal,9.65,3,0,43.14,4,Resolved
ADM09642,Admissions,Fee Statement,High,Portal,1.1,7,1,34.76,3,Escalated
ADM09643,Finance,Fee Statement,Medium,Helpdesk,8.51,6,0,34.99,2,Resolved
ADM09644,Registrar,Graduation Clearance,Medium,Portal,7.2,6,0,44.71,2,Resolved
ADM09645,Finance,Application Issue,Low,Portal,19.83,5,0,48.33,3,Resolved
ADM09646,IT,Fee Statement,Medium,Email,9.6,3,0,36.45,4,Resolved
ADM09647,Library,Library Issue,Low,Email,13.92,2,1,41.25,4,Resolved
ADM09648,Admissions,Application Issue,Low,Portal,9.77,3,1,42.36,4,Resolved
ADM09649,IT,Graduation Clearance,Low,Phone,19.59,5,0,54.3,1,Resolved
ADM09650,Registrar,Graduation Clearance,High,Portal,4.3,4,0,39.38,2,Resolved
ADM09651,Finance,Password Reset,Medium,Helpdesk,7.49,6,1,35.41,4,Resolved
ADM09652,Registrar,Exam or Assessment Issue,High,Portal,4.32,4,1,48.48,1,Escalated
ADM09653,Finance,Library Issue,Medium,Portal,7.84,2,0,19.83,3,Resolved
ADM09654,Finance,Application Issue,High,Phone,4.81,5,0,29.51,4,Pending
ADM09655,Admissions,Library Issue,Medium,Email,6.57,4,1,26.27,3,Resolved
ADM09656,IT,Graduation Clearance,Low,Portal,11.61,4,0,41.55,3,Resolved
ADM09657,Academic Affairs,Fee Statement,Medium,Portal,7.44,5,0,35.19,2,Resolved
ADM09658,Registrar,Graduation Clearance,High,Email,0.81,5,0,37.52,4,Resolved
ADM09659,IT,Password Reset,Medium,Helpdesk,5.99,1,0,12.19,5,Resolved
ADM09660,Student Affairs,Library Issue,High,Email,3.98,3,0,19.91,5,Resolved
ADM09661,IT,Password Reset,High,Email,1.26,6,0,14.57,5,Resolved
ADM09662,Finance,Transcript Request,Medium,Email,5.2,3,0,26.4,2,Resolved
ADM09663,Finance,Library Issue,High,Portal,2.08,4,0,18.41,4,Resolved
ADM09664,Registrar,Portal Access,High,Portal,2.01,6,0,11.68,5,Resolved
ADM09665,Finance,Student ID Issue,Low,Portal,17.01,6,0,35.6,3,Resolved
ADM09666,Library,Fee Statement,Medium,Email,5.98,2,0,26.87,4,Resolved
ADM09667,Registrar,Payment Issue,High,Email,4.09,3,0,41.23,4,Resolved
ADM09668,Registrar,Password Reset,Medium,Email,2.46,5,1,23.23,4,Resolved
ADM09669,IT,Fee Statement,High,Email,2.54,5,0,31.52,3,Resolved
ADM09670,Library,Course Registration,Low,Phone,4.28,3,0,24.14,2,Resolved
ADM09671,Admissions,Portal Access,High,Portal,1.49,2,0,10.21,5,Resolved
ADM09672,IT,Fee Statement,High,Portal,3.99,4,1,40.68,3,Escalated
ADM09673,Finance,Exam or Assessment Issue,High,Email,0.98,2,0,31.98,2,Resolved
ADM09674,Registrar,Student ID Issue,Medium,Helpdesk,2.84,5,0,17.93,5,Resolved
ADM09675,Finance,Portal Access,Medium,Walk-in,5.21,5,1,22.25,3,Resolved
ADM09676,IT,Student ID Issue,Medium,Walk-in,8.22,7,0,27.08,4,Resolved
ADM09677,Academic Affairs,Graduation Clearance,Medium,Email,7.1,2,0,36.95,3,Resolved
ADM09678,Registrar,Fee Statement,High,Email,4.02,4,0,31.38,2,Resolved
ADM09679,Admissions,Portal Access,Low,Phone,4.99,3,0,14.62,5,Resolved
ADM09680,Finance,Exam or Assessment Issue,Medium,Email,6.51,3,0,31.55,2,Resolved
ADM09681,Admissions,Payment Issue,Low,Portal,13.07,6,1,64.1,3,Resolved
ADM09682,Registrar,Payment Issue,Medium,Email,9.17,4,0,49.72,3,Resolved
ADM09683,Finance,Student ID Issue,High,Email,3.82,3,1,23.7,5,Resolved
ADM09684,Student Affairs,Student ID Issue,Low,Email,12.49,4,0,20.57,5,Resolved
ADM09685,IT,Exam or Assessment Issue,High,Portal,2.99,4,0,32.43,2,Resolved
ADM09686,Admissions,Transcript Request,Low,Phone,12.5,1,0,29.11,4,Resolved
ADM09687,Finance,Payment Issue,Medium,Email,5.53,6,0,42.65,2,Resolved
ADM09688,Finance,Exam or Assessment Issue,Medium,Email,7.07,5,0,33.0,3,Resolved
ADM09689,Finance,Graduation Clearance,Medium,Phone,3.73,3,1,42.67,3,Resolved
ADM09690,Student Affairs,Payment Issue,Low,Portal,10.66,3,1,56.91,3,Escalated
ADM09691,Academic Affairs,Exam or Assessment Issue,High,Phone,1.76,6,0,32.07,2,Resolved
ADM09692,Admissions,Password Reset,Medium,Walk-in,8.41,6,1,25.55,4,Resolved
ADM09693,Finance,Application Issue,Low,Email,22.84,6,0,57.71,1,Resolved
ADM09694,Student Affairs,Library Issue,High,Portal,2.36,4,0,17.01,5,Resolved
ADM09695,Admissions,Password Reset,Medium,Phone,2.62,7,0,16.69,5,Resolved
ADM09696,IT,Student ID Issue,High,Portal,0.92,6,0,17.03,5,Resolved
ADM09697,Finance,Accommodation Request,Medium,Email,5.2,3,1,43.86,3,Resolved
ADM09698,Library,Library Issue,Low,Portal,11.9,3,0,18.02,3,Resolved
ADM09699,Admissions,Accommodation Request,Low,Helpdesk,6.92,4,0,36.58,4,Resolved
ADM09700,Library,Course Registration,Medium,Helpdesk,8.46,2,0,26.81,2,Resolved
ADM09701,Library,Student ID Issue,Low,Portal,14.0,5,0,26.91,3,Resolved
ADM09702,Registrar,Graduation Clearance,Low,Portal,6.18,5,0,38.4,4,Resolved
ADM09703,IT,Fee Statement,High,Portal,0.94,4,0,24.41,2,Resolved
ADM09704,Library,Application Issue,Medium,Email,5.57,5,0,37.73,4,Resolved
ADM09705,Finance,Accommodation Request,Medium,Email,2.93,3,1,42.0,2,Resolved
ADM09706,Registrar,Library Issue,Medium,Portal,6.49,4,0,14.72,5,Pending
ADM09707,Registrar,Student ID Issue,Medium,Phone,5.08,2,0,11.0,4,Pending
ADM09708,Admissions,Password Reset,Medium,Email,9.36,2,0,8.92,4,Resolved
ADM09709,Finance,Transcript Request,Medium,Helpdesk,5.35,4,0,25.48,3,Resolved
ADM09710,IT,Exam or Assessment Issue,High,Email,3.26,4,0,37.89,4,Resolved
ADM09711,Registrar,Portal Access,Medium,Portal,8.49,5,0,20.05,4,Resolved
ADM09712,Student Affairs,Payment Issue,Medium,Walk-in,4.42,3,0,36.05,3,Resolved
ADM09713,Finance,Application Issue,Low,Email,14.24,4,0,43.03,2,Resolved
ADM09714,Finance,Application Issue,Low,Email,6.42,4,0,28.12,2,Resolved
ADM09715,Admissions,Payment Issue,Low,Email,12.66,3,0,48.13,2,Resolved
ADM09716,Admissions,Payment Issue,Medium,Helpdesk,5.01,5,0,38.75,3,Pending
ADM09717,Registrar,Payment Issue,Medium,Portal,5.43,4,1,55.49,3,Escalated
ADM09718,Finance,Exam or Assessment Issue,Low,Email,6.15,7,1,47.99,3,Escalated
ADM09719,Registrar,Transcript Request,High,Walk-in,2.29,1,0,16.65,4,Resolved
ADM09720,IT,Course Registration,Medium,Portal,8.96,4,0,26.1,2,Resolved
ADM09721,Library,Graduation Clearance,Critical,Email,1.89,3,0,34.09,2,Resolved
ADM09722,Admissions,Transcript Request,Medium,Portal,3.93,6,0,25.4,3,Resolved
ADM09723,IT,Password Reset,High,Portal,1.85,1,1,8.38,4,Resolved
ADM09724,Library,Graduation Clearance,High,Email,0.54,6,1,48.54,3,Resolved
ADM09725,Registrar,Course Registration,High,Portal,1.02,3,0,19.44,4,Pending
ADM09726,Academic Affairs,Portal Access,Medium,Email,4.76,3,1,26.59,2,Escalated
ADM09727,Student Affairs,Payment Issue,Medium,Phone,7.48,4,0,49.5,2,Resolved
ADM09728,Registrar,Transcript Request,Medium,Email,4.34,6,0,31.88,4,Resolved
ADM09729,Registrar,Fee Statement,Medium,Email,2.6,2,0,25.31,2,Resolved
ADM09730,Registrar,Password Reset,Medium,Helpdesk,7.85,6,0,23.02,5,Resolved
ADM09731,Registrar,Portal Access,Medium,Portal,5.73,6,0,17.32,4,Resolved
ADM09732,Library,Portal Access,Medium,Email,6.15,4,0,11.99,5,Resolved
ADM09733,Admissions,Library Issue,Medium,Walk-in,4.61,4,0,20.06,3,Resolved
ADM09734,Library,Library Issue,Low,Helpdesk,16.26,3,0,24.7,4,Resolved
ADM09735,Library,Portal Access,Medium,Email,9.13,5,0,20.2,4,Resolved
ADM09736,IT,Course Registration,Medium,Phone,6.43,4,0,23.37,4,Resolved
ADM09737,IT,Student ID Issue,Medium,Phone,6.7,3,0,17.64,4,Pending
ADM09738,Registrar,Password Reset,High,Phone,2.18,3,1,19.27,5,Resolved
ADM09739,Finance,Library Issue,Medium,Walk-in,2.66,2,0,14.04,4,Resolved
ADM09740,IT,Application Issue,Critical,Phone,0.97,5,0,25.84,3,Pending
ADM09741,Registrar,Exam or Assessment Issue,Low,Helpdesk,22.49,3,1,56.04,1,Escalated
ADM09742,Registrar,Payment Issue,High,Helpdesk,3.56,3,0,37.12,2,Resolved
ADM09743,Student Affairs,Password Reset,Medium,Email,5.92,3,0,13.13,3,Resolved
ADM09744,IT,Graduation Clearance,High,Helpdesk,3.29,3,0,36.4,4,Pending
ADM09745,Finance,Graduation Clearance,Medium,Portal,6.47,3,0,34.82,3,Resolved
ADM09746,IT,Exam or Assessment Issue,High,Phone,4.61,3,0,31.17,3,Resolved
ADM09747,Library,Portal Access,Low,Walk-in,8.48,5,0,18.62,4,Resolved
ADM09748,Finance,Graduation Clearance,Medium,Portal,9.11,2,0,39.88,2,Resolved
ADM09749,Registrar,Portal Access,Medium,Email,7.51,6,0,22.23,3,Resolved
ADM09750,Academic Affairs,Fee Statement,High,Helpdesk,1.07,2,0,22.93,3,Resolved
ADM09751,Finance,Exam or Assessment Issue,Medium,Email,4.98,4,1,42.54,4,Escalated
ADM09752,Registrar,Student ID Issue,High,Portal,2.46,3,0,12.28,3,Resolved
ADM09753,Admissions,Payment Issue,Medium,Portal,2.66,4,1,42.77,3,Escalated
ADM09754,Library,Application Issue,Medium,Email,6.43,5,0,35.09,2,Resolved
ADM09755,Finance,Accommodation Request,Low,Walk-in,9.19,7,0,44.01,4,Resolved
ADM09756,Finance,Library Issue,High,Email,2.56,5,0,14.2,5,Resolved
ADM09757,Finance,Fee Statement,Low,Helpdesk,12.78,4,0,38.73,2,Resolved
ADM09758,Academic Affairs,Portal Access,High,Helpdesk,2.85,4,0,12.92,4,Resolved
ADM09759,Registrar,Student ID Issue,Medium,Phone,8.77,7,1,36.2,2,Resolved
ADM09760,IT,Course Registration,Medium,Phone,8.25,5,0,32.28,2,Resolved
ADM09761,Academic Affairs,Fee Statement,Medium,Portal,8.98,4,0,35.06,4,Resolved
ADM09762,Registrar,Student ID Issue,Medium,Portal,6.58,2,0,17.0,5,Pending
ADM09763,Academic Affairs,Graduation Clearance,High,Portal,3.27,3,0,33.47,2,Resolved
ADM09764,Academic Affairs,Password Reset,Medium,Helpdesk,5.44,3,1,20.87,3,Resolved
ADM09765,Student Affairs,Password Reset,Low,Portal,18.34,4,0,24.81,2,Resolved
ADM09766,Registrar,Transcript Request,Critical,Walk-in,0.57,4,0,23.12,4,Resolved
ADM09767,IT,Fee Statement,Medium,Portal,5.8,5,0,33.72,4,Resolved
ADM09768,Library,Password Reset,High,Portal,3.71,4,0,10.7,4,Resolved
ADM09769,Academic Affairs,Graduation Clearance,Medium,Email,8.22,2,0,37.32,4,Resolved
ADM09770,Registrar,Portal Access,High,Portal,1.62,6,0,15.38,5,Resolved
ADM09771,Library,Password Reset,Low,Helpdesk,7.63,1,1,19.26,3,Escalated
ADM09772,Finance,Student ID Issue,Medium,Phone,4.31,3,0,13.42,5,Resolved
ADM09773,Registrar,Accommodation Request,Medium,Walk-in,9.36,5,0,44.59,4,Resolved
ADM09774,Admissions,Library Issue,Medium,Walk-in,3.03,3,0,12.09,3,Resolved
ADM09775,Library,Portal Access,Critical,Email,1.92,3,1,20.29,5,Resolved
ADM09776,Admissions,Graduation Clearance,Low,Email,23.9,6,0,65.88,1,Resolved
ADM09777,Admissions,Payment Issue,High,Portal,4.03,6,0,36.92,4,Resolved
ADM09778,Academic Affairs,Student ID Issue,Medium,Portal,8.08,3,1,27.19,2,Escalated
ADM09779,Finance,Accommodation Request,Medium,Email,9.63,6,0,43.34,4,Resolved
ADM09780,IT,Password Reset,Medium,Email,4.32,4,1,27.96,2,Resolved
ADM09781,Finance,Application Issue,Medium,Helpdesk,3.03,4,0,25.61,2,Resolved
ADM09782,Finance,Transcript Request,Medium,Portal,8.58,5,1,40.36,2,Escalated
ADM09783,IT,Accommodation Request,Medium,Portal,3.37,3,1,39.73,4,Resolved
ADM09784,Academic Affairs,Password Reset,High,Portal,0.7,6,1,27.39,2,Resolved
ADM09785,Admissions,Accommodation Request,Low,Email,7.93,5,0,38.54,4,Resolved
ADM09786,Library,Exam or Assessment Issue,Medium,Portal,5.5,4,0,31.26,3,Resolved
ADM09787,Registrar,Accommodation Request,Medium,Email,5.96,3,1,44.38,2,Resolved
ADM09788,Registrar,Student ID Issue,High,Helpdesk,0.78,7,0,19.05,3,Resolved
ADM09789,Admissions,Application Issue,Low,Email,12.87,5,0,44.95,3,Resolved
ADM09790,Registrar,Password Reset,High,Walk-in,3.22,5,0,9.58,3,Resolved
ADM09791,Finance,Application Issue,Low,Phone,22.64,4,0,51.67,3,Resolved
ADM09792,Admissions,Fee Statement,Medium,Portal,3.82,6,0,31.79,2,Resolved
ADM09793,Registrar,Student ID Issue,Low,Helpdesk,8.22,6,0,25.08,2,Resolved
ADM09794,Finance,Library Issue,Medium,Email,5.12,9,0,22.88,3,Resolved
ADM09795,Admissions,Library Issue,High,Email,4.93,2,0,13.74,5,Resolved
ADM09796,IT,Accommodation Request,Medium,Portal,4.69,2,0,29.15,2,Pending
ADM09797,Academic Affairs,Exam or Assessment Issue,Low,Walk-in,4.88,4,1,40.98,4,Resolved
ADM09798,IT,Graduation Clearance,Low,Email,9.31,5,0,47.44,3,Resolved
ADM09799,Admissions,Portal Access,Medium,Email,6.47,6,0,20.96,3,Resolved
ADM09800,Academic Affairs,Transcript Request,High,Portal,2.36,1,0,17.26,3,Resolved
ADM09801,Library,Fee Statement,High,Phone,3.98,6,0,24.98,2,Resolved
ADM09802,Registrar,Exam or Assessment Issue,Medium,Email,6.86,2,0,30.59,4,Pending
ADM09803,Registrar,Graduation Clearance,Medium,Portal,6.48,3,0,36.03,3,Resolved
ADM09804,IT,Student ID Issue,High,Portal,1.95,3,1,27.11,3,Resolved
ADM09805,IT,Exam or Assessment Issue,Medium,Email,6.41,4,0,31.81,2,Resolved
ADM09806,Library,Portal Access,High,Phone,3.27,7,0,19.81,3,Resolved
ADM09807,Library,Course Registration,Medium,Portal,3.43,4,0,24.51,3,Resolved
ADM09808,IT,Transcript Request,Medium,Walk-in,7.89,5,0,30.95,2,Resolved
ADM09809,Academic Affairs,Library Issue,High,Phone,2.27,6,0,17.0,4,Resolved
ADM09810,Admissions,Exam or Assessment Issue,Medium,Email,7.94,6,0,37.17,3,Resolved
ADM09811,Registrar,Library Issue,High,Portal,1.3,7,0,24.02,4,Resolved
ADM09812,Student Affairs,Portal Access,Low,Helpdesk,17.13,3,0,28.01,2,Resolved
ADM09813,Finance,Fee Statement,Medium,Portal,2.22,2,1,39.83,2,Resolved
ADM09814,Library,Transcript Request,Medium,Portal,3.27,4,0,21.24,3,Pending
ADM09815,Academic Affairs,Portal Access,Medium,Phone,9.13,5,0,22.17,5,Resolved
ADM09816,IT,Course Registration,High,Email,2.58,7,0,26.85,4,Resolved
ADM09817,IT,Student ID Issue,Medium,Phone,6.06,3,0,16.75,5,Resolved
ADM09818,Admissions,Portal Access,Medium,Phone,9.26,5,1,32.78,4,Resolved
ADM09819,Finance,Accommodation Request,Critical,Portal,1.07,7,0,37.01,3,Resolved
ADM09820,Finance,Password Reset,High,Email,3.45,4,0,12.98,5,Resolved
ADM09821,IT,Accommodation Request,Medium,Helpdesk,3.78,7,0,36.48,4,Resolved
ADM09822,Library,Transcript Request,Medium,Email,2.65,5,0,21.76,4,Resolved
ADM09823,IT,Exam or Assessment Issue,Medium,Portal,4.83,5,0,28.75,3,Pending
ADM09824,Registrar,Application Issue,High,Walk-in,4.09,3,1,35.32,2,Resolved
ADM09825,Admissions,Accommodation Request,Medium,Email,5.57,6,0,45.33,2,Resolved
ADM09826,Library,Password Reset,High,Helpdesk,1.26,5,0,9.22,3,Resolved
ADM09827,Admissions,Accommodation Request,Medium,Portal,6.36,4,0,40.57,3,Resolved
ADM09828,Admissions,Exam or Assessment Issue,Low,Portal,9.28,5,0,38.57,2,Resolved
ADM09829,Library,Portal Access,Low,Portal,22.93,2,0,28.81,3,Resolved
ADM09830,IT,Password Reset,Medium,Helpdesk,6.62,3,0,16.28,4,Resolved
ADM09831,Admissions,Student ID Issue,Medium,Helpdesk,9.86,5,0,23.14,4,Resolved
ADM09832,Student Affairs,Application Issue,Medium,Portal,2.34,3,0,26.06,3,Resolved
ADM09833,Registrar,Portal Access,Medium,Portal,2.09,5,0,13.63,3,Pending
ADM09834,Academic Affairs,Course Registration,Low,Portal,13.54,3,0,28.55,2,Resolved
ADM09835,Registrar,Course Registration,Medium,Portal,8.9,4,0,31.04,4,Pending
ADM09836,Registrar,Transcript Request,Medium,Email,6.2,5,0,26.82,4,Resolved
ADM09837,Student Affairs,Exam or Assessment Issue,High,Walk-in,4.44,4,0,34.06,4,Resolved
ADM09838,Finance,Payment Issue,Medium,Helpdesk,3.04,3,0,42.36,2,Resolved
ADM09839,IT,Exam or Assessment Issue,High,Walk-in,3.65,5,0,34.85,3,Resolved
ADM09840,Student Affairs,Accommodation Request,Medium,Portal,7.28,4,0,38.14,2,Resolved
ADM09841,Student Affairs,Password Reset,Medium,Walk-in,6.36,9,0,19.4,4,Resolved
ADM09842,Academic Affairs,Portal Access,Low,Helpdesk,12.1,3,1,28.94,3,Escalated
ADM09843,Finance,Course Registration,Critical,Portal,1.36,9,0,29.81,3,Resolved
ADM09844,IT,Application Issue,Medium,Helpdesk,6.4,6,0,30.66,4,Resolved
ADM09845,Registrar,Exam or Assessment Issue,Medium,Email,4.18,3,0,36.83,3,Resolved
ADM09846,Admissions,Graduation Clearance,High,Email,0.97,4,0,34.35,3,Resolved
ADM09847,Student Affairs,Payment Issue,Medium,Email,5.09,1,1,52.61,2,Resolved
ADM09848,Finance,Application Issue,Medium,Email,6.1,4,0,29.94,4,Resolved
ADM09849,IT,Exam or Assessment Issue,High,Portal,2.79,4,0,30.38,3,Resolved
ADM09850,Admissions,Accommodation Request,High,Helpdesk,2.42,2,1,36.89,4,Escalated
ADM09851,IT,Graduation Clearance,High,Phone,1.97,2,0,28.93,3,Resolved
ADM09852,Academic Affairs,Fee Statement,High,Phone,2.08,7,0,33.4,2,Resolved
ADM09853,Registrar,Payment Issue,Medium,Portal,4.13,1,0,35.41,2,Resolved
ADM09854,IT,Library Issue,High,Portal,3.11,4,0,21.57,5,Resolved
ADM09855,Student Affairs,Fee Statement,Medium,Portal,8.8,7,1,48.56,2,Resolved
ADM09856,Admissions,Fee Statement,Medium,Portal,9.04,5,0,31.31,2,Resolved
ADM09857,Registrar,Accommodation Request,Medium,Phone,9.95,4,1,49.66,2,Resolved
ADM09858,IT,Application Issue,High,Portal,0.9,6,0,26.8,3,Resolved
ADM09859,Finance,Student ID Issue,High,Portal,1.46,4,0,14.65,3,Resolved
ADM09860,Registrar,Course Registration,Medium,Walk-in,7.84,3,0,21.87,5,Resolved
ADM09861,Student Affairs,Password Reset,Low,Email,16.9,4,0,24.01,2,Resolved
ADM09862,Admissions,Password Reset,Medium,Portal,3.07,2,0,8.26,4,Resolved
ADM09863,Academic Affairs,Portal Access,Critical,Helpdesk,1.34,3,0,6.34,5,Resolved
ADM09864,Library,Portal Access,Low,Helpdesk,12.13,3,0,19.8,4,Resolved
ADM09865,IT,Fee Statement,Medium,Email,9.65,3,0,36.33,2,Resolved
ADM09866,Registrar,Fee Statement,Medium,Portal,8.84,5,1,46.0,2,Resolved
ADM09867,Admissions,Student ID Issue,High,Portal,0.83,5,0,17.61,3,Resolved
ADM09868,Registrar,Exam or Assessment Issue,High,Email,0.9,2,0,22.32,3,Resolved
ADM09869,Academic Affairs,Accommodation Request,High,Portal,2.38,3,0,29.89,4,Resolved
ADM09870,Registrar,Course Registration,Medium,Portal,2.07,4,1,27.48,3,Resolved
ADM09871,Finance,Password Reset,High,Phone,0.92,3,0,8.96,5,Resolved
ADM09872,Admissions,Graduation Clearance,Medium,Email,9.46,2,0,35.52,2,Resolved
ADM09873,Finance,Exam or Assessment Issue,Medium,Helpdesk,8.34,2,1,44.84,2,Resolved
ADM09874,Registrar,Student ID Issue,High,Portal,3.53,4,0,18.83,3,Resolved
ADM09875,IT,Password Reset,Medium,Phone,8.64,4,0,17.91,3,Resolved
ADM09876,Registrar,Library Issue,High,Phone,1.63,10,0,23.54,4,Resolved
ADM09877,Registrar,Portal Access,Medium,Helpdesk,7.8,6,0,24.82,3,Resolved
ADM09878,Finance,Library Issue,Medium,Helpdesk,6.92,3,1,27.87,4,Resolved
ADM09879,IT,Course Registration,Medium,Phone,8.79,3,0,25.52,2,Resolved
ADM09880,IT,Course Registration,Medium,Phone,4.26,3,0,21.94,3,Resolved
ADM09881,Admissions,Accommodation Request,Low,Phone,19.27,4,0,46.01,4,Resolved
ADM09882,IT,Graduation Clearance,Low,Portal,21.05,5,1,71.24,3,Resolved
ADM09883,Finance,Payment Issue,High,Email,2.97,7,0,44.36,2,Resolved
ADM09884,Academic Affairs,Fee Statement,High,Portal,2.36,5,0,29.94,4,Resolved
ADM09885,Registrar,Portal Access,Low,Phone,22.97,4,0,31.9,3,Resolved
ADM09886,IT,Student ID Issue,Medium,Email,3.35,7,0,20.08,4,Resolved
ADM09887,Student Affairs,Graduation Clearance,Medium,Portal,2.29,3,0,35.38,2,Resolved
ADM09888,Library,Graduation Clearance,Medium,Portal,3.43,8,0,43.42,2,Resolved
ADM09889,Registrar,Accommodation Request,Medium,Portal,7.47,3,0,37.7,2,Resolved
ADM09890,Finance,Student ID Issue,Medium,Helpdesk,8.31,5,0,21.62,3,Resolved
ADM09891,IT,Exam or Assessment Issue,Medium,Email,7.73,5,0,34.41,4,Resolved
ADM09892,Registrar,Payment Issue,High,Walk-in,2.39,2,0,33.54,4,Resolved
ADM09893,Student Affairs,Accommodation Request,Medium,Phone,9.74,6,0,39.89,3,Resolved
ADM09894,IT,Application Issue,Medium,Email,5.55,8,0,37.88,3,Resolved
ADM09895,IT,Password Reset,Medium,Phone,9.85,5,0,25.79,3,Resolved
ADM09896,Registrar,Fee Statement,Medium,Portal,9.34,3,1,42.09,3,Resolved
ADM09897,IT,Fee Statement,High,Portal,2.33,1,0,18.37,4,Resolved
ADM09898,IT,Graduation Clearance,Medium,Portal,3.29,8,0,42.69,3,Pending
ADM09899,Student Affairs,Fee Statement,High,Helpdesk,0.9,5,1,36.96,3,Resolved
ADM09900,Registrar,Library Issue,Medium,Helpdesk,6.25,3,0,22.89,5,Pending
ADM09901,Registrar,Portal Access,Medium,Helpdesk,8.11,6,0,25.74,3,Pending
ADM09902,Finance,Accommodation Request,High,Helpdesk,1.29,3,1,40.56,4,Resolved
ADM09903,Registrar,Accommodation Request,High,Email,1.93,5,0,37.69,4,Resolved
ADM09904,IT,Library Issue,Medium,Portal,7.04,4,1,27.44,3,Resolved
ADM09905,Academic Affairs,Course Registration,Medium,Helpdesk,5.69,5,0,24.75,4,Pending
ADM09906,Finance,Portal Access,High,Walk-in,3.22,3,0,16.02,3,Resolved
ADM09907,Student Affairs,Payment Issue,Medium,Portal,7.41,6,1,54.63,2,Resolved
ADM09908,Registrar,Payment Issue,Low,Walk-in,11.61,1,0,38.37,2,Resolved
ADM09909,Registrar,Fee Statement,Medium,Email,8.29,3,0,28.53,2,Resolved
ADM09910,Registrar,Graduation Clearance,Low,Portal,18.06,4,0,54.16,3,Resolved
ADM09911,Finance,Accommodation Request,Medium,Portal,7.5,4,0,35.24,3,Pending
ADM09912,Student Affairs,Transcript Request,Medium,Portal,3.2,5,0,21.76,3,Resolved
ADM09913,Registrar,Course Registration,High,Phone,2.63,4,1,26.64,3,Resolved
ADM09914,IT,Student ID Issue,Medium,Helpdesk,6.62,5,0,22.08,4,Resolved
ADM09915,Admissions,Fee Statement,Medium,Email,3.81,3,1,43.17,2,Escalated
ADM09916,Academic Affairs,Payment Issue,High,Walk-in,3.91,5,0,41.16,2,Resolved
ADM09917,Registrar,Payment Issue,Medium,Phone,2.97,3,0,36.8,3,Resolved
ADM09918,Registrar,Portal Access,Low,Phone,7.0,2,0,14.03,4,Resolved
ADM09919,Registrar,Course Registration,High,Portal,2.36,3,0,12.17,4,Resolved
ADM09920,Admissions,Course Registration,Low,Helpdesk,6.71,3,0,23.22,5,Resolved
ADM09921,Finance,Transcript Request,Low,Portal,4.23,5,1,38.76,4,Resolved
ADM09922,Student Affairs,Payment Issue,Low,Email,12.23,4,0,48.96,2,Resolved
ADM09923,IT,Password Reset,Medium,Phone,7.19,4,0,16.62,4,Resolved
ADM09924,IT,Portal Access,High,Email,2.73,2,1,19.07,3,Resolved
ADM09925,Admissions,Exam or Assessment Issue,High,Portal,0.73,8,0,29.07,2,Resolved
ADM09926,Registrar,Accommodation Request,Medium,Email,3.86,3,1,40.48,4,Resolved
ADM09927,Admissions,Password Reset,Critical,Portal,1.14,5,1,22.58,5,Resolved
ADM09928,Academic Affairs,Graduation Clearance,Medium,Portal,7.9,4,0,43.13,2,Resolved
ADM09929,Student Affairs,Application Issue,Medium,Email,8.35,6,0,38.42,4,Resolved
ADM09930,Student Affairs,Portal Access,High,Walk-in,2.84,3,0,13.24,4,Pending
ADM09931,Student Affairs,Student ID Issue,High,Portal,3.41,3,0,15.25,5,Resolved
ADM09932,Registrar,Accommodation Request,Low,Portal,22.07,1,0,50.35,3,Resolved
ADM09933,Finance,Course Registration,High,Helpdesk,0.79,4,0,20.77,4,Resolved
ADM09934,Registrar,Exam or Assessment Issue,Medium,Portal,2.79,7,0,39.48,3,Resolved
ADM09935,Finance,Accommodation Request,Medium,Phone,5.66,1,0,33.49,3,Resolved
ADM09936,Registrar,Portal Access,Medium,Portal,6.88,5,1,28.22,2,Escalated
ADM09937,Admissions,Graduation Clearance,High,Portal,0.52,8,0,44.24,3,Resolved
ADM09938,IT,Payment Issue,Low,Phone,13.05,5,1,64.1,1,Escalated
ADM09939,Student Affairs,Graduation Clearance,Low,Email,7.46,4,0,42.76,4,Resolved
ADM09940,Library,Application Issue,Low,Phone,16.9,3,0,44.38,4,Pending
ADM09941,Academic Affairs,Course Registration,Medium,Portal,4.14,4,0,21.79,5,Resolved
ADM09942,Registrar,Password Reset,Low,Portal,22.04,4,0,27.29,3,Resolved
ADM09943,Registrar,Library Issue,High,Phone,0.79,3,0,17.57,5,Resolved
ADM09944,IT,Exam or Assessment Issue,Medium,Portal,8.47,6,0,43.65,2,Resolved
ADM09945,Finance,Application Issue,Low,Phone,11.85,2,0,29.01,4,Resolved
ADM09946,Finance,Transcript Request,Medium,Portal,8.86,2,0,25.07,4,Resolved
ADM09947,Finance,Library Issue,High,Email,4.17,5,1,32.42,2,Escalated
ADM09948,Finance,Student ID Issue,High,Phone,1.58,5,0,9.66,3,Resolved
ADM09949,Admissions,Password Reset,High,Helpdesk,0.73,2,0,10.73,3,Resolved
ADM09950,Admissions,Student ID Issue,Low,Portal,17.91,3,1,43.97,2,Resolved
ADM09951,Admissions,Accommodation Request,High,Walk-in,1.42,3,0,25.68,2,Resolved
ADM09952,IT,Payment Issue,Medium,Portal,9.44,6,1,60.6,3,Resolved
ADM09953,Finance,Exam or Assessment Issue,Medium,Walk-in,2.54,8,0,34.89,3,Resolved
ADM09954,Finance,Accommodation Request,Critical,Email,0.78,4,0,30.16,3,Resolved
ADM09955,Registrar,Payment Issue,High,Email,0.56,2,0,29.02,3,Resolved
ADM09956,Finance,Fee Statement,High,Email,1.93,4,1,37.16,2,Resolved
ADM09957,Library,Exam or Assessment Issue,Low,Helpdesk,14.83,6,0,46.93,4,Resolved
ADM09958,Library,Fee Statement,Medium,Portal,7.24,5,0,31.66,2,Resolved
ADM09959,IT,Student ID Issue,High,Portal,3.77,3,1,28.68,3,Escalated
ADM09960,Finance,Transcript Request,Medium,Walk-in,8.67,5,0,37.36,4,Resolved
ADM09961,IT,Student ID Issue,Low,Email,6.22,5,0,19.15,4,Resolved
ADM09962,IT,Fee Statement,High,Portal,3.93,3,0,22.87,5,Resolved
ADM09963,Admissions,Library Issue,Low,Phone,9.57,4,1,27.56,4,Escalated
ADM09964,Admissions,Exam or Assessment Issue,High,Portal,1.12,4,0,34.47,3,Resolved
ADM09965,Admissions,Library Issue,High,Email,1.7,5,0,16.2,3,Resolved
ADM09966,IT,Transcript Request,Medium,Phone,8.86,4,0,29.93,2,Resolved
ADM09967,IT,Exam or Assessment Issue,Medium,Portal,7.02,2,0,30.22,3,Resolved
ADM09968,Registrar,Transcript Request,Medium,Email,6.78,6,0,28.87,3,Resolved
ADM09969,Library,Transcript Request,High,Email,3.13,4,1,35.86,4,Resolved
ADM09970,Registrar,Student ID Issue,Medium,Email,5.27,4,0,16.79,4,Resolved
ADM09971,Registrar,Password Reset,Medium,Portal,5.34,5,0,9.87,5,Resolved
ADM09972,Academic Affairs,Portal Access,High,Email,1.17,4,0,12.01,5,Resolved
ADM09973,Academic Affairs,Graduation Clearance,Medium,Portal,4.66,4,0,35.88,4,Resolved
ADM09974,Registrar,Exam or Assessment Issue,Medium,Walk-in,6.1,5,0,37.74,4,Resolved
ADM09975,Admissions,Course Registration,High,Walk-in,3.23,5,1,31.27,3,Resolved
ADM09976,Registrar,Transcript Request,Critical,Walk-in,0.33,2,0,15.86,3,Resolved
ADM09977,Admissions,Course Registration,Low,Phone,10.68,7,0,31.26,3,Resolved
ADM09978,Student Affairs,Graduation Clearance,Low,Portal,10.79,4,0,39.73,3,Pending
ADM09979,Academic Affairs,Exam or Assessment Issue,Medium,Portal,6.12,4,1,45.96,2,Resolved
ADM09980,IT,Password Reset,High,Helpdesk,3.7,2,0,13.68,3,Resolved
ADM09981,Finance,Portal Access,Medium,Helpdesk,7.08,5,0,20.56,3,Resolved
ADM09982,IT,Transcript Request,Critical,Phone,1.23,1,1,27.7,4,Resolved
ADM09983,Finance,Transcript Request,Low,Portal,9.83,4,0,30.57,4,Pending
ADM09984,Student Affairs,Transcript Request,Low,Phone,20.78,8,1,56.52,1,Escalated
ADM09985,Student Affairs,Library Issue,Low,Email,19.71,5,0,31.81,4,Resolved
ADM09986,IT,Password Reset,High,Helpdesk,1.33,6,0,15.83,5,Resolved
ADM09987,Finance,Course Registration,Low,Portal,17.1,3,0,32.12,3,Resolved
ADM09988,Finance,Payment Issue,Medium,Portal,9.25,5,0,46.67,2,Resolved
ADM09989,Registrar,Exam or Assessment Issue,Medium,Email,5.48,3,0,37.49,2,Resolved
ADM09990,Student Affairs,Payment Issue,High,Email,4.66,6,0,42.77,4,Resolved
ADM09991,Admissions,Password Reset,Low,Email,4.44,2,0,10.42,5,Resolved
ADM09992,Finance,Transcript Request,High,Email,2.82,2,0,28.16,2,Resolved
ADM09993,Admissions,Payment Issue,Medium,Portal,4.05,4,0,38.57,2,Resolved
ADM09994,Student Affairs,Course Registration,High,Email,1.68,4,0,22.65,3,Resolved
ADM09995,Registrar,Exam or Assessment Issue,High,Helpdesk,4.45,8,0,37.36,2,Resolved
ADM09996,Student Affairs,Exam or Assessment Issue,Medium,Portal,4.49,7,0,40.3,2,Resolved
ADM09997,Student Affairs,Payment Issue,Critical,Portal,0.24,4,1,48.16,1,Escalated
ADM09998,Academic Affairs,Exam or Assessment Issue,Low,Portal,14.79,7,0,55.1,2,Resolved
ADM09999,Finance,Course Registration,High,Email,4.87,2,1,25.21,3,Escalated
ADM10000,Registrar,Transcript Request,Medium,Helpdesk,2.63,2,0,18.84,3,Resolved
